reservoir,value
1,41148.447762559954
2,3020.0634420986516
3,14843.75646556746
4,10542.202947716309
