reservoir,value
1,66803.97120502335
2,13255.478744576867
3,4942.85646556746
4,2912.302947716309
