reservoir,value
1,35740.690116648795
2,5845.879572903734
3,8894.168599162165
4,13463.433207018375
