reservoir,value
1,69424.76968955253
2,0.0
3,12465.968599162172
4,11105.033207018376
