reservoir,value
1,17841.47838352758
2,54224.727131979
3,3939.216540069552
4,5794.692602113208
