reservoir,value
1,93655.80399162872
2,19617.2
3,20545.919455832744
4,12744.9
