reservoir,value
1,29902.607917214205
2,7974.837159412448
3,7349.844472011161
4,5459.813884587138
