reservoir,value
1,22019.077938812537
2,13376.258878958279
3,1987.0526670115796
4,2519.375574792642
