reservoir,value
1,19779.738921328026
2,294.75887895827873
3,3986.200126824888
4,672.3179274007102
