reservoir,value
1,65549.51038801264
2,10645.110224953438
3,16442.260488850632
4,11836.20711335259
