reservoir,value
1,186377.23135463512
2,11124.48819210709
3,31784.311474780417
4,9424.316830691238
