reservoir,value
1,50072.811081755455
2,10085.734585501963
3,15667.748161163476
4,19268.99364365087
