reservoir,value
1,123786.4870207507
2,0.0
3,17765.677714072397
4,4241.265571815514
