reservoir,value
1,12773.83149499994
2,5220.648800245018
3,3808.1632240232752
4,2595.390525453301
