reservoir,value
1,39184.77168746483
2,0.0
3,30057.74535672941
4,8874.078111230088
