from,to,value
1,1,0.0
1,2,4471.787648116018
1,3,600.0
1,4,0.0
1,5,156.2592515261452
2,1,0.0
2,2,0.0
2,3,0.0
2,4,0.0
2,5,0.0
3,1,0.0
3,2,0.0
3,3,0.0
3,4,0.0
3,5,0.0
4,1,0.0
4,2,0.0
4,3,0.0
4,4,0.0
4,5,2079.7407484737764
5,1,0.0
5,2,0.0
5,3,2236.0
5,4,0.0
5,5,0.0
