reservoir,value
1,13986.941964830652
2,11306.037648116018
3,3259.9845437978965
4,1943.2466529698993
