reservoir,value
1,9455.990535416548
2,0.0
3,1404.9055736375558
4,4166.288328846624
