reservoir,value
1,26456.9366499211
2,68430.32245115774
3,5318.350146977931
4,10185.532665166897
