reservoir,value
1,0.0
2,52745.54105654589
3,0.0
4,2555.632665166897
