reservoir,value
1,39838.50508661131
2,19617.2
3,40120.990965498815
4,12744.9
