reservoir,value
1,33867.78566340228
2,24238.793101056184
3,3928.2862714645694
4,1957.9031705931902
