reservoir,value
1,17827.39307642804
2,8007.460901052451
3,4667.004989378932
4,2889.2882572392277
