reservoir,value
1,53481.46412947704
2,0.0
3,38968.04010477365
4,6524.694030261033
