reservoir,value
1,14284.502073806294
2,17392.911927568523
3,4470.0754654676775
4,1631.7650087413226
