reservoir,value
1,34829.06987759007
2,4311.4119275685225
3,11908.544139881324
4,6901.2639385852435
