reservoir,value
1,41492.977544511064
2,8019.9078300615265
3,15179.534623902968
4,16456.738353325192
