reservoir,value
1,113211.24462370801
2,0.0
3,32387.00208093603
4,12008.356757311205
