reservoir,value
1,32784.953797811926
2,7093.483930300696
3,5012.474352674631
4,7063.042962758526
