reservoir,value
1,160543.0789174959
2,0.0
3,19750.547614687373
4,12744.9
