reservoir,value
1,24582.95692063767
2,42028.49891373847
3,3774.8347762043068
4,2868.210177857542
