reservoir,value
1,46646.395210650844
2,7458.817469626181
3,16624.71678737641
4,11617.69100340658
