reservoir,value
1,80502.19521065075
2,252.2174696261809
3,19682.516787376408
4,6758.4579101541085
