reservoir,value
1,21255.64477137994
2,5985.308704815547
3,5701.818596664064
4,3858.7744616753034
