from,to,value
1,1,0.0
1,2,1094.7374915256987
1,3,522.0518794593496
1,4,0.0
1,5,1984.0791909658722
2,1,2063.0019832693147
2,2,0.0
2,3,0.0
2,4,0.0
2,5,0.0
3,1,80.0
3,2,0.0
3,3,0.0
3,4,0.0
3,5,316.08
4,1,0.0
4,2,0.0
4,3,0.0
4,4,0.0
4,5,0.0
5,1,203.60800000000015
5,2,0.0
5,3,820.2991909659971
5,4,1276.2519999999977
5,5,0.0
