reservoir,value
1,44113.86058892546
2,6874.449390571805
3,12530.281956169807
4,17115.485787679354
