reservoir,value
1,11.01165921361855
2,15.556093868005737
3,505.65239221248385
4,5953.340517560802
