reservoir,value
1,127240.5021606274
2,1015.4705734569123
3,26694.09171037066
4,11640.575404692134
