reservoir,value
1,20825.707220878714
2,20244.545925556187
3,2410.8773852537415
4,1549.8324837305072
