reservoir,value
1,42371.65563343104
2,19617.2
3,2470.272031310871
4,1784.5019211177885
