from,to,value
1,1,0.0
1,2,2388.8119529245105
1,3,0.0
1,4,0.0
1,5,0.0
2,1,0.0
2,2,0.0
2,3,0.0
2,4,0.0
2,5,0.0
3,1,935.1808112565293
3,2,0.0
3,3,0.0
3,4,0.0
3,5,292.0569509612045
4,1,0.0
4,2,0.0
4,3,0.0
4,4,0.0
4,5,0.0
5,1,0.0
5,2,0.0
5,3,0.0
5,4,292.0569509611232
5,5,0.0
