reservoir,value
1,22104.75800971264
2,9346.561952924774
3,4733.4242081915145
4,9261.225005424543
