reservoir,value
1,77145.54418585633
2,0.0
3,12841.431841765952
4,12744.9
