reservoir,value
1,23713.272577799617
2,9548.969326038932
3,3430.3701205089947
4,3815.9088555011967
