reservoir,value
1,69943.90341857243
2,0.0
3,8456.755133583129
4,8930.90885550458
