reservoir,value
1,61869.06036983463
2,14498.632701485043
3,19255.375737138107
4,17642.816443392177
