reservoir,value
1,93278.14146980704
2,7292.032701485043
3,22213.67573713811
4,12744.9
