reservoir,value
1,21461.78573969175
2,18822.446385098236
3,2894.2331627914537
4,1722.1241403942508
