reservoir,value
1,77948.24405187968
2,5740.946385098236
3,3183.53771643131
4,6505.364288331753
