reservoir,value
1,19353.735486655267
2,4732.870525591614
3,3571.3086271927905
4,4699.2001088447005
