reservoir,value
1,128031.66869587736
2,0.0
3,9647.747285312467
4,12744.9
