reservoir,value
1,30009.99331619807
2,7791.798265617468
3,2903.4865972420284
4,4176.68612074223
