reservoir,value
1,153708.35137162587
2,0.0
3,18204.278663719266
4,5823.806041349963
