reservoir,value
1,10433.86360333896
2,6185.56066362039
3,2682.14018671526
4,2419.1212413079843
