reservoir,value
1,59036.4850268212
2,0.0
3,8691.675656166171
4,7063.439457552935
