reservoir,value
1,38690.75074169871
2,33463.243299517955
3,24824.81137865488
4,15258.150986090808
