reservoir,value
1,0.0
2,20381.743299517955
3,6631.255054878653
4,1517.340140277669
