from,to,value
1,1,0.0
1,2,0.0
1,3,217.20196413805957
1,4,0.0
1,5,0.0
2,1,3136.5491933354742
2,2,0.0
2,3,0.0
2,4,0.0
2,5,0.0
3,1,0.0
3,2,0.0
3,3,0.0
3,4,0.0
3,5,0.0
4,1,0.0
4,2,0.0
4,3,0.0
4,4,0.0
4,5,979.3980358619408
5,1,0.0
5,2,0.0
5,3,979.3980358619408
5,4,0.0
5,5,0.0
