reservoir,value
1,37874.62218567437
2,5625.890806664526
3,4020.1938889945673
4,5689.60196413808
