reservoir,value
1,185359.64417723718
2,0.0
3,12252.91926810795
4,12744.9
