reservoir,value
1,40098.62170036139
2,5806.630799501361
3,7046.887706113674
4,17721.44694439776
