reservoir,value
1,113552.76681875362
2,0.0
3,34412.93022160037
4,12744.9
