reservoir,value
1,20246.258057015
2,4528.405442560037
3,4396.244199771865
4,5696.9188462598995
