reservoir,value
1,69313.51681398595
2,0.0
3,11216.255768167743
4,12744.9
