reservoir,value
1,21432.99940714064
2,9670.323678441677
3,4710.214270047755
4,3328.343303044365
