reservoir,value
1,98727.52123175815
2,0.0
3,11686.328325643604
4,12744.9
