reservoir,value
1,35279.70025319854
2,5943.873915059261
3,11119.397611422024
4,8226.784331454854
