reservoir,value
1,0.0
2,0.0
3,1218.4976114220244
4,596.884331454854
