reservoir,value
1,111950.41424051364
2,899.0617396125764
3,51806.1
4,12744.9
