reservoir,value
1,32046.86614177944
2,3588.637870959311
3,6457.097913738911
4,9058.38862227557
