reservoir,value
1,105771.37859097388
2,0.0
3,27775.615196197876
4,12744.9
