reservoir,value
1,24545.49335673441
2,13115.116891499263
3,4625.001418797549
4,5787.892206430207
