reservoir,value
1,123068.46866791649
2,33.61689149926315
3,9666.50152394561
4,12744.9
