reservoir,value
1,15620.724237991812
2,14388.229280305572
3,2569.970668574494
4,1853.3317005913161
