reservoir,value
1,21989.77114069442
2,1354.2292803051841
3,3267.823519495411
4,885.2531447316769
