reservoir,value
1,58568.77846215083
2,7688.832388400156
3,15889.327699185957
4,12009.693747407055
