reservoir,value
1,91107.07846215084
2,482.2323884001553
3,18847.627699185956
4,0.0
