reservoir,value
1,23709.51988236684
2,6495.846749160877
3,4312.79191657567
4,2282.303654449986
