reservoir,value
1,11858.264377447922
2,0.0
3,0.0
4,2785.2066496166385
