reservoir,value
1,33444.57625976193
2,14757.730333151558
3,8546.612523216527
4,5755.264674471399
