reservoir,value
1,98512.18654849156
2,1676.2303331515577
3,50451.812523216526
4,12744.9
