reservoir,value
1,58402.217330896514
2,5635.685092110452
3,24535.269964901396
4,14806.863040129745
