reservoir,value
1,75840.7349719109
2,0.0
3,45601.40263984482
4,7909.483132614792
