reservoir,value
1,49995.82394257994
2,11319.258952210545
3,4621.079128432664
4,4507.409985250648
