reservoir,value
1,74089.09089016754
2,14075.688444556356
3,8017.625534010898
4,10837.321288781428
