reservoir,value
1,148929.80342484653
2,5333.648444553525
3,6046.212007320018
4,3207.4212887814283
