reservoir,value
1,29715.839698510437
2,13530.730687846346
3,4963.298444291312
4,4027.0550579566166
