reservoir,value
1,84385.51808896566
2,6467.996959922835
3,43859.04366281497
4,12744.9
