reservoir,value
1,18309.604223625596
2,12715.388533997331
3,3699.9011106554276
4,1859.9976624946587
