reservoir,value
1,99112.06097982287
2,15282.766905716346
3,19977.362995091815
4,2093.297299537707
