reservoir,value
1,19173.06891245015
2,10662.207898690598
3,3544.6623061046107
4,2442.8630966281917
