reservoir,value
1,63799.055259358094
2,0.0
3,16275.247417631725
4,7498.42305766971
