reservoir,value
1,69323.98537886006
2,5460.964168374855
3,30079.141127788724
4,26631.460546783706
