reservoir,value
1,0.0
2,0.0
3,20178.241127788722
4,31746.460546783706
