reservoir,value
1,91018.47664078014
2,3973.5000947015933
3,51806.1
4,0.0
