reservoir,value
1,24932.605301704072
2,6527.704746693136
3,2933.0026417108693
4,3922.1433323871147
