reservoir,value
1,128353.82350667485
2,0.0
3,11165.7557628411
4,9172.790508116977
