reservoir,value
1,46933.11525297642
2,7268.7410084900275
3,14721.654921248493
4,4297.804996936153
