reservoir,value
1,4435.339355993645
2,0.0
3,6105.745814637234
4,0.0
