from,to,value
1,1,0.0
1,2,0.0
1,3,600.0
1,4,0.0
1,5,566.6679459313091
2,1,4835.098010158616
2,2,0.0
2,3,0.0
2,4,0.0
2,5,0.0
3,1,0.0
3,2,0.0
3,3,0.0
3,4,0.0
3,5,0.0
4,1,0.0
4,2,0.0
4,3,0.0
4,4,0.0
4,5,144.72038125911516
5,1,0.0
5,2,0.0
5,3,711.3883271901723
5,4,0.0
5,5,0.0
