reservoir,value
1,27215.714306095957
2,8350.711463627855
3,12009.691662142031
4,2807.8488549670305
