reservoir,value
1,0.0
2,5408.80947378647
3,20896.361666488396
4,0.0
