reservoir,value
1,36971.63856185607
2,4353.821285724289
3,9960.730389494802
4,7336.887269706475
