reservoir,value
1,20353.39770550221
2,0.0
3,3120.5373387232694
4,668.797186170933
