reservoir,value
1,11018.30592529613
2,11012.295008893629
3,3727.375154273754
4,1679.3515417763515
