reservoir,value
1,45484.05862556465
2,3586.102372567051
3,11343.192444338874
4,5199.535126273657
