reservoir,value
1,32584.495848769595
2,9627.904167520806
3,9374.873214186642
4,6449.181736642577
