reservoir,value
1,16097.052781096023
2,7559.513168584726
3,4027.5840102550837
4,3198.843718970917
