reservoir,value
1,98432.88311273689
2,0.0
3,24814.706333256025
4,5779.542525917063
