reservoir,value
1,18338.674598392223
2,7701.981158254308
3,3757.375141782467
4,3877.9660010390235
