reservoir,value
1,85590.22878117416
2,0.0
3,7716.237871792759
4,8486.933101071272
