reservoir,value
1,16040.866882122456
2,10164.662055818973
3,4707.456515609617
4,3094.7695832158897
