reservoir,value
1,70300.95273186616
2,0.0
3,35486.42290237352
4,12597.66958321405
