reservoir,value
1,52057.12778976257
2,12642.206534131592
3,14011.657336166347
4,15336.501172415614
