reservoir,value
1,130481.81368453425
2,6935.769544728877
3,25820.270353564898
4,12744.9
