reservoir,value
1,16965.536954614756
2,11218.082520489756
3,4481.71604002164
4,1892.0843624956112
