reservoir,value
1,22298.071789169
2,1610.197611556015
3,339.47129213734297
4,2738.459981935506
