reservoir,value
1,17438.244767124197
2,9727.276008603922
3,7634.631381435087
4,2306.378808244031
