reservoir,value
1,34755.79031189414
2,11257.016119893027
3,44549.16769454571
4,910.6704793137214
