reservoir,value
1,27439.747079888788
2,10373.909369497345
3,3927.311559916532
4,2404.6207944352086
