reservoir,value
1,55683.00767683843
2,7000.0830861995855
3,0.0
4,380.3192546957539
