reservoir,value
1,17958.07008799797
2,13189.546889700296
3,2668.5398898033864
4,1464.4049305098924
