reservoir,value
1,6571.4504166866245
2,179.54688970059
3,2829.8910016897375
4,4381.895251087888
