reservoir,value
1,30636.58213493864
2,5928.990177907375
3,4580.873818557795
4,3159.6011859886853
