reservoir,value
1,27354.968058868195
2,10560.8786532028
3,0.0
4,0.0
