region,depth,value
1,1,159.1695
1,2,38.6925
1,3,35.549499999999995
1,4,23.194499999999998
2,1,0.0
2,2,0.0
2,3,0.0
2,4,3.3135000000000003
3,1,0.0
3,2,0.0
3,3,0.0
3,4,6.627000000000001
4,1,0.0
4,2,0.0
4,3,0.0
4,4,0.0
