from,to,value
1,1,0.0
1,2,2632.9809069257553
1,3,120.39605829127417
1,4,0.0
1,5,218.65560079088365
2,1,689.1394164104693
2,2,0.0
2,3,0.0
2,4,0.0
2,5,0.0
3,1,395.33823775311333
3,2,0.0
3,3,0.0
3,4,0.0
3,5,661.34461206471
4,1,0.0
4,2,0.0
4,3,0.0
4,4,0.0
4,5,2206.3696676019795
5,1,2046.5388274336387
5,2,0.0
5,3,847.7932670151515
5,4,192.0377860089711
5,5,0.0
