reservoir,value
1,22338.79308721184
2,10424.246385963073
3,4119.638909649342
4,3548.3156245854107
