reservoir,value
1,105938.57009222891
2,2525.781539141269
3,19518.930575525286
4,11430.437737988841
