reservoir,value
1,32498.390161357158
2,7479.226971350752
3,5127.100367696959
4,3183.516656376666
