reservoir,value
1,36398.76003092782
2,3689.0178545374292
3,0.0
4,0.0
