reservoir,value
1,15992.527783911057
2,32229.659700684548
3,5938.014532042646
4,1739.1427216462962
