reservoir,value
1,21261.76062738566
2,19617.2
3,20626.37279713822
4,3620.4157160328905
