reservoir,value
1,38166.714244358656
2,3050.1765841524557
3,9164.244430499431
4,12911.610829328834
