reservoir,value
1,91899.12834320549
2,0.0
3,21489.866610693294
4,12744.9
