reservoir,value
1,14766.967855277946
2,4649.372715702775
3,2481.7310071274387
4,2127.8565345277584
