reservoir,value
1,27134.11307140217
2,0.0
3,8497.750883357101
4,11005.74386061281
