reservoir,value
1,69309.32415359752
2,15125.877624775685
3,5739.129904312702
4,12607.802035814282
