reservoir,value
1,127819.52444554823
2,2044.377624775685
3,2165.768250318182
4,7304.587273656698
