reservoir,value
1,18482.050400471173
2,8328.061522648131
3,3654.024607282466
4,1705.6979966848564
