reservoir,value
1,110589.74381120427
2,12157.45620454826
3,3805.0991876075805
4,7648.726171437731
