reservoir,value
1,32126.88873338209
2,4680.941320003883
3,7107.966084483514
4,13215.752316808797
