reservoir,value
1,154651.33099003287
2,0.0
3,26035.991693333388
4,12744.9
