reservoir,value
1,16042.202409543477
2,15030.093932122905
3,2741.6409964442937
4,2458.862647829235
