reservoir,value
1,89117.77515536382
2,1956.0939321229052
3,12506.77178996316
4,9241.62711769222
