reservoir,value
1,15785.637939043127
2,5867.623514542281
3,3394.2833850514235
4,2383.128995615765
