reservoir,value
1,44745.69142917057
2,0.0
3,15636.686019870489
4,11741.028995615758
