reservoir,value
1,20737.83874289367
2,28999.75368435414
3,3778.818210749604
4,1672.4674428551073
