reservoir,value
1,139769.48028476085
2,19617.2
3,33674.08785666775
4,4688.254657786657
