reservoir,value
1,21277.845714824565
2,13802.477321965443
3,3402.537893977609
4,2330.609303022127
