reservoir,value
1,39918.46545928757
2,720.9773219654435
3,1517.7508696849525
4,525.7544282047816
