reservoir,value
1,22888.553420587465
2,5899.064697209825
3,6865.042602864095
4,2706.792716323534
