reservoir,value
1,5899.6756206909995
2,0.0
3,2874.1778717516554
4,0.0
