reservoir,value
1,19740.221465866016
2,7803.666515618325
3,5341.261782146787
4,3050.7175687653553
