reservoir,value
1,52226.64119392279
2,3039.482842287641
3,42064.62302273539
4,6961.218810359226
