reservoir,value
1,42120.34801290886
2,4715.232596698838
3,26996.772965774184
4,17698.605311946754
