reservoir,value
1,0.0
2,0.0
3,10891.175605619004
4,8943.300648454557
