reservoir,value
1,83452.8155815186
2,0.0
3,51806.1
4,9034.88779610699
