reservoir,value
1,33998.70375290298
2,5720.381813926471
3,7538.677800195468
4,8354.612076841968
