reservoir,value
1,74676.91781370043
2,14926.821813926474
3,10624.249715935877
4,2860.31792671923
