reservoir,value
1,52347.74650393281
2,11674.39136297837
3,11142.877600638105
4,14599.207419966384
