reservoir,value
1,6933.446503932806
2,0.0
3,0.0
4,10791.616911812947
