reservoir,value
1,200717.6
2,16877.727867807385
3,28454.098923497062
4,6942.732396131145
