reservoir,value
1,23185.90079477165
2,5099.540276129521
3,12758.069035254834
4,5350.02419997351
