reservoir,value
1,85645.88634039201
2,0.0
3,51806.1
4,10321.72129291212
