reservoir,value
1,48431.53481349806
2,4724.351868276068
3,14275.015762459534
4,10084.39470005358
