reservoir,value
1,23451.803267890213
2,0.0
3,4916.615762460469
4,2454.4947000535813
