reservoir,value
1,70597.82461919541
2,9338.97816483998
3,12946.193069698853
4,7914.309271260471
