reservoir,value
1,55503.0268545036
2,0.0
3,8833.893069698854
4,284.40927126047154
