reservoir,value
1,23852.049811553115
2,7021.7145884694
3,5810.738764553126
4,4483.34789653454
