reservoir,value
1,81295.44023528119
2,4545.23417652832
3,26116.999761531424
4,11910.530894315842
