reservoir,value
1,21745.820615684057
2,14496.567000604635
3,3679.988149792825
4,3740.3893327964706
