reservoir,value
1,161346.2719094715
2,19617.2
3,34782.32444212084
4,11011.060634037429
