reservoir,value
1,25900.167729528377
2,25157.938664707814
3,4411.14352415339
4,2585.0409255959557
