reservoir,value
1,97686.64825884541
2,18223.877837564956
3,6680.6837881608535
4,3805.1916498878127
