reservoir,value
1,52001.79789126039
2,6499.761757996765
3,9049.347067270053
4,11593.548796383984
