reservoir,value
1,110635.11468604783
2,0.0
3,21387.521542375824
4,12744.9
