reservoir,value
1,34058.81494885713
2,2848.0599540260237
3,9474.286717722314
4,20756.389757735258
