reservoir,value
1,101824.36064966986
2,0.0
3,23714.213103056092
4,12744.9
