reservoir,value
1,11984.816291110645
2,13500.644674059844
3,2871.8724178177185
4,1048.1424157479837
