reservoir,value
1,0.0
2,12305.007117290188
3,10600.104398214255
4,0.0
