reservoir,value
1,49454.50684790814
2,7576.21978037456
3,11723.52993170369
4,12697.505454851598
