reservoir,value
1,83682.30684790821
2,369.6197803744957
3,14917.329931703332
4,10339.10545485816
