reservoir,value
1,33352.06428340703
2,9058.062457462795
3,6995.230358192366
4,6522.10965333385
