reservoir,value
1,97394.5907931549
2,15593.762457462795
3,0.0
4,0.0
