reservoir,value
1,19651.30865378322
2,11566.513599559687
3,3000.60504497621
4,1840.9560276480724
