reservoir,value
1,47271.969297211435
2,0.0
3,7349.522759299528
4,1635.0361035398364
