from,to,value
1,1,0.0
1,2,0.0
1,3,0.0
1,4,0.0
1,5,0.0
2,1,2208.9748975302355
2,2,0.0
2,3,0.0
2,4,0.0
2,5,0.0
3,1,215.2233322773015
3,2,0.0
3,3,0.0
3,4,0.0
3,5,0.0
4,1,0.0
4,2,0.0
4,3,0.0
4,4,0.0
4,5,1854.1645446457421
5,1,1854.1645446460338
5,2,0.0
5,3,0.0
5,4,0.0
5,5,0.0
