reservoir,value
1,32813.830946602575
2,4692.6807467228955
3,7027.660365858482
4,6828.890460859868
