reservoir,value
1,108934.08263863041
2,0.0
3,28725.941406589627
4,12066.66436346613
