reservoir,value
1,57817.18848257286
2,6786.538640729706
3,8441.58409570225
4,14256.44701990977
