reservoir,value
1,111903.28086220173
2,0.0
3,8905.772261905593
4,12744.9
