reservoir,value
1,11055.425407640058
2,15394.018342081697
3,2280.5393199498685
4,1508.0315348457584
