reservoir,value
1,10561.583302393168
2,19617.2
3,9043.428659811965
4,5554.888590414486
