reservoir,value
1,37163.12163227011
2,15948.10490030283
3,23070.43976578256
4,17330.091486509
