reservoir,value
1,116997.61404585029
2,10889.200379555994
3,33044.33490210571
4,12744.9
