reservoir,value
1,27590.94044664077
2,21184.59812542999
3,5230.74823628644
4,3479.398057756529
