reservoir,value
1,75489.89093725305
2,9074.848373786725
3,24225.237361859443
4,12650.298057756529
