reservoir,value
1,54209.08031482979
2,4919.82106520366
3,11917.917578724848
4,6566.111559774138
