reservoir,value
1,12645.76984447334
2,0.0
3,4253.310508228202
4,0.0
