reservoir,value
1,45162.32429341973
2,12993.064932085694
3,8143.899397002419
4,20370.370075841565
