reservoir,value
1,200465.6242934197
2,9839.029071673056
3,50049.099397002414
4,12744.9
