reservoir,value
1,34319.49169343095
2,10466.407960969014
3,4066.8348158346407
4,6393.714004005322
