reservoir,value
1,127527.89506394735
2,0.0
3,7558.076479041253
4,12744.9
