reservoir,value
1,50554.933414067025
2,10797.3836900954
3,12243.780873731966
4,9272.463760498276
