reservoir,value
1,105326.19172746464
2,289.89786129512686
3,21318.70260320449
4,7631.132250037339
