reservoir,value
1,17384.276652577242
2,7039.652715291958
3,3683.2199038539807
4,1817.1704604395486
