reservoir,value
1,20963.413029138937
2,13610.852715291958
3,23256.546362187448
4,7076.057889897538
