reservoir,value
1,59280.338562262536
2,5633.416009120674
3,13665.461257772105
4,13595.346655726124
