reservoir,value
1,90695.84052746603
2,0.0
3,16623.76125777211
4,11236.946655726531
