reservoir,value
1,20138.104020811123
2,14107.19540444133
3,3813.94029082224
4,3084.534336023792
