reservoir,value
1,97219.967515561
2,19617.2
3,20085.16778043268
4,8870.985607228326
