reservoir,value
1,12386.276369739124
2,14397.419369688245
3,2653.8756070728127
4,1701.699161267224
