reservoir,value
1,34710.266101569796
2,2545.6943136516
3,6211.06384160392
4,5908.997911936586
