reservoir,value
1,46260.765497895205
2,12000.692631697952
3,11637.600458062094
4,6413.034066706485
