reservoir,value
1,85044.56272704077
2,15732.32633577873
3,9852.730506715594
4,0.0
