reservoir,value
1,17686.270530185044
2,38448.518706221024
3,4230.953550258646
4,1781.7562910661138
