reservoir,value
1,13015.007550256829
2,19617.2
3,6238.597690140015
4,3840.4427283185573
