reservoir,value
1,25821.448793080188
2,21086.84090485931
3,3180.5623021776523
4,1338.432736010735
