reservoir,value
1,64981.80650600073
2,19617.2
3,14710.877393377434
4,6829.044064883863
