reservoir,value
1,36678.335040927755
2,4619.770562462149
3,4588.458694226363
4,7941.286931475562
