reservoir,value
1,146363.88301764356
2,0.0
3,21910.576399032714
4,12744.9
