reservoir,value
1,18952.671589627767
2,8175.714659016051
3,5627.87512294833
4,3330.3040473306733
