reservoir,value
1,120522.85029090715
2,0.0
3,44769.866737881326
4,12501.204047330673
