reservoir,value
1,52364.90986595078
2,5697.6810412645955
3,9421.34817229541
4,18969.995229237466
