reservoir,value
1,157046.69036760603
2,0.0
3,24369.704368871164
4,12744.9
