reservoir,value
1,33126.98775248668
2,9786.225198749838
3,10171.898927978154
4,3620.7334678152756
