reservoir,value
1,28752.09650290497
2,19133.665143920076
3,602.0287985524701
4,1840.9001540333738
