reservoir,value
1,37075.367898844815
2,5885.992156778464
3,4713.472943029322
4,3739.8868044619385
