reservoir,value
1,105690.75565587895
2,6795.038051096826
3,0.0
4,963.3708485544474
