reservoir,value
1,25218.187782206125
2,5558.259439969896
3,4997.848731888794
4,3679.6513487849757
