reservoir,value
1,85795.52984546518
2,3385.0192026382915
3,36429.50826278655
4,8794.65134878479
