reservoir,value
1,62790.28069579437
2,3735.3457522651797
3,25376.691506860465
4,18460.091317177044
