reservoir,value
1,136704.66829035824
2,1264.6726233097006
3,39687.53784939719
4,10830.191317177045
