reservoir,value
1,16355.98766059471
2,10545.862828454181
3,4039.265945681009
4,4855.516697200447
