reservoir,value
1,69452.96137210635
2,0.0
3,8520.147787442602
4,12744.9
