reservoir,value
1,22193.99164462484
2,5385.60639232396
3,4347.304723177639
4,2659.2068201990037
