reservoir,value
1,4475.56072234521
2,622.7443314059137
3,3919.8662979127994
4,923.7800810324641
