reservoir,value
1,33215.15003869913
2,10794.291768589685
3,2031.0986454935498
4,7967.0912613763285
