reservoir,value
1,99830.44556835093
2,0.0
3,2644.3166251678067
4,12744.9
