reservoir,value
1,19000.061084815603
2,37617.88748792821
3,3778.6726061004274
4,1991.1250477613378
