reservoir,value
1,56026.92494090939
2,19617.2
3,12538.259651791352
4,10017.70413418449
