reservoir,value
1,46981.67628416204
2,9356.336884138675
3,4453.648542032545
4,13027.237247373021
