reservoir,value
1,80355.90843632194
2,0.0
3,13855.931969733043
4,7618.630532754275
