reservoir,value
1,18955.8596204169
2,10534.423600557604
3,5929.531531459631
4,2493.8030938049287
