reservoir,value
1,17224.744227908704
2,410.0821859981303
3,32645.963635450316
4,1952.7146942850634
