reservoir,value
1,36326.09069670463
2,1832.5633318507255
3,12490.99445174146
4,13914.524627615683
