reservoir,value
1,82915.92597708586
2,0.0
3,18650.15049815651
4,0.0
