reservoir,value
1,60540.80963861442
2,4431.460935432589
3,16861.80716177078
4,13128.9325561784
