reservoir,value
1,90303.97057404701
2,0.0
3,19820.10716177078
4,0.0
