reservoir,value
1,18763.92113712412
2,14628.27702015814
3,2430.2112274921033
4,1688.761705180551
