reservoir,value
1,0.0
2,19617.2
3,6620.0215746402255
4,2353.9686415029337
