reservoir,value
1,40768.24949374059
2,5952.236514659714
3,11151.178509036747
4,20958.62370287061
