reservoir,value
1,134597.20265462773
2,5962.888321411626
3,37107.04969455841
4,0.0
