reservoir,value
1,70423.08900093251
2,11556.40307552926
3,15091.003550471109
4,6692.140558918918
