reservoir,value
1,71020.85806436898
2,14212.243495149836
3,12936.594088113568
4,0.0
