region,depth,value
1,1,227.38499999999996
1,2,33.165
1,3,40.628
1,4,33.135
2,1,68.21549999999999
2,2,11.055
2,3,10.157
2,4,8.183904521258869
3,1,0.0
3,2,0.0
3,3,0.0
3,4,0.0
4,1,0.0
4,2,0.0
4,3,0.0
4,4,0.0
