from,to,value
1,1,0.0
1,2,2345.4300843012043
1,3,130.22688261008494
1,4,0.0
1,5,185.5873303423064
2,1,857.6008028545897
2,2,0.0
2,3,0.0
2,4,0.0
2,5,0.0
3,1,349.15756997005053
3,2,0.0
3,3,0.0
3,4,0.0
3,5,458.5249889925121
4,1,0.0
4,2,0.0
4,3,0.0
4,4,0.0
4,5,2284.081444093503
5,1,2161.9124172692873
5,2,0.0
5,3,616.9575954643791
5,4,149.32375069465786
5,5,0.0
