reservoir,value
1,20806.14734602625
2,11702.911572937177
3,4391.9353626843995
4,3538.276900393928
