reservoir,value
1,0.0
2,1401.0515848210196
3,65.90782842804587
4,0.0
