reservoir,value
1,81998.06784874546
2,5995.80909529663
3,24918.35313913642
4,11488.461300433197
