reservoir,value
1,27112.685613290763
2,17143.198277968328
3,2788.1649731274647
4,9193.015734033792
