reservoir,value
1,0.0
2,4061.6982779683276
3,0.0
4,1563.1157340337923
