reservoir,value
1,58273.69903952828
2,19617.2
3,19602.78375998915
4,12744.9
