reservoir,value
1,16801.710909071135
2,10298.92709303799
3,3131.3985156715903
4,2567.337734061607
