reservoir,value
1,80362.25866112552
2,0.0
3,3935.055832349224
4,8196.053309119812
