reservoir,value
1,50006.863696276254
2,11378.15207701575
3,7846.869974253315
4,11739.051015753857
