reservoir,value
1,177413.66012030008
2,0.0
3,7459.211984803216
4,9263.486610253183
