reservoir,value
1,12882.598110519135
2,4847.770321449271
3,2410.456277577356
4,1611.867210025373
