reservoir,value
1,55957.310125279866
2,1789.0254009519992
3,11563.275417459854
4,8345.861287618582
