reservoir,value
1,46376.35865401916
2,13471.327529051803
3,23604.391556742037
4,20455.36364280239
