reservoir,value
1,78914.65865401916
2,6264.727529051803
3,26562.691556742036
4,0.0
