reservoir,value
1,21084.44936777153
2,5992.080696879471
3,2547.347782655257
4,2213.4115394284913
