reservoir,value
1,146396.16219303288
2,0.0
3,7491.356817964681
4,8055.3825823039915
