reservoir,value
1,35794.53734688479
2,19166.186404324148
3,4242.315460898685
4,5532.625864900351
