reservoir,value
1,194410.64152480237
2,6084.686404324148
3,7309.043428489461
4,12744.9
