reservoir,value
1,59498.31085941149
2,9104.657539227197
3,13661.266726347098
4,13035.796477937489
