reservoir,value
1,92036.61085941149
2,1898.0575392271967
3,16619.566726347097
4,0.0
