reservoir,value
1,36533.75637701718
2,19479.58842305553
3,7861.5290967681385
4,2419.82625385745
