reservoir,value
1,74496.20369625647
2,16813.133704080778
3,8116.030048653499
4,1181.699466182612
