reservoir,value
1,68462.72672453715
2,9856.037329971728
3,11747.396005847053
4,15137.523949457178
