reservoir,value
1,96133.74007105504
2,16391.737329971602
3,32290.073214530836
4,8155.310455478416
