reservoir,value
1,19151.990412826482
2,10046.494147038171
3,3587.625925071418
4,3475.887008890113
