reservoir,value
1,105540.24740020887
2,6686.353710901447
3,7229.642960209811
4,8590.887008890113
