reservoir,value
1,20557.748832202407
2,19252.33254666659
3,4634.308756665917
4,1665.3619006630317
