reservoir,value
1,56338.49621340516
2,10470.087641324562
3,14470.987384237193
4,14439.453913810728
