reservoir,value
1,88876.79621340516
2,3263.487641324562
3,17429.287384237192
4,0.0
