reservoir,value
1,22993.193708292933
2,13989.642809926583
3,5445.553843082014
4,4104.246107387536
