reservoir,value
1,67300.02700770456
2,908.1428099265831
3,44201.93511539472
4,9219.246107387535
