from,to,value
1,1,0.0
1,2,254.46163071321917
1,3,122.68502350021654
1,4,0.0
1,5,0.0
2,1,0.0
2,2,0.0
2,3,0.0
2,4,0.0
2,5,0.0
3,1,0.0
3,2,0.0
3,3,0.0
3,4,0.0
3,5,0.0
4,1,0.0
4,2,0.0
4,3,0.0
4,4,0.0
4,5,1614.9149764997385
5,1,0.0
5,2,0.0
5,3,1614.9149764997837
5,4,0.0
5,5,0.0
