reservoir,value
1,30153.1062716493
2,8021.461630713219
3,5169.811528169657
4,5054.085023500261
