reservoir,value
1,114649.60824718417
2,0.0
3,26977.738150933532
4,12744.9
