reservoir,value
1,24208.944317043835
2,4939.657368000415
3,7010.6020131802115
4,11823.549885044406
