reservoir,value
1,64003.001193757926
2,0.0
3,20505.913529622005
4,12744.9
