reservoir,value
1,29357.472072748886
2,22253.292909797317
3,6970.088673951654
4,5679.579752656596
