reservoir,value
1,85280.00455162191
2,9171.792909797323
3,30338.029343477076
4,12744.9
