reservoir,value
1,29852.204804012355
2,7603.850440546951
3,3833.5543224376393
4,7766.952404256951
