reservoir,value
1,74374.59556868793
2,0.0
3,5756.5219499668965
4,12744.9
