reservoir,value
1,21575.865815117097
2,15877.348186072995
3,3523.4235221973386
4,1557.86240238025
