reservoir,value
1,82861.33771292212
2,12928.433956726436
3,21431.215091199327
4,9280.61132887274
