reservoir,value
1,15636.337537892909
2,5091.0597883278515
3,2689.424001902341
4,3205.9898497925815
