reservoir,value
1,51464.94412673907
2,0.0
3,17791.928688978733
4,12744.9
