reservoir,value
1,21757.034168293012
2,3729.820790999433
3,4321.981030112385
4,4967.11119303992
