reservoir,value
1,96458.9122083252
2,0.0
3,25108.086144388046
4,10457.011193038437
