reservoir,value
1,20035.459538201278
2,10027.569442057682
3,2993.8192932952074
4,1477.2499749644242
