reservoir,value
1,100669.93059995299
2,6562.6823473208115
3,996.3717545751579
4,2046.6979544916421
