reservoir,value
1,44313.179228499444
2,11940.203201871223
3,7513.76123105879
4,15042.665082043633
