reservoir,value
1,98193.77982618232
2,10994.001128667993
3,20648.085623328825
4,2886.819061067957
