reservoir,value
1,62754.19898777554
2,17029.741520918273
3,9413.73548995796
4,3008.9402549100714
