from,to,value
1,1,0.0
1,2,0.8181827208373695
1,3,186.9287166391418
1,4,0.0
1,5,0.0
2,1,0.0
2,2,0.0
2,3,0.0
2,4,0.0
2,5,0.0
3,1,0.0
3,2,0.0
3,3,0.0
3,4,0.0
3,5,0.0
4,1,0.0
4,2,0.0
4,3,0.0
4,4,0.0
4,5,625.6712833608631
5,1,0.0
5,2,0.0
5,3,625.6712833608631
5,4,0.0
5,5,0.0
