reservoir,value
1,18808.0489931751
2,7777.818182716057
3,6254.155870606954
4,3368.316336903667
