reservoir,value
1,6786.468207215403
2,0.0
3,5225.969188795281
4,254.21613348973395
