reservoir,value
1,47001.96359136101
2,5339.671751677566
3,15555.623135980468
4,21595.94775853515
