reservoir,value
1,96490.62160578932
2,0.0
3,28037.50913407938
4,0.0
