reservoir,value
1,43651.45105727333
2,9066.923108233903
3,18451.79223930122
4,9974.84440060244
