reservoir,value
1,112031.82125542377
2,1441.3203030474742
3,29150.51659972532
4,12744.9
