reservoir,value
1,20201.28306186646
2,5524.6878787998285
3,2274.113819332411
4,1368.5712820756794
