reservoir,value
1,25046.09776834327
2,10243.402672565433
3,16362.227182993416
4,2282.3716872629825
