reservoir,value
1,47678.91262580209
2,13824.181920209618
3,25864.351344004852
4,29530.619120971533
