reservoir,value
1,0.0
2,0.0
3,15501.814559761331
4,32911.9394197029
