reservoir,value
1,120699.85964113398
2,4047.328801236932
3,51806.1
4,0.0
