reservoir,value
1,21638.844241599538
2,18160.88218155596
3,4529.763283114045
4,2292.070375747215
