reservoir,value
1,108717.45453250669
2,5079.38218155596
3,39398.73002099537
4,7163.374423078048
