reservoir,value
1,32224.252490242645
2,26583.544258647875
3,5380.493480414783
4,14541.347571005641
