reservoir,value
1,0.0
2,13502.044258647875
3,0.0
4,5582.708607293796
