reservoir,value
1,53688.513426237514
2,19617.2
3,25542.718786860878
4,12744.9
