reservoir,value
1,18584.561494403082
2,5344.487537733212
3,4385.297434617026
4,1932.1366231123993
