reservoir,value
1,27502.813527202525
2,0.0
3,18426.424424442117
4,4161.757112480224
