reservoir,value
1,26227.78716513366
2,27756.793738246866
3,4888.349391592012
4,1945.0978597271587
