reservoir,value
1,123538.39198344918
2,19617.2
3,28661.53724825976
4,2417.4579839591106
