reservoir,value
1,19015.934839357713
2,13335.62514847715
3,3052.2200070761405
4,2052.3220471603327
