reservoir,value
1,55380.489731830676
2,1229.7749439633544
3,6061.693420195517
4,10651.093565004943
