reservoir,value
1,65170.247115458944
2,12629.059078213471
3,16750.86775106307
4,15095.74473862267
