reservoir,value
1,0.0
2,0.0
3,1830.4754553153653
4,6840.995238233769
