reservoir,value
1,103230.8978966893
2,16150.755050060892
3,51806.1
4,12744.9
