reservoir,value
1,18351.51694034133
2,10929.230074578885
3,3378.001363417389
4,2140.1513121548346
