reservoir,value
1,161143.38075144085
2,3014.950629534982
3,4038.6528460601794
4,7774.18212854466
