reservoir,value
1,16703.167325699767
2,3928.128134300986
3,4529.086272120978
4,5608.81973751437
