reservoir,value
1,74011.27010535507
2,0.0
3,17560.929497594676
4,12744.9
