reservoir,value
1,28590.778550784522
2,5361.990849297125
3,4119.997449082999
4,3076.472691844092
