reservoir,value
1,59004.66992471561
2,6791.7087503894845
3,27418.86242073009
4,384.8334236650494
