reservoir,value
1,26947.978901363113
2,7178.521579583126
3,5554.828652186023
4,3683.453812190936
