reservoir,value
1,124045.1794306358
2,0.0
3,27666.63260413714
4,12744.9
