reservoir,value
1,75278.81109613217
2,10013.618201330792
3,15494.746649559245
4,16613.687973317887
