reservoir,value
1,105525.11109613217
2,2807.0182013307913
3,18453.046649559248
4,12744.9
