reservoir,value
1,64863.729178205
2,4208.679495308612
3,24691.166790537078
4,24832.130146956908
