reservoir,value
1,116540.87924756063
2,0.0
3,34610.373952307855
4,12744.9
