reservoir,value
1,33061.77925901605
2,4661.971408454491
3,7387.095594625096
4,12850.520237742156
