reservoir,value
1,53925.942154933684
2,0.0
3,26344.618000537354
4,12744.9
