reservoir,value
1,31952.765577622693
2,8468.770543648394
3,3517.2812321334195
4,2216.258570717591
