reservoir,value
1,83390.55942744075
2,15004.470543648395
3,2071.7522462666566
4,1086.7719399272642
