reservoir,value
1,19405.722564430587
2,16734.497944066366
3,5280.716630239582
4,5223.8793926109665
