reservoir,value
1,100803.64314070076
2,3652.9979440663665
3,16876.571497589284
4,12744.9
