reservoir,value
1,73929.38091156914
2,9607.159967849753
3,12395.87661862213
4,10778.097226338083
