reservoir,value
1,95298.74123885635
2,5918.555334380182
3,7416.576618622129
4,3148.197226338083
