reservoir,value
1,67748.22039655506
2,5803.496097979016
3,13600.611634813124
4,20287.301008334478
