reservoir,value
1,125426.00646082405
2,0.0
3,21265.33859763695
4,706.9991241436461
