reservoir,value
1,22054.579881968
2,7817.682731999115
3,8016.8002946810275
4,3879.293076572014
