reservoir,value
1,6204.9435712497925
2,309.5068278328315
3,0.0
4,0.0
