reservoir,value
1,26006.93705658825
2,7420.274587485725
3,5595.353069678456
4,4084.457859865118
