reservoir,value
1,83997.79443539835
2,0.0
3,24682.128415564785
4,12744.9
