reservoir,value
1,17326.43619132963
2,4615.775022926235
3,2871.4850139669225
4,2302.6153195119405
