reservoir,value
1,38595.35452765724
2,0.0
3,7713.663081176743
4,8995.11531951206
