reservoir,value
1,28794.156653587124
2,11549.53819637618
3,3178.259417415317
4,2338.557935424554
