reservoir,value
1,36754.31228701817
2,18085.23819637618
3,0.0
4,466.29130526851884
