reservoir,value
1,22515.849384231267
2,5250.62661786902
3,11997.1122581265
4,4210.614364192941
