reservoir,value
1,11857.339696125495
2,6704.747581268474
3,46645.37995267221
4,0.0
