reservoir,value
1,66731.46496900907
2,3812.506728583775
3,17329.278324906645
4,21409.289646034813
