reservoir,value
1,101716.69502483559
2,0.9430821766245572
3,15061.219329148364
4,11375.824242656172
