reservoir,value
1,20622.65959696957
2,4104.910846681627
3,4436.061947607042
4,3225.839126692681
