reservoir,value
1,13791.595194755886
2,0.0
3,3519.1562957639703
4,0.0
