reservoir,value
1,16705.28029549081
2,2720.1347184335295
3,4080.2857184353766
4,2338.8657017242153
