reservoir,value
1,41798.043025561296
2,0.0
3,27628.83709671502
4,5598.718239458232
