reservoir,value
1,18469.837129161846
2,36855.78629905655
3,2712.3422444560165
4,2525.468962328908
