reservoir,value
1,14572.058269859428
2,19617.2
3,3613.174166688199
4,2489.80994311575
