reservoir,value
1,58861.15044268946
2,8354.955911973682
3,18029.227046810025
4,27762.40698705766
