reservoir,value
1,148298.61281548723
2,0.0
3,29393.665644446977
4,12744.9
