reservoir,value
1,12426.267258712087
2,24228.515569361945
3,2324.0992317443447
4,1556.5141619405065
