reservoir,value
1,33874.530906324886
2,19617.2
3,0.0
4,6056.739279552432
