reservoir,value
1,29460.0688755886
2,28711.565113384324
3,6309.033867547111
4,3007.020008567676
