reservoir,value
1,152411.7554625506
2,19617.2
3,36755.474367081835
4,12177.920008567671
