reservoir,value
1,49741.89587349912
2,2610.5031222576235
3,17814.080038267326
4,14921.966007334675
