reservoir,value
1,94126.13241641328
2,0.0
3,37563.57168838484
4,3652.499495027698
