reservoir,value
1,60245.731875510595
2,10659.555722672245
3,16309.325560260033
4,6817.2298247716035
