reservoir,value
1,77704.32462075922
2,4607.770749600107
3,7941.48673321153
4,0.0
