from,to,value
1,1,0.0
1,2,0.0
1,3,600.0
1,4,0.0
1,5,1676.2177786005238
2,1,1265.2144509194188
2,2,0.0
2,3,0.0
2,4,0.0
2,5,0.0
3,1,0.0
3,2,0.0
3,3,0.0
3,4,0.0
3,5,0.0
4,1,0.0
4,2,0.0
4,3,0.0
4,4,0.0
4,5,0.0
5,1,0.0
5,2,0.0
5,3,1561.599999955947
5,4,114.61777861318782
5,5,0.0
