reservoir,value
1,16329.043481783561
2,6272.785549080609
3,2222.6630122866877
4,2360.4498896899
