reservoir,value
1,34326.18698380687
2,0.0
3,7521.773052301653
4,5120.590758827901
