reservoir,value
1,36418.42850004364
2,6284.586724232758
3,8820.79013955651
4,16500.13464586498
