reservoir,value
1,149723.05775739305
2,0.0
3,28639.54140443906
4,12744.9
