reservoir,value
1,50253.3187618772
2,3803.4515790958017
3,11010.08353873326
4,10595.269290121221
