reservoir,value
1,23143.835863340428
2,0.0
3,7415.59127049121
4,2965.3692901212216
