reservoir,value
1,23632.569257203446
2,13896.663816232352
3,6398.1920028762315
4,4097.038152602767
