reservoir,value
1,55448.622546682156
2,19617.2
3,5032.525848999293
4,1672.5956328870316
