reservoir,value
1,14836.234667704382
2,11968.657993584471
3,3835.6794177118772
4,1653.1242450602897
