reservoir,value
1,39492.541593302485
2,3857.3666408868485
3,23942.02698982509
4,9537.876750244663
