reservoir,value
1,20622.090809584817
2,23261.57650812462
3,4535.4912864608295
4,3654.450375317414
