reservoir,value
1,144693.45357042731
2,19617.2
3,28427.89062183579
4,12744.9
