reservoir,value
1,13432.8445796915
2,5212.2292537313715
3,4288.32497109163
4,2626.717234191276
