reservoir,value
1,35268.298502985606
2,0.0
3,6716.685740979763
4,7027.63839679253
