reservoir,value
1,51330.23882729904
2,5603.979298953356
3,15998.75572614435
4,23907.46421730883
