reservoir,value
1,5915.93882729904
2,0.0
3,6097.855726144348
4,21266.080498321036
