reservoir,value
1,200717.6
2,3404.2441395874316
3,51806.1
4,7756.383718987793
