reservoir,value
1,20209.661882553275
2,6299.894049756431
3,3340.613243578803
4,1854.575231147301
