reservoir,value
1,69231.2951781118
2,4679.19404975642
3,1116.46052938326
4,3255.4983135328657
