reservoir,value
1,26232.869370072207
2,12043.85197351086
3,8142.8742849265145
4,11433.237654313309
