reservoir,value
1,117779.66944569204
2,0.0
3,36627.887041561844
4,12744.9
