reservoir,value
1,33190.00429314764
2,7200.056334997733
3,7270.277184679844
4,15207.14559679223
