reservoir,value
1,158437.21932537074
2,10619.714299764391
3,23940.83254713098
4,12744.9
