reservoir,value
1,27590.965473667096
2,12321.521562029946
3,3530.70797084842
4,4790.835033015915
