reservoir,value
1,155602.22127768767
2,10052.790390100194
3,21825.038652305764
4,12744.9
