reservoir,value
1,22871.516575582693
2,10768.940162542844
3,14009.14428303971
4,10344.30660029746
