reservoir,value
1,140674.49207040065
2,4199.89867149551
3,51806.1
4,12744.9
