reservoir,value
1,44897.59590193484
2,10886.583672495226
3,9543.204727408933
4,7565.802485093414
