reservoir,value
1,43691.16485669908
2,1268.0770868435375
3,7175.9047274089335
4,55.47394367439665
