reservoir,value
1,78112.85950759356
2,7666.935309643468
3,25940.034038224316
4,13235.16098882446
