reservoir,value
1,61799.27875721588
2,5658.495309643097
3,16039.134038224316
4,5605.260988824461
