reservoir,value
1,32359.122511533722
2,14076.880332074641
3,9127.58461353455
4,4744.804798928835
