reservoir,value
1,41892.05652664472
2,14871.659310377469
3,0.0
4,0.0
