reservoir,value
1,25909.33510836609
2,4975.370776482938
3,4873.293097033358
4,4354.473840292239
