reservoir,value
1,79824.89739547392
2,0.0
3,0.0
4,800.0848101672641
