reservoir,value
1,66935.16088537071
2,5051.797299697925
3,8589.13758812275
4,18833.40450639816
