reservoir,value
1,115431.61431889086
2,0.0
3,31298.562463099137
4,12744.9
