reservoir,value
1,22866.044160450954
2,6542.208629170724
3,5242.272648285212
4,6811.517107186155
