reservoir,value
1,74429.42512180482
2,0.0
3,41634.344869693814
4,12744.9
