reservoir,value
1,10950.683910098343
2,6629.507090015734
3,4307.747510829252
4,2249.3719990252494
