reservoir,value
1,74258.98052709523
2,0.0
3,37004.15453119182
4,4254.662083117525
