reservoir,value
1,35341.45839109762
2,3058.8384756294163
3,8986.151727023851
4,12301.350399635967
