reservoir,value
1,14782.451890751654
2,0.0
3,0.0
4,4671.450399635967
