reservoir,value
1,8984.821454678844
2,7866.224131449289
3,3346.798114103059
4,2609.577839187654
