reservoir,value
1,8856.15314152585
2,0.0
3,15537.443636940332
4,2969.6396562991986
