reservoir,value
1,30780.668648024093
2,6153.176010348358
3,3149.6897672124387
4,3394.0710428585517
