reservoir,value
1,170726.01282526128
2,0.0
3,8617.309035309674
4,12564.9710428755
