reservoir,value
1,28127.20647451456
2,12697.18017423477
3,3550.905465758072
4,3544.7924531379185
