reservoir,value
1,120820.28171269732
2,0.0
3,4323.681944799325
4,12715.692453137919
