reservoir,value
1,24287.23196811038
2,3323.5380013658046
3,10183.15326437634
4,12655.138446172523
