reservoir,value
1,138015.61784196948
2,0.0
3,34729.807701746366
4,12744.9
