reservoir,value
1,21207.022463488633
2,3444.081798162725
3,9312.777095197955
4,4094.653494541464
