reservoir,value
1,5631.2306883790225
2,2185.838008443444
3,2816.05283537357
4,0.0
