reservoir,value
1,16964.167123886316
2,44125.05842595837
3,3684.1114264413504
4,2226.5886051816155
