reservoir,value
1,57435.59254887089
2,19617.2
3,8101.246011327822
4,11152.845752872801
