reservoir,value
1,20622.047752679304
2,19942.820281276974
3,2852.237935121709
4,2050.955559934636
