reservoir,value
1,62938.12912520026
2,19617.2
3,8559.296199069942
4,7048.363305461091
