reservoir,value
1,21441.316582877007
2,14249.865879459401
3,2600.699561518792
4,1859.614521119099
