reservoir,value
1,14197.320270791737
2,1168.3658794594012
3,5505.71684591314
4,1982.352461813592
