reservoir,value
1,22094.490379972107
2,6155.127254094894
3,4291.555349793576
4,4433.663755271198
