reservoir,value
1,88604.69022880074
2,0.0
3,40057.81769950349
4,12744.9
