reservoir,value
1,36117.253542270795
2,11728.37738038642
3,5399.945902372304
4,1970.20076384421
