reservoir,value
1,89493.26703315193
2,14132.46163444206
3,0.0
4,1880.5486821068353
