reservoir,value
1,15929.313005157886
2,35698.80578496349
3,2758.8653143808024
4,2239.380105279472
