reservoir,value
1,55496.51908446711
2,19617.2
3,9518.214615332956
4,10827.943547909901
