reservoir,value
1,17697.859210768987
2,4192.720742669768
3,3302.309284649896
4,2110.9595627839453
