reservoir,value
1,21185.164184034227
2,0.0
3,2843.3576689817282
4,9954.218925163257
