reservoir,value
1,32890.7705949839
2,8499.520821679891
3,11273.630764469031
4,13314.812150369316
