reservoir,value
1,82536.41749304405
2,0.0
3,32719.719603080677
4,12744.9
