reservoir,value
1,25757.781291066596
2,9956.8007548246
3,4655.359960339338
4,3304.529171590694
