reservoir,value
1,16719.961833785328
2,15103.622115376811
3,3250.094014115579
4,938.8919049437424
