reservoir,value
1,20388.197224022617
2,14224.120334974847
3,2169.43572420937
4,1872.09738974308
