reservoir,value
1,55661.957550072286
2,1142.6203349748466
3,590.0157751133569
4,3143.7071720148706
