reservoir,value
1,19519.20181121376
2,6927.564369570626
3,5762.9706962451555
4,5386.219636928487
