reservoir,value
1,66491.49732646841
2,0.0
3,23347.925536559724
4,12744.9
