reservoir,value
1,48193.964824193616
2,8986.42269432285
3,9338.595793229193
4,16143.841666584867
