reservoir,value
1,103501.0036013939
2,0.0
3,18064.052843191286
4,12744.9
