reservoir,value
1,49369.35079341419
2,7342.22836417964
3,11121.13267457933
4,13768.802508771183
