reservoir,value
1,111051.90403971396
2,0.0
3,18367.044605635143
4,6138.902508771183
