reservoir,value
1,23062.018940663995
2,18560.175674179365
3,3461.2866294283067
4,4597.852010610633
