reservoir,value
1,86011.1330353206
2,5478.675674179365
3,28058.78005008016
4,12744.9
