reservoir,value
1,11048.382703669004
2,8219.23001245355
3,3702.3790966994407
4,1913.7723506720831
