reservoir,value
1,42161.521226290686
2,0.0
3,5758.655252115703
4,5388.539722420141
