reservoir,value
1,32625.001930927916
2,5961.417752663521
3,5473.784383984655
4,6668.088165105975
