reservoir,value
1,116574.70257461054
2,0.0
3,21162.133849930666
4,12744.9
