reservoir,value
1,15214.007528770275
2,4108.033807630682
3,3261.5879156576684
4,1695.090268084057
