reservoir,value
1,30259.639958897285
2,0.0
3,1916.7528076970632
4,343.58140440933175
