reservoir,value
1,34741.30139844132
2,7226.430391767168
3,7501.733135183196
4,4472.617432244015
