reservoir,value
1,46948.13049921063
2,20076.241556285782
3,15898.914978596655
4,14608.437726098688
