reservoir,value
1,39409.12896396525
2,6994.741556285782
3,27282.08917004572
4,8383.881753502528
