reservoir,value
1,36309.68966173768
2,6253.737772265109
3,23517.512544436933
4,16272.287863845922
