reservoir,value
1,0.0
2,0.0
3,13350.580992230798
4,8642.387863845923
