reservoir,value
1,164112.80499319147
2,2216.8030339736997
3,51806.1
4,12744.9
