reservoir,value
1,73768.50136452612
2,6234.067433757726
3,16787.832053581224
4,17005.373864802546
