reservoir,value
1,91628.22780934896
2,16247.30385625203
3,14091.915882253947
4,12744.9
