reservoir,value
1,37565.785930105274
2,42716.7835434126
3,4152.467205083547
4,1680.5838968033431
