reservoir,value
1,36243.1331753038
2,19617.2
3,26319.940500263623
4,2611.5449467293874
