from,to,value
1,1,0.0
1,2,1704.8771909697334
1,3,0.0
1,4,0.0
1,5,196.99523454320843
2,1,0.0
2,2,0.0
2,3,0.0
2,4,0.0
2,5,0.0
3,1,0.0
3,2,0.0
3,3,0.0
3,4,0.0
3,5,132.39999999999964
4,1,0.0
4,2,0.0
4,3,0.0
4,4,0.0
4,5,0.0
5,1,0.0
5,2,0.0
5,3,0.0
5,4,329.39523454320806
5,5,0.0
