reservoir,value
1,38123.62165993872
2,4602.271691725728
3,11672.31133272389
4,5820.691842791783
