reservoir,value
1,37382.337606843714
2,3413.4026417123796
3,7663.719960814051
4,4374.911462937685
