reservoir,value
1,18249.74224881467
2,11269.817412371784
3,4191.00088526581
4,2255.362649190371
