reservoir,value
1,21849.528071838606
2,0.0
3,8872.713318188327
4,3131.2285132252064
