reservoir,value
1,25154.254221576688
2,5335.555334098828
3,3868.881552679889
4,10346.812167088792
