reservoir,value
1,102707.58194384568
2,0.0
3,13066.785067056733
4,12744.9
