reservoir,value
1,52374.40970464967
2,32181.830830306702
3,21881.493138058788
4,11099.095181938674
