reservoir,value
1,72143.80498071903
2,19617.2
3,11980.593138058788
4,3469.195181938674
