reservoir,value
1,80718.32711958683
2,8337.12328152209
3,22714.19943353855
4,15285.281055166855
