reservoir,value
1,90807.05397409044
2,5190.683281522167
3,21647.192503237406
4,7939.790326427327
