reservoir,value
1,21477.764623260337
2,10954.969072551277
3,4698.905071402513
4,2263.2602347245247
