reservoir,value
1,80520.68769456132
2,0.0
3,26184.65222223715
4,9243.211530769087
