reservoir,value
1,44072.474500866825
2,3540.240654459104
3,9446.167897606127
4,7824.822249595449
