reservoir,value
1,26449.91905498074
2,3229.6657195143
3,0.0
4,194.9222495954491
