reservoir,value
1,35593.879086136505
2,20231.59804930722
3,3114.5912542074157
4,2471.305027853788
