reservoir,value
1,26422.712261440498
2,19617.2
3,19533.63175447104
4,1264.8499745829918
