reservoir,value
1,35413.56431661454
2,5704.211990857901
3,12448.110984365343
4,8015.425474217141
