reservoir,value
1,0.0
2,0.0
3,13979.353123194693
4,462.3835152982938
