reservoir,value
1,35127.0829612398
2,6953.535836556477
3,7938.835057999748
4,14157.618400338106
