reservoir,value
1,78342.4272341177
2,0.0
3,20254.767027733316
4,12744.9
