reservoir,value
1,26546.237789730396
2,7481.623300284203
3,6274.864339968327
4,14293.802773027288
