reservoir,value
1,107877.14614708367
2,0.0
3,15804.784612020761
4,12744.9
