reservoir,value
1,19330.073387766042
2,13691.88397612753
3,3639.825164971309
4,11099.227603856692
