reservoir,value
1,88771.88167904099
2,792.7839761275267
3,5156.825465481101
4,11717.578441072692
