reservoir,value
1,29290.290790103354
2,5178.489351088121
3,8480.510748306311
4,6339.660317600923
