reservoir,value
1,87352.1219029273
2,0.0
3,50385.71074830631
4,12744.9
