reservoir,value
1,19370.34977779397
2,10514.577746039737
3,2216.445125229869
4,2217.6327054292733
