reservoir,value
1,29618.007327866253
2,10036.498081012453
3,0.0
4,736.2507777873698
