reservoir,value
1,20655.153799699066
2,14140.082769241431
3,3923.331737017246
4,2779.24286090218
