reservoir,value
1,62827.31010333561
2,1058.5827692414314
3,23624.28040717369
4,12282.142860902179
