reservoir,value
1,17434.53045088549
2,9302.031183269502
3,4517.478494061016
4,2721.3334989579666
