reservoir,value
1,56709.97354971561
2,14537.546126193565
3,38979.459144501256
4,9234.937768144497
