reservoir,value
1,26335.89076143873
2,16926.74411768731
3,4673.7607261247485
4,4772.333452704126
