reservoir,value
1,80401.44164554586
2,3845.244117687311
3,23851.87073838982
4,12744.9
