reservoir,value
1,33901.14333204906
2,8442.637803618933
3,8359.325873368689
4,7043.667677115331
