reservoir,value
1,24914.634815524052
2,7427.325967734676
3,6540.841975316867
4,4783.608685183995
