reservoir,value
1,37354.39354447791
2,15747.020339366181
3,0.0
4,0.0
