reservoir,value
1,57476.2142351315
2,4920.278068765294
3,13979.426762907318
4,21400.754713004633
