reservoir,value
1,116069.27578753041
2,0.0
3,19959.52142836432
4,8995.155141396106
