reservoir,value
1,73029.53449206344
2,7597.313627653255
3,13114.896254507432
4,16734.88575674348
