reservoir,value
1,104624.93294620789
2,390.71362765325466
3,16073.196254507433
4,0.0
