reservoir,value
1,12296.778042431404
2,24118.473581349102
3,2251.5448926049794
4,1475.1765879246152
