reservoir,value
1,41402.581146641765
2,19617.2
3,20685.625548978907
4,6814.793869941611
