reservoir,value
1,19822.597769804815
2,13560.983588910263
3,4796.411403808834
4,5277.3393739561825
