reservoir,value
1,125834.54262868752
2,5663.875503762263
3,34430.94776299992
4,12744.9
