reservoir,value
1,16445.837491246486
2,9289.262557938288
3,3102.943458002702
4,4110.574460978679
