reservoir,value
1,88771.50414833977
2,0.0
3,10675.596903437017
4,12744.9
