reservoir,value
1,24045.237685000116
2,2700.224074389395
3,4031.8995866683317
4,4530.703675510631
