reservoir,value
1,125835.34477703311
2,0.0
3,20436.87966121168
4,12744.9
