reservoir,value
1,24617.612379092247
2,6312.142004188814
3,5406.3354015878385
4,3039.128349717707
