reservoir,value
1,48889.39939894198
2,7163.969045052341
3,19283.803616955523
4,16177.512231196193
