reservoir,value
1,78920.048383307
2,0.0
3,22337.67940814096
4,8054.280783806156
