reservoir,value
1,12960.805450829874
2,13889.601782174908
3,1628.0657598688106
4,1622.1197334378903
