reservoir,value
1,13177.624862358638
2,19617.2
3,3776.951291729633
4,3606.2061817239846
