reservoir,value
1,38124.03941937202
2,6218.736822420435
3,9560.747121341485
4,18410.525826187208
