reservoir,value
1,118413.87340038567
2,0.0
3,22904.623878795686
4,12744.9
