reservoir,value
1,20306.473334566865
2,6915.742161196336
3,3905.5836482550003
4,5319.9781240442435
