reservoir,value
1,68185.18399671307
2,0.0
3,12295.688005527758
4,12744.9
