reservoir,value
1,20929.89581193085
2,7004.451036368836
3,3057.6664610067796
4,1797.5082622779837
