reservoir,value
1,45059.44110754707
2,716.1478540222106
3,31005.84871437257
4,6602.31288081611
