reservoir,value
1,34207.89010766694
2,6804.062765654535
3,11512.859381361428
4,5830.260035528392
