reservoir,value
1,8753.772646132695
2,2896.0983962880155
3,26946.91298312122
4,947.1878359187101
