reservoir,value
1,76956.2230898308
2,9781.914476782773
3,8726.197970990374
4,23730.43917838
