reservoir,value
1,128643.49316088797
2,13092.151806751912
3,35856.77118552166
4,12744.9
