from,to,value
1,1,0.0
1,2,4339.059999999998
1,3,0.0
1,4,0.0
1,5,0.0
2,1,0.0
2,2,0.0
2,3,0.0
2,4,0.0
2,5,0.0
3,1,0.0
3,2,0.0
3,3,0.0
3,4,0.0
3,5,0.0
4,1,0.0
4,2,0.0
4,3,0.0
4,4,0.0
4,5,1661.4428679395962
5,1,1031.8428679402552
5,2,0.0
5,3,629.5999999991694
5,4,0.0
5,5,0.0
