reservoir,value
1,18709.32483372231
2,15357.782820331346
3,4331.049044801602
4,2343.24432856962
