reservoir,value
1,129161.1334107326
2,16910.894681900623
3,10051.974580325113
4,9733.028174752875
