reservoir,value
1,38881.44493522021
2,19396.2232092314
3,4304.681766699856
4,5953.249255380352
