reservoir,value
1,116417.16839975069
2,15075.85266768782
3,43587.657259451495
4,12744.9
