reservoir,value
1,49244.675849821244
2,5493.3541976475135
3,10079.97205725642
4,19695.82366997861
