reservoir,value
1,81815.06844806715
2,0.0
3,18177.20510417583
4,8201.661524530396
