reservoir,value
1,19376.384875971296
2,2543.966055848937
3,2992.654880880914
4,4907.7060648899005
