reservoir,value
1,114748.46701423559
2,0.0
3,10086.708735902495
4,12744.9
