reservoir,value
1,56589.40348624331
2,16030.710973494994
3,15686.033972021109
4,6127.240069251651
