reservoir,value
1,67318.28190147172
2,11655.899741344736
3,8204.161623136732
4,0.0
