reservoir,value
1,24838.34193720853
2,6456.141751739506
3,4634.5144231574195
4,6379.1964234141005
