reservoir,value
1,79407.668527463
2,0.0
3,12588.713454145713
4,12744.9
