reservoir,value
1,42853.04051036231
2,8419.678355818653
3,18367.28754565269
4,16943.582049416524
