reservoir,value
1,0.0
2,0.0
3,6641.965887879014
4,9313.682049416524
