reservoir,value
1,137745.0149004246
2,0.0
3,50746.15384106954
4,12744.9
