reservoir,value
1,21958.771605210677
2,8783.069959937877
3,3147.4033525461755
4,2376.0313548335957
