reservoir,value
1,100566.12961340233
2,0.0
3,1275.7038080194898
4,11431.117005351172
