reservoir,value
1,45261.44123902981
2,6741.8048422559095
3,7459.304917636837
4,4471.6657118774165
