reservoir,value
1,39431.0879788094
2,5491.619788129685
3,11393.462159130522
4,5965.503198898184
