reservoir,value
1,22036.819435575126
2,12614.211371729425
3,1492.5621591305226
4,0.0
