reservoir,value
1,27710.921747531716
2,5516.555226890501
3,4812.825439233466
4,4359.229443076131
