reservoir,value
1,112732.98629923594
2,0.0
3,10591.560356815771
4,12744.9
