reservoir,value
1,15679.107336472904
2,5536.984322323414
3,6098.5338988504545
4,5552.957653640604
