reservoir,value
1,114553.26715440644
2,0.0
3,30927.44160059682
4,12744.9
