reservoir,value
1,16076.127990917685
2,17733.56270273298
3,5523.665573504548
4,3779.7986403076893
