reservoir,value
1,83534.68471749322
2,4652.062702732979
3,28664.097446460022
4,12744.9
