reservoir,value
1,27699.514277273418
2,28992.54153651298
3,7043.471046389268
4,7648.170012423697
