reservoir,value
1,44250.6148792803
2,19617.2
3,0.0
4,6303.744460300822
