reservoir,value
1,77729.9658490806
2,3808.7863308016003
3,21141.251749445586
4,16482.715722660327
