reservoir,value
1,158556.8448374356
2,0.0
3,29067.294733166047
4,8852.815722660327
