reservoir,value
1,18681.275497149236
2,3765.548056663909
3,4996.96868906792
4,4509.567852360606
