reservoir,value
1,84582.21858954361
2,0.0
3,27602.785390115085
4,12744.9
