reservoir,value
1,42746.13637833245
2,17604.117123329386
3,9153.665791999927
4,8189.959013585951
