reservoir,value
1,71828.36170075595
2,16262.583224511232
3,0.0
4,2228.0089257955115
