reservoir,value
1,28357.02915156902
2,5714.608523166062
3,4493.998075547944
4,3152.297036916656
