reservoir,value
1,53260.458759589426
2,0.0
3,0.0
4,356.48390120046406
