reservoir,value
1,63529.07716994261
2,5849.012796347352
3,14607.326962823825
4,17244.86404592963
