reservoir,value
1,94709.78996628997
2,0.0
3,17565.626962823826
4,0.0
