reservoir,value
1,34441.20544431891
2,8793.548391966944
3,6254.41138364371
4,5461.860072396257
