reservoir,value
1,28337.33056732599
2,13822.175573361013
3,0.0
4,0.0
