reservoir,value
1,28685.260095629852
2,21196.33960562817
3,4918.253273823155
4,3308.4969891704986
