reservoir,value
1,54454.251294640904
2,19617.2
3,35048.14771861565
4,1917.0532344923827
