reservoir,value
1,20559.478608050907
2,7762.007409376822
3,4044.9910503248075
4,4970.824344879484
