reservoir,value
1,89132.41245977247
2,0.0
3,11741.7470324629
4,12744.9
