reservoir,value
1,40402.828083619184
2,7659.512844354984
3,5415.850715836724
4,2814.9118405990225
