reservoir,value
1,34594.4040474799
2,10082.628827546501
3,0.0
4,0.0
