reservoir,value
1,71337.98930425668
2,7285.917153235454
3,19713.495397764425
4,22630.80307197065
