reservoir,value
1,147141.1234365162
2,0.0
3,29719.651264882574
4,12744.9
