reservoir,value
1,21900.68897566399
2,12469.9232750606
3,4785.849016688482
4,4962.299691367874
