reservoir,value
1,114029.28637747695
2,6532.073922117797
3,29684.758148750712
4,12744.9
