reservoir,value
1,22465.12986578989
2,6945.3751039570425
3,3259.8484555793625
4,2605.1655794989697
