reservoir,value
1,142768.73801464442
2,0.0
3,10851.894026391725
4,11631.065579498929
