reservoir,value
1,55283.69207088123
2,5420.070042048625
3,15564.812125664357
4,5560.768420749199
