reservoir,value
1,36622.51695470553
2,14982.748824353464
3,5663.9121256643575
4,0.0
