reservoir,value
1,40540.52255644452
2,6470.53191025117
3,7139.238328279969
4,9402.207714622307
