reservoir,value
1,114991.14405545546
2,0.0
3,18894.54093148446
4,9403.439964659647
