reservoir,value
1,16939.549274164023
2,7853.631227576156
3,4872.905362051715
4,6196.213339188702
