reservoir,value
1,100291.59906323731
2,0.0
3,14490.843335232032
4,12744.9
