from,to,value
1,1,0.0
1,2,5445.500000016291
1,3,527.4505830014758
1,4,0.0
1,5,0.0
2,1,0.0
2,2,0.0
2,3,0.0
2,4,0.0
2,5,0.0
3,1,0.0
3,2,0.0
3,3,0.0
3,4,0.0
3,5,0.0
4,1,0.0
4,2,0.0
4,3,0.0
4,4,0.0
4,5,874.1494169985344
5,1,0.0
5,2,0.0
5,3,874.1494169985353
5,4,0.0
5,5,0.0
