reservoir,value
1,18922.990165754883
2,14543.022039176049
3,3204.682304600344
4,1581.3749775589904
