reservoir,value
1,41130.98844925356
2,6300.323017917064
3,4620.839858139452
4,5331.703269252343
