reservoir,value
1,25771.486917274047
2,5529.184373535107
3,12182.894940591696
4,10532.927535349992
