reservoir,value
1,0.0
2,0.0
3,2281.994940591696
4,2903.027535349993
