reservoir,value
1,12446.359033850007
2,3442.961641426058
3,2896.279997354034
4,1936.9717433931328
