reservoir,value
1,51617.47933640164
2,0.0
3,4481.035829702265
4,2503.1250525129453
