reservoir,value
1,29965.346949913015
2,7535.416627365132
3,5126.141460758846
4,9506.881368405651
