reservoir,value
1,102620.00864694692
2,7123.965987309064
3,16462.82098144571
4,9780.706066579834
