reservoir,value
1,19702.900703565363
2,6337.99654372315
3,3950.203463190969
4,2770.783026091886
