reservoir,value
1,98365.54690884339
2,0.0
3,18145.50490869105
4,8439.907638148812
