reservoir,value
1,13498.757747074167
2,4124.708792297097
3,2865.835397299363
4,2261.243485471352
