reservoir,value
1,57933.01513004541
2,0.0
3,12461.207310200218
4,8919.911479239534
