reservoir,value
1,19184.025226225694
2,32742.142680185872
3,2016.4682158749738
4,1748.9277541012227
