reservoir,value
1,51382.04842195705
2,19617.2
3,8007.928073651
4,9921.789819697668
