reservoir,value
1,76053.12561716145
2,9849.754515595341
3,7859.186473309107
4,6911.9321116563615
