reservoir,value
1,120255.01253467714
2,0.0
3,2879.8864733091195
4,0.0
