reservoir,value
1,31262.428326626912
2,8878.07377241408
3,6087.23444814761
4,5862.608570640075
