reservoir,value
1,18945.313231953427
2,3877.766863161971
3,0.0
4,0.0
