reservoir,value
1,19552.06244786821
2,15831.080305053873
3,2321.638498177036
4,1924.7366193917667
