reservoir,value
1,3028.30546056739
2,5464.792519942757
3,514.89207599746
4,0.0
