reservoir,value
1,22227.755976466273
2,5596.097436174889
3,7399.397730302315
4,2628.603913151823
