reservoir,value
1,97210.3436179497
2,0.0
3,19427.999115304217
4,0.0
