reservoir,value
1,22071.11087539357
2,4968.983034416326
3,3261.5573908604542
4,2498.9205166543156
