reservoir,value
1,1240.191506039034
2,0.0
3,0.0
4,1742.445104207673
