region,depth,value
1,1,159.67700000000002
1,2,39.0075
1,3,36.3615
1,4,23.2575
2,1,91.244
2,2,22.29
2,3,20.778000000000002
2,4,13.29
3,1,0.0
3,2,0.0
3,3,0.0
3,4,0.0
4,1,0.0
4,2,0.0
4,3,0.0
4,4,0.0
