from,to,value
1,1,0.0
1,2,1565.4178579525224
1,3,252.99266912235296
1,4,0.0
1,5,948.622315157313
2,1,1769.921494544587
2,2,0.0
2,3,0.0
2,4,0.0
2,5,0.0
3,1,380.0972137021538
3,2,0.0
3,3,0.0
3,4,0.0
3,5,1367.2314535342832
4,1,0.0
4,2,0.0
4,3,0.0
4,4,0.0
4,5,188.83457100940484
5,1,1147.0755670549115
5,2,0.0
5,3,376.16008246245224
5,4,981.4526901843269
5,5,0.0
