reservoir,value
1,30146.277560718252
2,10783.951976631803
3,8101.492171504556
4,11146.494479441642
