reservoir,value
1,37.3755006194966
2,2526.808549792073
3,693.6329561236806
4,2315.426268453333
