reservoir,value
1,109074.4902744995
2,4548.907943482664
3,31674.506288458622
4,12398.455479146542
