reservoir,value
1,16610.27298418574
2,27657.046413631087
3,2348.5621221677275
4,1455.15560821813
