reservoir,value
1,125115.60012652632
2,19617.2
3,3137.0650701521354
4,2567.3240025733667
