reservoir,value
1,46229.11359296769
2,4857.3526560547225
3,13072.328902751544
4,12099.475130875875
