reservoir,value
1,81148.43863279729
2,1885.3328053687574
3,7232.495742431403
4,6473.760729345155
