reservoir,value
1,53151.99169568653
2,6074.500628002715
3,11579.129452987274
4,23445.08526262122
