reservoir,value
1,166982.1455967832
2,0.0
3,12509.281858393013
4,12744.9
