reservoir,value
1,41832.69150714917
2,6742.797404713059
3,9071.278820410771
4,3495.1396986114323
