reservoir,value
1,80169.20257312861
2,11336.507948361454
3,1242.131066677428
4,0.0
