reservoir,value
1,51088.91845222257
2,5978.001813690591
3,24340.86337720366
4,23951.30331382147
