reservoir,value
1,133043.03603424362
2,0.0
3,48921.73218329587
4,12744.9
