reservoir,value
1,22461.797204424038
2,8628.46971391607
3,3750.3889434597722
4,6999.025693770647
