reservoir,value
1,90122.25718896382
2,0.0
3,30342.087391286284
4,12744.9
