reservoir,value
1,39686.896151710556
2,5455.714545900257
3,9222.724541827847
4,9544.636353145317
