reservoir,value
1,117508.35532132143
2,0.0
3,31708.826622763874
4,12744.9
