reservoir,value
1,27756.14615280054
2,8544.584297414422
3,13555.791236529058
4,13451.784617283183
