reservoir,value
1,0.0
2,0.0
3,3654.891236529058
4,2111.872413390174
