reservoir,value
1,17017.09216420947
2,5189.039112173019
3,5296.535328894371
4,3967.8434287039418
