reservoir,value
1,45736.49291161186
2,0.0
3,18743.560865454183
4,11487.536696936008
