reservoir,value
1,17263.81260749791
2,13080.143677277614
3,3113.76332869019
4,2056.871880226915
