reservoir,value
1,61891.70344538046
2,454.6498469139733
3,18233.070386842985
4,11043.356857606883
