reservoir,value
1,27405.57601556948
2,12439.863233893971
3,8085.942894397877
4,6066.188858490519
