reservoir,value
1,80348.985281197
2,0.0
3,49991.142894397875
4,11181.18885849052
