reservoir,value
1,28079.98057724893
2,25352.901823029097
3,2719.759959581313
4,1936.8556628062524
