reservoir,value
1,67375.2130652817
2,19617.2
3,23222.299864623208
4,6638.260224018754
