reservoir,value
1,54690.15700337454
2,7307.5770524483305
3,13495.925826363004
4,13454.26689687659
