reservoir,value
1,115523.8896570849
2,0.0
3,23431.424120097472
4,12744.9
