reservoir,value
1,35819.04200242804
2,8533.65253661853
3,7118.52341297776
4,7943.8671444335705
