reservoir,value
1,102857.69042372797
2,2350.1425858402126
3,30207.160996978302
4,12744.9
