reservoir,value
1,13235.165484049621
2,15438.483090497175
3,8228.252307103294
4,3259.525425931517
