reservoir,value
1,89527.97635423667
2,13236.683302799705
3,50133.452307103355
4,8374.525425931432
