reservoir,value
1,28662.052633041374
2,11951.282077340484
3,8659.044367453986
4,16604.797366206207
