reservoir,value
1,98178.21769437412
2,4289.902803188449
3,27270.933049616528
4,10724.736329159394
