reservoir,value
1,43080.974084353715
2,11011.330152110184
3,9017.657274455438
4,5173.44334754016
