reservoir,value
1,23454.003936146146
2,7718.335348614706
3,4148.174893341003
4,3929.83116068816
