reservoir,value
1,131842.07979141857
2,0.0
3,18767.799130471827
4,12744.9
