reservoir,value
1,59799.67881738951
2,11365.418477484121
3,12319.927651115622
4,4844.365911110821
