reservoir,value
1,45385.0783459773
2,8706.688767849742
3,2419.0276511156226
4,0.0
