reservoir,value
1,42102.14652549092
2,5765.712561040807
3,8930.316624684121
4,6132.210798840556
