reservoir,value
1,6396.577902027479
2,14972.152561040806
3,113.9660348155412
4,1068.3488894402726
