reservoir,value
1,58549.72563548174
2,9453.675970990158
3,7226.543991469005
4,4878.908869664703
