reservoir,value
1,124264.96887374742
2,5298.501293772037
3,8997.096221289212
4,0.0
