reservoir,value
1,15350.599797945451
2,31931.09169117953
3,4555.032245641124
4,4878.324755857899
