reservoir,value
1,73696.03905741447
2,18849.59169117952
3,29495.76798715737
4,11996.714555651064
