reservoir,value
1,16044.803267025329
2,14313.07359828504
3,4049.6940343802908
4,2314.770948763989
