reservoir,value
1,12130.035771515759
2,19617.2
3,30830.24107301001
4,8579.609415420207
