reservoir,value
1,30761.443774988547
2,7156.487334297006
3,9441.527529420962
4,16751.210283397002
