reservoir,value
1,118669.08286985809
2,0.0
3,43914.19074256323
4,12744.9
