reservoir,value
1,20007.53613077946
2,6712.052834777266
3,3538.796683838608
4,3924.6030373694143
