reservoir,value
1,99930.62065901629
2,0.0
3,3508.957316677459
4,12019.71557505807
