reservoir,value
1,16949.43461686594
2,9051.85497210051
3,3009.6451462933323
4,2219.340147937659
