reservoir,value
1,92580.95831218793
2,0.0
3,4588.604553639549
4,11577.240147937504
