reservoir,value
1,26767.79541887212
2,13030.894922732676
3,6495.1964102139955
4,2339.9375040639106
