reservoir,value
1,21399.36599785465
2,9268.322610938827
3,2902.5810183090603
4,1811.3651044911653
