reservoir,value
1,19908.20908268242
2,0.0
3,20908.618784718125
4,2052.820457156935
