reservoir,value
1,26848.44195469913
2,12030.062639157662
3,4330.766293472111
4,4646.776920899756
