reservoir,value
1,92716.03639825161
2,0.0
3,12438.48180587243
4,12744.9
