reservoir,value
1,32219.490941563156
2,5404.312051363678
3,8141.043207120521
4,14394.940858469261
