reservoir,value
1,99762.97312083718
2,0.0
3,28871.76397997201
4,8253.09226620542
