reservoir,value
1,43552.4715339277
2,2063.770112114235
3,11869.169898535634
4,13307.80835792563
