reservoir,value
1,110266.99459523952
2,0.0
3,44049.79284868978
4,11792.763314718679
