reservoir,value
1,24027.665949405207
2,7339.540138702918
3,5134.511177717825
4,7874.853592633204
