reservoir,value
1,22132.598958679213
2,0.0
3,24005.48701896014
4,8571.368309909769
