reservoir,value
1,34561.57554832835
2,9837.523093248135
3,11651.556015581918
4,4141.654070053497
