reservoir,value
1,10991.028332321355
2,0.0
3,4624.833887333574
4,0.0
