from,to,value
1,1,0.0
1,2,2538.777859566562
1,3,125.37944365914444
1,4,0.0
1,5,363.99756255281545
2,1,639.8522308475794
2,2,0.0
2,3,0.0
2,4,0.0
2,5,0.0
3,1,346.50084078690315
3,2,0.0
3,3,0.0
3,4,0.0
3,5,491.8624669985904
4,1,0.0
4,2,0.0
4,3,0.0
4,4,0.0
4,5,1501.0409372079
5,1,1640.8211245672328
5,2,0.0
5,3,526.9494584015416
5,4,189.1303837914445
5,5,0.0
