reservoir,value
1,20245.4569238672
2,15018.655869099011
3,3606.1970560078653
4,2036.080337981182
