reservoir,value
1,24619.56869844066
2,8348.794426849114
3,9756.849669765445
4,2896.768825527724
