reservoir,value
1,32998.74895121303
2,2269.938095434282
3,6606.613335935186
4,14491.550545132519
