reservoir,value
1,152490.87741425342
2,0.0
3,21075.41770480635
4,12744.9
