from,to,value
1,1,0.0
1,2,4818.822571917775
1,3,0.0
1,4,0.0
1,5,661.3758417418867
2,1,0.0
2,2,0.0
2,3,0.0
2,4,0.0
2,5,0.0
3,1,0.0
3,2,0.0
3,3,0.0
3,4,0.0
3,5,267.52415825811295
4,1,0.0
4,2,0.0
4,3,0.0
4,4,0.0
4,5,0.0
5,1,0.0
5,2,0.0
5,3,0.0
5,4,928.8999999999996
5,5,0.0
