reservoir,value
1,31587.70158634034
2,5617.674363786551
3,9221.775841741886
4,9499.572224321084
