reservoir,value
1,0.0
2,8842.221345854301
3,0.0
4,4157.951253340627
