reservoir,value
1,18587.322775858887
2,4265.889073531555
3,3280.744126876382
4,2203.338209515163
