reservoir,value
1,96114.42344413468
2,0.0
3,10838.862894651531
4,8185.671136821225
