reservoir,value
1,13324.791405569624
2,3116.578356487965
3,3312.1417896414414
4,2089.672989019918
