reservoir,value
1,34788.30895677141
2,0.0
3,9644.975937471188
4,7204.672989019791
