reservoir,value
1,19468.91691104332
2,6603.821819680338
3,3085.4667824128605
4,3004.4922630457104
