reservoir,value
1,51841.311588315904
2,0.0
3,22758.53410464368
4,12507.39226304571
