reservoir,value
1,32529.805833677834
2,3090.5467071388266
3,10286.157735100162
4,16039.169846413291
