reservoir,value
1,93619.40127885774
2,0.0
3,13729.169592226775
4,12744.9
