reservoir,value
1,52428.916245737884
2,5720.737530451729
3,15357.633941220836
4,5090.634631258039
