reservoir,value
1,9452.886108979234
2,0.0
3,5456.733941220837
4,0.0
