reservoir,value
1,22770.60483423768
2,16128.782423639143
3,6341.349099779797
4,2480.5430145868577
