reservoir,value
1,13584.317181543069
2,19617.2
3,31887.177009551782
4,0.0
