reservoir,value
1,40887.894047187496
2,8485.62271693408
3,16951.689104658275
4,11868.881691104254
