reservoir,value
1,101850.15405922435
2,3119.9362141296638
3,24223.22000079177
4,9710.416431647189
