reservoir,value
1,21561.76170615772
2,7815.683802979189
3,2914.125524795505
4,1962.0389711848513
