reservoir,value
1,16800.00443264976
2,14351.383802979188
3,1232.5552318169453
4,1.0256220357769998
