reservoir,value
1,22389.282754540007
2,12328.278093922983
3,2482.861983458538
4,2616.972958702156
