reservoir,value
1,105328.80626121485
2,443.7080939229716
3,7658.317746299605
4,8402.763466819133
