reservoir,value
1,16258.69629667154
2,10976.506858069522
3,4138.435633941043
4,2456.6837009573746
