reservoir,value
1,32799.76896408382
2,0.0
3,13324.832007181223
4,11814.58370095729
