reservoir,value
1,35026.622523623875
2,10745.837730150823
3,7487.17869479004
4,13303.23187259786
