reservoir,value
1,123258.34991086
2,0.0
3,21219.20281488712
4,12744.9
