reservoir,value
1,23059.71016601337
2,8485.5429738921
3,4791.073990421856
4,1843.4759222789385
