reservoir,value
1,65487.54083446678
2,0.0
3,21074.826212659005
4,7296.687453048025
