reservoir,value
1,18125.14773210688
2,14857.255113025109
3,2588.1019886480753
4,2742.6623288381093
