reservoir,value
1,63479.24205446304
2,19617.2
3,10590.37435894699
4,0.0
