reservoir,value
1,21806.359457313647
2,14641.961090514727
3,4023.504651188844
4,4247.41452773614
