reservoir,value
1,110530.53192861805
2,5915.930084811804
3,17223.136721588027
4,12744.9
