reservoir,value
1,58355.3858956483
2,5733.078601784126
3,19472.134164938907
4,26920.67521169716
