reservoir,value
1,0.0
2,0.0
3,9571.234164938907
4,10947.543089546463
