reservoir,value
1,156606.12777553848
2,0.0
3,51806.1
4,8343.232122150695
