reservoir,value
1,36820.01202879936
2,14462.579169657067
3,7128.835491157244
4,4685.027538844537
