reservoir,value
1,32937.52654001991
2,9960.51535933607
3,25095.452840348
4,0.0
