reservoir,value
1,23843.86040177542
2,3027.631534185554
3,3675.4272756336068
4,7529.659648053624
