reservoir,value
1,163173.44427092472
2,12153.065543032812
3,23913.96354949838
4,12744.9
