reservoir,value
1,22152.185056220518
2,6244.913143963198
3,5076.90367883376
4,5220.237526178411
