reservoir,value
1,110962.26742519287
2,0.0
3,29960.620825865873
4,12744.9
