reservoir,value
1,24330.029566778016
2,24946.93107786788
3,2860.693621614917
4,1561.9667150521047
