reservoir,value
1,55151.42000744304
2,18849.2083697984
3,1090.2647374997164
4,8245.726425308507
