reservoir,value
1,18440.21278024175
2,6926.253349637713
3,5442.262563498163
4,4017.0835870486526
