reservoir,value
1,78946.85390758536
2,0.0
3,22524.74431648598
4,9132.08358705143
