reservoir,value
1,14460.104013358803
2,24955.04254872071
3,2290.3664427371677
4,1514.5549113381217
