reservoir,value
1,57461.66364163754
2,11873.54254872071
3,0.0
4,4221.674331641424
