reservoir,value
1,16070.572554526028
2,13252.220031795714
3,2360.35362882467
4,1625.4587123071908
