reservoir,value
1,78544.4959986607
2,170.72003179571402
3,6905.916523476201
4,6353.129849128416
