reservoir,value
1,61217.367285534994
2,14713.918474599288
3,7571.071174168625
4,13476.057517888541
