reservoir,value
1,103874.19592808708
2,1632.4184746010176
3,4393.972653783982
4,8865.86370655668
