reservoir,value
1,29317.270944122316
2,2150.5108095297237
3,8502.238313407914
4,14244.12523555346
