reservoir,value
1,80530.0577307379
2,0.0
3,19170.538811564424
4,6614.22523555346
