reservoir,value
1,49418.680579223204
2,6497.464533506882
3,20477.57080150737
4,23519.51166962035
