reservoir,value
1,109812.04321974229
2,0.0
3,25637.89013065573
4,8517.410399381113
