reservoir,value
1,54100.21049559704
2,10864.707404564311
3,20464.28059765588
4,28473.25310228274
