reservoir,value
1,0.0
2,0.0
3,2844.99946988227
4,14888.944423400366
