reservoir,value
1,153635.87642508498
2,0.0
3,51806.1
4,5954.4086788823715
