reservoir,value
1,21786.526490318647
2,6933.693950766457
3,3213.9721121338666
4,2296.9290572639115
