reservoir,value
1,108393.52769338693
2,4796.340737862689
3,7097.4553355626995
4,9026.396213361164
