reservoir,value
1,39707.572621552616
2,8196.652862624731
3,7540.638514682114
4,15614.921874318228
