reservoir,value
1,119739.22577583548
2,0.0
3,19351.313391855918
4,11741.197419423572
