reservoir,value
1,53649.56509626606
2,3956.674569951202
3,82637.69353611962
4,28828.164560145793
