reservoir,value
1,0.0
2,0.0
3,72736.79353611961
4,19298.80570408883
