reservoir,value
1,156685.83363059536
2,3948.525268146972
3,51806.1
4,4094.968522537822
