reservoir,value
1,43731.91986635436
2,10206.497862167382
3,11157.999145875323
4,15858.629638131635
