reservoir,value
1,126618.19859072348
2,0.0
3,10162.871407780916
4,12744.9
