reservoir,value
1,12581.97401909783
2,4966.550751099399
3,2250.584088875531
4,1798.7320641451986
