reservoir,value
1,11084.43064717836
2,0.0
3,0.0
4,1434.5262953474576
