reservoir,value
1,23301.781595820095
2,11781.314942924062
3,5370.764278965229
4,3381.8258291577326
