reservoir,value
1,79510.66155267191
2,18317.014942924063
3,44362.88065044088
4,10232.60426918653
