reservoir,value
1,47382.80434578179
2,3659.700823236887
3,13726.466839679828
4,9634.085598469279
