reservoir,value
1,60110.82503983173
2,10109.480149311948
3,3825.5668396798283
4,2004.1855984692793
