reservoir,value
1,16417.680136418254
2,28114.010772336005
3,2078.891307246344
4,2114.453390161877
