reservoir,value
1,77271.10512267932
2,15032.510772336005
3,7176.821865635444
4,1524.083194718396
