reservoir,value
1,18601.47182830929
2,64332.713798595316
3,2403.676988901852
4,2215.55522724044
