reservoir,value
1,0.0
2,19617.2
3,3327.638172180786
4,2575.780252424418
