reservoir,value
1,25113.79827122236
2,11781.265230274003
3,3576.2004256782816
4,2033.9121314546526
