reservoir,value
1,33904.17958655025
2,9291.290883186677
3,1607.194568929433
4,3765.178690019211
