reservoir,value
1,18122.238848419824
2,32907.72956567943
3,2827.206626510586
4,2240.155918066165
