reservoir,value
1,95386.15859263741
2,19617.2
3,7305.217110792177
4,9993.15091976896
