reservoir,value
1,19971.26512998437
2,5328.737115879062
3,2520.4273810972886
4,1434.0655146025022
