reservoir,value
1,21830.414875956274
2,0.0
3,2294.523119917589
4,1883.7472576193982
