reservoir,value
1,31116.695357832785
2,9779.738452911259
3,3330.671199260488
4,4922.8100635942255
