reservoir,value
1,126611.53673650269
2,1880.2488721067402
3,20690.45102078158
4,12744.9
