reservoir,value
1,32384.630663301985
2,9993.424090136179
3,12159.926575169666
4,10129.288589981285
