reservoir,value
1,123766.39152808138
2,0.0
3,28860.652830313313
4,12744.9
