reservoir,value
1,16545.189176237902
2,9565.64939448347
3,5536.563990587483
4,2525.143640165668
