reservoir,value
1,107967.39034340292
2,9522.870021887959
3,42714.28550982237
4,9949.963518720213
