reservoir,value
1,66798.08199127225
2,11025.398043384239
3,12693.280887925412
4,15430.03601334403
