reservoir,value
1,93910.75343352015
2,3404.001102787426
3,27246.724874977706
4,8309.396813513387
