reservoir,value
1,24909.396578139986
2,22802.859563863276
3,4097.808908806339
4,4757.881229590318
