reservoir,value
1,115618.25698738263
2,9721.359563863276
3,13542.917035138393
4,12744.9
