reservoir,value
1,31527.288300592656
2,3111.49866460345
3,5973.543423583638
4,10576.653676842903
