reservoir,value
1,161595.49749301982
2,0.0
3,31024.24053089053
4,12744.9
