from,to,value
1,1,0.0
1,2,0.0
1,3,0.0
1,4,0.0
1,5,737.0548388922907
2,1,631.9224385784053
2,2,0.0
2,3,0.0
2,4,0.0
2,5,0.0
3,1,0.0
3,2,0.0
3,3,0.0
3,4,0.0
3,5,353.8451611077089
4,1,0.0
4,2,0.0
4,3,0.0
4,4,0.0
4,5,0.0
5,1,0.0
5,2,0.0
5,3,0.0
5,4,1090.8999999999996
5,5,0.0
