reservoir,value
1,20584.84755524819
2,6000.664136802845
3,5076.454091798867
4,2877.0887105078496
