reservoir,value
1,4303.786517249151
2,1303.2390552418997
3,0.0
4,417.06492754271903
