reservoir,value
1,68104.03584857153
2,5727.747949887216
3,25104.901954498982
4,16210.446060266637
