reservoir,value
1,121569.22055105664
2,0.0
3,34051.62965368494
4,8580.546060266637
