reservoir,value
1,25626.819480319435
2,18797.153656558745
3,6492.918619976835
4,4075.202901537809
