reservoir,value
1,101024.29662237082
2,6614.715396171321
3,48398.118619976834
4,12744.9
