reservoir,value
1,39781.74579386294
2,17643.470564830466
3,6917.079334888801
4,8671.65119868103
