reservoir,value
1,156696.08571882045
2,4561.970564830466
3,20315.978906911514
4,12744.9
