reservoir,value
1,14763.992437460167
2,4621.512051465373
3,3743.9032723014607
4,2672.1332582388027
