reservoir,value
1,105325.30406594719
2,0.0
3,36080.76294414436
4,7787.13325823919
