reservoir,value
1,20022.883783192916
2,2885.317943426351
3,8209.899242222715
4,4456.413434356945
