reservoir,value
1,13905.412293981615
2,0.0
3,0.0
4,82.32780231724064
