reservoir,value
1,16827.95260090249
2,24311.366551024432
3,4187.482828730917
4,2080.1116658188266
