reservoir,value
1,90121.47383266003
2,11229.866551024432
3,5972.911154374522
4,7195.111665818827
