reservoir,value
1,85114.43140459753
2,7864.037985983627
3,13976.581975481311
4,7756.573449241366
