reservoir,value
1,111191.87988749401
2,9663.734251708465
3,5147.112510368555
4,126.67344924136614
