reservoir,value
1,31718.446616482463
2,6096.29587213633
3,10939.807765489832
4,13607.811078055864
