reservoir,value
1,109278.46459624876
2,0.0
3,18062.528144633463
4,12744.9
