reservoir,value
1,58409.02519216777
2,9198.46539989938
3,17394.619581070183
4,16170.127498587735
