reservoir,value
1,134846.45918806613
2,0.0
3,26707.428945449217
4,12744.9
