from,to,value
1,1,0.0
1,2,5445.499999999905
1,3,60.94436591080674
1,4,0.0
1,5,0.0
2,1,0.0
2,2,0.0
2,3,0.0
2,4,0.0
2,5,0.0
3,1,0.0
3,2,0.0
3,3,0.0
3,4,0.0
3,5,0.0
4,1,0.0
4,2,0.0
4,3,0.0
4,4,0.0
4,5,1841.655634089186
5,1,0.0
5,2,0.0
5,3,1841.6556340892002
5,4,0.0
5,5,0.0
