reservoir,value
1,21170.87770792799
2,8052.086088051801
3,3483.442239479122
4,1460.0231818532366
