reservoir,value
1,6543.374704145984
2,3483.9743017783167
3,10856.394200642448
4,1824.9624966101203
