reservoir,value
1,39177.965124399176
2,31027.674795072802
3,9626.45618337211
4,8047.149414757564
