reservoir,value
1,65343.883346517934
2,19617.2
3,30443.57720868378
4,647.6865060212376
