reservoir,value
1,21853.496224082653
2,2776.3586789281403
3,7118.840342039572
4,10082.346177435107
