reservoir,value
1,91404.16704353504
2,0.0
3,16071.988993443343
4,12744.9
