from,to,value
1,1,0.0
1,2,0.0
1,3,500.87633504392034
1,4,0.0
1,5,0.0
2,1,1611.308958767966
2,2,0.0
2,3,0.0
2,4,0.0
2,5,0.0
3,1,0.0
3,2,0.0
3,3,0.0
3,4,0.0
3,5,0.0
4,1,0.0
4,2,0.0
4,3,0.0
4,4,0.0
4,5,1272.1859427416575
5,1,0.0
5,2,0.0
5,3,1272.1859427416575
5,4,0.0
5,5,0.0
