reservoir,value
1,28770.16913440288
2,6306.691041232034
3,8789.944146333937
4,4521.099531763154
