reservoir,value
1,69635.54891609805
2,6084.193370090685
3,10317.833480521138
4,6966.051492021991
