reservoir,value
1,129901.88507472907
2,5327.084419629346
3,22741.087455639637
4,823.0409767684741
