reservoir,value
1,33114.287166496
2,12333.834691670736
3,6891.658056489431
4,10219.45178888119
