reservoir,value
1,138497.78853231596
2,13298.045683329836
3,12146.463265773436
4,12744.9
