reservoir,value
1,20685.351567337762
2,17101.691074717284
3,4380.5280551971155
4,3130.8446118737097
