reservoir,value
1,116188.49216276506
2,19617.2
3,40466.69951412649
4,12301.744611873673
