reservoir,value
1,43200.510244428275
2,2872.814920902436
3,17210.045571432132
4,27132.708275659865
