reservoir,value
1,92928.30070855375
2,0.0
3,28956.515461788025
4,9308.42323286129
