reservoir,value
1,61639.02405810095
2,9709.641727661703
3,17410.63969538353
4,12216.338424511201
