reservoir,value
1,107756.31932444368
2,8456.763262350154
3,26765.699023493726
4,5199.63123450944
