from,to,value
1,1,0.0
1,2,0.0
1,3,0.0
1,4,0.0
1,5,412.49999999977837
2,1,3666.689999999781
2,2,0.0
2,3,0.0
2,4,0.0
2,5,0.0
3,1,0.0
3,2,0.0
3,3,0.0
3,4,0.0
3,5,346.39999999999964
4,1,0.0
4,2,0.0
4,3,0.0
4,4,0.0
4,5,0.0
5,1,0.0
5,2,0.0
5,3,0.0
5,4,758.8999999997529
5,5,0.0
