reservoir,value
1,47658.04141457802
2,6789.796822960981
3,7828.597338940158
4,3462.036044005925
