reservoir,value
1,105680.63615863102
2,5210.16104954048
3,22324.153975118497
4,1486.8894847464824
