reservoir,value
1,64138.36349854954
2,6553.492609926209
3,24686.333701941483
4,20951.762853178618
