reservoir,value
1,0.0
2,0.0
3,10680.72092280142
4,13321.862853178618
