reservoir,value
1,26086.260907347114
2,5477.061078199608
3,7023.7040669565195
4,9727.488238845883
