reservoir,value
1,114297.42057627019
2,0.0
3,15122.275474737438
4,12744.9
