reservoir,value
1,43434.405805513525
2,7694.935289784892
3,23221.171195644893
4,20289.073690281937
