reservoir,value
1,111678.81701533188
2,3304.6468810273145
3,51344.46321575648
4,11011.220298731367
