reservoir,value
1,58014.99280219649
2,18772.761434883432
3,14947.43348972826
4,7316.25467246142
