reservoir,value
1,102930.8279698473
2,19617.2
3,15712.510431768675
4,0.0
