reservoir,value
1,60467.76281692345
2,2439.0265361876227
3,15099.033585211888
4,26475.12699994287
