reservoir,value
1,67265.54923604547
2,4929.324281063944
3,9644.186166549403
4,12744.9
