reservoir,value
1,16266.799750405971
2,13867.23425660114
3,3456.188006531954
4,3013.2288481823307
