reservoir,value
1,96191.34826385375
2,6701.664341412943
3,12871.508143292082
4,12516.128848180762
