reservoir,value
1,18057.80062146733
2,1426.054264663082
3,4334.658119104728
4,1585.5810652655764
