reservoir,value
1,21205.89791169082
2,0.0
3,22062.595215819747
4,3726.2993047246837
