from,to,value
1,1,0.0
1,2,0.0
1,3,511.5279533557077
1,4,0.0
1,5,0.0
2,1,829.2606684521352
2,2,0.0
2,3,0.0
2,4,0.0
2,5,0.0
3,1,0.0
3,2,0.0
3,3,0.0
3,4,0.0
3,5,0.0
4,1,0.0
4,2,0.0
4,3,0.0
4,4,0.0
4,5,685.0720466442926
5,1,0.0
5,2,0.0
5,3,685.0720466442926
5,4,0.0
5,5,0.0
