reservoir,value
1,21313.69184360304
2,6937.739331547865
3,5593.704349093433
4,5983.927953355707
