reservoir,value
1,104015.73859517102
2,0.0
3,19628.77596695578
4,12744.9
