reservoir,value
1,26641.335669862965
2,22742.04134683052
3,3925.0936104946554
4,1678.9645770902318
