reservoir,value
1,50696.81706145487
2,19617.2
3,20476.943041123825
4,3522.356100884728
