reservoir,value
1,29868.755956413843
2,9736.907613397327
3,3041.4174137767686
4,1786.5724169760217
