reservoir,value
1,39605.87596385679
2,15504.615983196321
3,0.0
4,3266.2988422845283
