reservoir,value
1,57726.937029200206
2,4741.865601432176
3,17328.492673515462
4,17220.30662017371
