reservoir,value
1,138412.77593369628
2,1800.8040742637177
3,25317.153579133454
4,12744.9
