reservoir,value
1,48948.083282739615
2,1906.5970877647883
3,25732.699766292408
4,18216.570755338962
