reservoir,value
1,123182.69389673046
2,0.0
3,46204.268914869
4,12744.9
