reservoir,value
1,31210.87020691863
2,3308.413315317327
3,6021.246377388339
4,5522.887786084661
