reservoir,value
1,105166.7343053878
2,0.0
3,16672.63805112698
4,12744.9
