reservoir,value
1,25541.91179340856
2,14154.825230097504
3,5103.731106566775
4,1716.7031255553832
