reservoir,value
1,146.48493137974123
2,19617.2
3,0.0
4,2876.5579252678626
