reservoir,value
1,44974.918950444786
2,4836.402233595621
3,18357.347519040926
4,16996.58661543762
