reservoir,value
1,25296.47995632872
2,0.0
3,8753.833414344967
4,9863.134693380527
