reservoir,value
1,56844.41094781461
2,5611.54769534735
3,9017.421420340124
4,8838.004923237753
