reservoir,value
1,89477.15864316018
2,0.0
3,12211.221420340635
4,6479.604923231707
