reservoir,value
1,26176.793933972236
2,17082.627028175113
3,7915.523370630664
4,3702.3380529525425
