reservoir,value
1,10597.549168467827
2,19617.2
3,29901.80038018245
4,0.0
