reservoir,value
1,14202.28220340556
2,14009.12754370992
3,3222.0589192210227
4,2149.760002058491
