reservoir,value
1,68115.5768830442
2,927.6275437099193
3,22863.969147293774
4,2380.2458369846345
