reservoir,value
1,57720.854757557325
2,12821.168115693756
3,10540.101479615358
4,10649.606188668138
