reservoir,value
1,77306.4286425537
2,0.0
3,639.201479615358
4,3019.7061886681386
