reservoir,value
1,17279.658530777408
2,5169.432755980296
3,2959.5295805776477
4,3978.949874851724
