reservoir,value
1,75378.333087259
2,0.0
3,25151.02454276131
4,12744.9
