reservoir,value
1,35781.28746812666
2,27688.351315148975
3,9205.155968550389
4,7563.489925322894
