reservoir,value
1,31221.434175361464
2,15335.552585910937
3,32039.696260095232
4,252.82486780945965
