reservoir,value
1,61119.479991184024
2,6695.55620464354
3,9615.785403786567
4,13218.036962865022
