reservoir,value
1,53834.83946371781
2,0.0
3,5245.001166247036
4,8042.631662918604
