reservoir,value
1,40058.100973846864
2,12017.038604796197
3,15371.046434907394
4,20429.092282801183
