reservoir,value
1,114492.22836217005
2,615.9538686148207
3,35575.43412247078
4,12744.9
