from,to,value
1,1,0.0
1,2,0.0
1,3,316.40000000064924
1,4,0.0
1,5,1002.9000000000001
2,1,5031.4800000006735
2,2,0.0
2,3,0.0
2,4,0.0
2,5,0.0
3,1,0.0
3,2,0.0
3,3,0.0
3,4,0.0
3,5,0.0
4,1,0.0
4,2,0.0
4,3,0.0
4,4,0.0
4,5,0.0
5,1,0.0
5,2,0.0
5,3,0.0
5,4,1002.8999999999994
5,5,0.0
