reservoir,value
1,28792.935329260035
2,4959.159165963133
3,7343.0907213092305
4,5871.224242395989
