reservoir,value
1,114706.63335249682
2,2996.983879554592
3,48873.444785605505
4,10986.224242395989
