reservoir,value
1,18715.283621669085
2,8312.120160565417
3,3093.8467126863457
4,3385.601964631711
