reservoir,value
1,67110.75938731588
2,252.2454272965988
3,22545.514530092303
4,12744.9
