reservoir,value
1,9461.980223295861
2,45832.4424080357
3,2111.4792126173465
4,1873.7770638947857
