reservoir,value
1,65628.22574141568
2,19617.2
3,1840.0471292986795
4,7234.732156522574
