reservoir,value
1,50810.4705560244
2,9952.557002644651
3,9425.693235065939
4,14835.896356057932
