reservoir,value
1,121398.68215026223
2,0.0
3,10525.171838055534
4,7205.996356057794
