reservoir,value
1,27654.104480693713
2,14504.74596450934
3,3084.5035309295613
4,2135.8271776309184
