reservoir,value
1,54325.659579078754
2,19617.2
3,20149.942957700845
4,3679.6627670014823
