reservoir,value
1,17280.781559604526
2,7940.757772307685
3,3358.460726651745
4,2639.510957801656
