reservoir,value
1,88308.48007944021
2,0.0
3,7657.004482798986
4,3447.1244944744703
