reservoir,value
1,11035.023817429003
2,6307.616545635492
3,2652.302971522383
4,1566.64502244541
