reservoir,value
1,50339.62023444226
2,0.0
3,2714.243716074411
4,1128.417575586024
