reservoir,value
1,46734.365233645134
2,8161.704754762755
3,16300.573553822016
4,13436.78856583431
