reservoir,value
1,80590.16523364514
2,955.104754762755
3,19358.373553821635
4,5239.851704490556
