reservoir,value
1,43585.08853498276
2,9002.328920690674
3,14334.463090522779
4,22915.639589142276
