reservoir,value
1,174581.3947864103
2,9575.243861298177
3,20279.302084717747
4,12744.9
