reservoir,value
1,25389.350614017894
2,19585.655618532393
3,4103.973291478738
4,1544.822389929827
