reservoir,value
1,44109.28142794032
2,19617.2
3,14680.016332602563
4,385.16473834700537
