reservoir,value
1,41590.035433118894
2,8667.469859648061
3,8093.458755982815
4,8049.957593360259
