reservoir,value
1,178435.39003487435
2,13453.00115900034
3,30903.45287149081
4,10080.268558748645
