reservoir,value
1,34018.006770508466
2,5755.279171416005
3,9623.098806982578
4,12118.550129979836
