reservoir,value
1,122794.391522491
2,0.0
3,32987.75883524577
4,12744.9
