reservoir,value
1,36731.532912094845
2,4079.8499872839257
3,5330.783446498361
4,13595.290760563636
