reservoir,value
1,123683.35537842123
2,0.0
3,13392.141663206612
4,12744.9
