from,to,value
1,1,0.0
1,2,0.0
1,3,0.0
1,4,0.0
1,5,0.0
2,1,1686.2875954573456
2,2,0.0
2,3,0.0
2,4,0.0
2,5,0.0
3,1,592.1901496696806
3,2,0.0
3,3,0.0
3,4,0.0
3,5,0.0
4,1,0.0
4,2,0.0
4,3,0.0
4,4,0.0
4,5,1992.5319449005578
5,1,1992.531944900594
5,2,0.0
5,3,0.0
5,4,0.0
5,5,0.0
