reservoir,value
1,27858.858617492184
2,7316.430297216046
3,3137.599985019983
4,1521.0340489364035
