reservoir,value
1,26698.722186663086
2,0.0
3,3452.045835951565
4,4726.445415229347
