reservoir,value
1,48973.20300009023
2,13036.347037584117
3,14381.165308614287
4,17377.042752446647
