reservoir,value
1,88451.63355652305
2,4373.503935549144
3,33376.603158785714
4,10770.85930831476
