reservoir,value
1,20599.667689377253
2,8474.023592875967
3,3756.8326733540935
4,3706.5824911305617
