reservoir,value
1,91656.65727421702
2,0.0
3,9172.171756744352
4,8821.582491131661
