reservoir,value
1,71153.96062262473
2,7869.211739957807
3,10332.399512120299
4,7131.036483500893
