reservoir,value
1,74597.0043414514
2,3580.5412932445615
3,5897.099512120299
4,0.0
