reservoir,value
1,39261.0084584498
2,2180.9608465234633
3,18166.27732310127
4,21168.673771985967
