reservoir,value
1,0.0
2,0.0
3,8265.37732310127
4,6016.806495523982
