reservoir,value
1,119362.53432366558
2,0.0
3,51806.1
4,7521.967276461985
