reservoir,value
1,46609.25418262508
2,6786.8516338547015
3,13080.31373479134
4,16434.30421990274
