reservoir,value
1,150997.0890691634
2,0.0
3,16249.098536050473
4,12744.9
