reservoir,value
1,17982.850603105748
2,6688.321609339798
3,3262.3753393334387
4,3200.471029791265
