reservoir,value
1,58589.14331340138
2,0.0
3,5646.578067210288
4,12744.9
