reservoir,value
1,36517.40358838194
2,3872.608741649441
3,18471.318274200992
4,18590.51373246361
