reservoir,value
1,156975.58787249323
2,0.0
3,34447.554437370025
4,9292.618652228068
