reservoir,value
1,62412.25740854533
2,5962.510629872371
3,32800.73282499925
4,26778.833530400036
