reservoir,value
1,0.0
2,0.0
3,22899.832824999234
4,30233.328358482966
