reservoir,value
1,166021.2610455701
2,1942.946722239546
3,51806.1
4,1660.5051719151486
