from,to,value
1,1,0.0
1,2,4510.923845328291
1,3,0.0
1,4,0.0
1,5,0.0
2,1,0.0
2,2,0.0
2,3,0.0
2,4,0.0
2,5,0.0
3,1,0.0
3,2,0.0
3,3,0.0
3,4,0.0
3,5,0.0
4,1,0.0
4,2,0.0
4,3,0.0
4,4,0.0
4,5,1922.3365581425778
5,1,430.736558142441
5,2,0.0
5,3,1491.6000000001363
5,4,0.0
5,5,0.0
