reservoir,value
1,17235.3462738018
2,12186.92384532829
3,5341.890000750254
4,4704.663441857422
