reservoir,value
1,62443.96974311951
2,0.0
3,33401.30743684492
4,12744.9
