reservoir,value
1,15014.669952418812
2,3352.7438444921168
3,4520.357790055665
4,3336.327759063789
