reservoir,value
1,101397.18952698147
2,0.0
3,42597.307020362576
4,5724.290084092276
