reservoir,value
1,40103.87263624188
2,10750.0011503186
3,8614.30625944533
4,4516.04301553596
