reservoir,value
1,37829.302991667115
2,25048.42486850438
3,6149.030760714048
4,3378.409944084843
