reservoir,value
1,90386.80214684253
2,19617.2
3,516.6981347704261
4,0.0
