reservoir,value
1,30474.975696031157
2,7773.70600410798
3,6852.853227261858
4,2642.1717728854155
