reservoir,value
1,12175.257830075258
2,2449.9503565903997
3,1551.7601172325567
4,1954.337015674674
