reservoir,value
1,22659.28814786333
2,3905.8355521726417
3,3483.7820182307632
4,2239.767073966623
