reservoir,value
1,50874.150617600055
2,0.0
3,29977.57053833076
4,4216.457188642008
