reservoir,value
1,80616.08878782396
2,6189.804256344754
3,17607.45033735112
4,19836.058199238654
