reservoir,value
1,149514.8858677927
2,0.0
3,26156.72245806067
4,12744.9
