reservoir,value
1,48645.66857170558
2,8399.87768714859
3,9005.39303446405
4,17137.231459805593
