reservoir,value
1,194448.45694244467
2,0.0
3,46129.20721613253
4,12744.9
