reservoir,value
1,32124.71764389768
2,3283.0528894817417
3,14261.582090365082
4,12001.881701298764
