reservoir,value
1,0.0
2,0.0
3,225.30527790645465
4,4371.981701298764
