reservoir,value
1,37236.3270903342
2,14693.70176616992
3,7655.302883665804
4,13902.49639026346
