reservoir,value
1,118066.1058806201
2,1612.2017661699192
3,20279.633721803526
4,12744.9
