reservoir,value
1,96129.60390130582
2,9658.688666747794
3,36361.99057599376
4,21278.59058641803
