reservoir,value
1,110134.60390130582
2,13363.148666747793
3,39320.290575993764
4,0.0
