reservoir,value
1,39992.02752052281
2,28576.08703408308
3,6592.630937532036
4,2043.8259500268573
