reservoir,value
1,93308.24893819366
2,3643.93173597285
3,29517.02707973609
4,28185.693741315063
