reservoir,value
1,12620.01506631171
2,0.0
3,19616.12707973615
4,14882.712093419099
