reservoir,value
1,21232.570219205754
2,4709.05960253217
3,6317.962922813469
4,13768.248676547584
