reservoir,value
1,117834.7699431964
2,0.0
3,16065.673252292328
4,12744.9
