reservoir,value
1,61509.42180217855
2,4139.799454265783
3,15370.684004502367
4,13786.93169262649
