reservoir,value
1,28872.32182609241
2,0.0
3,5634.284004502228
4,6157.0316926264895
