reservoir,value
1,18119.00376038274
2,8325.783088617074
3,3492.0087518228056
4,2970.9934027803783
