reservoir,value
1,56734.205986162386
2,0.0
3,3778.8312468890817
4,12328.893402780503
