reservoir,value
1,61214.15184988283
2,6676.311062537477
3,9767.116288305084
4,11117.700062197628
