reservoir,value
1,76118.54222326246
2,1626.6581344829265
3,12483.505371942996
4,3487.800062197628
