reservoir,value
1,17525.87366300159
2,10808.582257314978
3,2651.2878021291936
4,1450.4288545155455
