reservoir,value
1,16325.51554794477
2,0.0
3,2835.963676447132
4,5944.555191942127
