reservoir,value
1,22840.73795527179
2,13092.819132343118
3,3307.6654313529743
4,4131.314110404552
