reservoir,value
1,99442.33585356546
2,800.7147977273416
3,10000.480189998238
4,12744.9
