reservoir,value
1,25577.49712698325
2,13802.900702451212
3,8489.380583731288
4,16780.22095296757
