reservoir,value
1,126769.52304322395
2,721.400702451212
3,41266.625717161034
4,12744.9
