reservoir,value
1,36460.490875761134
2,6770.607987084267
3,16928.1476537966
4,16239.77014772183
