reservoir,value
1,130918.81805091153
2,0.0
3,33734.67659924582
4,12744.9
