reservoir,value
1,19466.031855832396
2,9689.614491894945
3,5099.822536250329
4,2500.9016207523355
