reservoir,value
1,54654.123084716266
2,0.0
3,42114.38861349018
4,8853.267301771883
