reservoir,value
1,29955.965839533757
2,3591.173498330225
3,7950.253019681366
4,7908.014037809335
