reservoir,value
1,149768.9480519327
2,912.608221438617
3,49855.453019681365
4,11848.336410778356
