reservoir,value
1,51090.89769759884
2,6607.495826373048
3,21511.22927194219
4,16895.71100137338
