reservoir,value
1,94454.54919437405
2,7377.475666871738
3,44706.15915156782
4,12744.9
