reservoir,value
1,22799.00154043307
2,7277.057028807275
3,4860.002294547775
4,3973.5063773445067
