reservoir,value
1,5421.873692442862
2,2559.2044529527075
3,120.27340993049256
4,0.0
