reservoir,value
1,26203.08642326604
2,3682.7519128916074
3,8137.329025878875
4,6425.402516494102
