reservoir,value
1,37622.075772999364
2,1926.2772745916654
3,31729.6681548142
4,12854.097927863902
