reservoir,value
1,55182.37719800796
2,7799.396108367502
3,21828.7681548142
4,5224.197927863903
