reservoir,value
1,17970.327162382902
2,5264.104432812146
3,3497.50406721204
4,2319.192647343262
