reservoir,value
1,39210.929226055
2,0.0
3,32635.79381635928
4,3626.7235726242748
