reservoir,value
1,85921.48030860475
2,7176.920182100551
3,22636.091622238295
4,28230.25639590899
