reservoir,value
1,143111.32395410235
2,0.0
3,38406.68136448503
4,12744.9
