reservoir,value
1,30488.017305057263
2,21408.633125843604
3,3358.391818962912
4,2210.7116008798816
