reservoir,value
1,4009.3134984806793
2,19617.2
3,4260.374786188572
4,4759.701540580873
