reservoir,value
1,46592.47020242209
2,7611.0633151664715
3,8916.406213830835
4,14672.198048725648
