reservoir,value
1,120283.41996156132
2,8528.317091622437
3,15879.751280363893
4,10238.815225023905
