reservoir,value
1,9361.179455067262
2,7843.388370497481
3,4140.112664055638
4,1913.0504314341488
