reservoir,value
1,47315.843474197136
2,0.0
3,31243.36719524746
4,2377.712514551674
