reservoir,value
1,76589.57239444429
2,6369.979966766106
3,18293.70611825754
4,20611.134056505853
