reservoir,value
1,142311.69893507156
2,0.0
3,24466.002372764975
4,12744.9
