reservoir,value
1,12947.173581512765
2,7173.152931029189
3,5131.001944032455
4,2171.977749739748
