reservoir,value
1,8423.725669882846
2,0.0
3,4826.42431382415
4,4059.6102743750125
