reservoir,value
1,10217.523895398344
2,20442.004722953287
3,2802.51298313067
4,1990.8920539582307
