reservoir,value
1,59073.88396952647
2,19617.2
3,3496.806344462972
4,6121.886730580469
