reservoir,value
1,27158.523708755587
2,8745.064288479665
3,10670.318638801398
4,4161.254449754656
