reservoir,value
1,2405.173890796524
2,778.0088152989105
3,33415.382274251715
4,0.0
