reservoir,value
1,26900.55409238609
2,20989.433805720997
3,4480.513063468886
4,1877.3556155092206
