reservoir,value
1,57632.98687253348
2,7907.933805457402
3,15654.4392761264
4,4551.351123140405
