reservoir,value
1,21753.53960116853
2,7984.035498434558
3,3918.2055989756946
4,1388.2257907703329
