reservoir,value
1,13725.052630307473
2,8513.388213726515
3,17273.851961163142
4,5006.2836806678715
