reservoir,value
1,52110.091535658496
2,6241.364667208116
3,9076.522116956437
4,14947.830112443284
