reservoir,value
1,89577.55656061207
2,0.0
3,19021.727488899433
4,10805.73017464514
