from,to,value
1,1,0.0
1,2,2853.723880975519
1,3,0.0
1,4,0.0
1,5,0.0
2,1,0.0
2,2,0.0
2,3,0.0
2,4,0.0
2,5,0.0
3,1,0.0
3,2,0.0
3,3,0.0
3,4,0.0
3,5,0.0
4,1,0.0
4,2,0.0
4,3,0.0
4,4,0.0
4,5,751.1151955435416
5,1,11.950125060588299
5,2,0.0
5,3,739.1650704829729
5,4,0.0
5,5,0.0
