reservoir,value
1,40931.85269203504
2,5209.398645641295
3,11387.46504583654
4,5949.884804456458
