reservoir,value
1,60015.38517845821
2,1640.769456286903
3,1486.5650458365399
4,0.0
