reservoir,value
1,24923.652841905823
2,6129.69427410109
3,5195.747188674882
4,2089.6764184598774
