reservoir,value
1,6664.295507844089
2,4313.282049071645
3,11657.0743716683
4,554.048105722773
