reservoir,value
1,24346.691742082578
2,2329.177097837878
3,7710.9973029508365
4,12621.235627073547
