reservoir,value
1,101596.21623562595
2,0.0
3,29063.613368973896
4,12744.9
