reservoir,value
1,53063.020781307685
2,1956.0558965588948
3,13982.641408491478
4,15926.459808057098
