reservoir,value
1,95409.93328861488
2,0.0
3,19544.94239169977
4,2465.278163411047
