reservoir,value
1,47046.183029854205
2,21031.54286504691
3,6749.3425030283
4,16594.646828102064
