reservoir,value
1,47907.078402820975
2,7950.042865046911
3,21710.491845708
4,4673.238914225248
