reservoir,value
1,31817.701673683703
2,6563.066999744098
3,7868.691213072287
4,9736.001008613383
