reservoir,value
1,90933.47284064243
2,0.0
3,37724.75764069373
4,12744.9
