reservoir,value
1,72038.29178293761
2,9724.89868420412
3,6946.311654649535
4,15141.337831226625
