reservoir,value
1,176410.60625142726
2,12281.594940607501
3,11010.338994195241
4,12744.9
