reservoir,value
1,17380.55351716393
2,6607.184020040531
3,4268.342412286061
4,2871.3114552279944
