reservoir,value
1,70939.55961370253
2,0.0
3,20829.09501413259
4,7862.158314831871
