reservoir,value
1,24100.57694302594
2,6610.635069386408
3,3639.736818378359
4,5714.359340865958
