reservoir,value
1,93593.358159496
2,0.0
3,17640.22143039912
4,12171.25934086596
