reservoir,value
1,21915.722647283015
2,10984.13569924374
3,3096.3382501629794
4,3132.9560746298894
