reservoir,value
1,24586.640201794904
2,3845.4277200327724
3,5161.171115382717
4,282.9646467717658
