reservoir,value
1,62326.92144494809
2,12308.948258232416
3,23385.03116464607
4,9050.198568373013
