reservoir,value
1,48144.05794785306
2,19617.2
3,14086.15996319854
4,4190.098722406394
