reservoir,value
1,18408.059485189173
2,21150.78086446206
3,3421.5978113803176
4,2113.2164451252975
