reservoir,value
1,79355.10639403251
2,8069.28086446206
3,14263.802720071431
4,6763.12408327411
