reservoir,value
1,17834.453046254777
2,4205.259143467198
3,2778.5508894207333
4,1898.5302837910162
