reservoir,value
1,52925.17720057269
2,0.0
3,15162.01603150068
4,6043.625595536068
