reservoir,value
1,23375.35310668264
2,8763.43785079469
3,4372.089916112312
4,4211.874082554566
