reservoir,value
1,100774.92529121961
2,8047.924930094412
3,3642.9619062681704
4,410.8884898228332
