reservoir,value
1,30096.63506475411
2,8393.617353052508
3,4736.839416873614
4,3661.520141994708
