reservoir,value
1,96461.9950564371
2,0.0
3,26705.48082346286
4,12112.184505460762
