reservoir,value
1,23393.749906370584
2,7628.350464623339
3,3129.734413631643
4,3121.9824036294094
