reservoir,value
1,128120.65536887919
2,0.0
3,12908.715809650834
4,12292.882403629395
