reservoir,value
1,46441.93864510994
2,19745.259502369347
3,5952.553430262315
4,8686.712780309506
