reservoir,value
1,91278.28781418204
2,19617.2
3,10556.966152854158
4,4337.470227018209
