reservoir,value
1,31476.190289167323
2,8872.540781928335
3,5185.635497106045
4,3657.715224085855
