reservoir,value
1,36698.34460264597
2,13876.278978304472
3,0.0
4,0.0
