reservoir,value
1,23789.242221168573
2,12285.16374419619
3,7492.920823696861
4,3360.3809576465665
