reservoir,value
1,34959.00927875779
2,18820.86374419619
3,0.0
4,0.0
