reservoir,value
1,40450.224046633935
2,5387.260433339585
3,9803.754542693026
4,6947.114211069562
