reservoir,value
1,21096.247003163196
2,18238.333553996417
3,3796.054527794272
4,1957.868731928516
