reservoir,value
1,141965.65641293864
2,11551.850419154593
3,32641.118129575287
4,5984.220353347624
