reservoir,value
1,32243.07592160607
2,11568.066382818479
3,12032.71657148404
4,12052.039334485176
