reservoir,value
1,126156.86285548122
2,0.0
3,36183.44622516898
4,12744.9
