reservoir,value
1,27658.17598660398
2,4543.528580899006
3,6971.932898238322
4,4519.825991593952
