reservoir,value
1,0.0
2,8374.976444253167
3,16174.204191976314
4,0.0
