reservoir,value
1,23039.573276058
2,6474.012453297815
3,5732.954311198662
4,2953.5251489343823
