reservoir,value
1,117285.76675203064
2,0.0
3,43517.46038259114
4,8068.525148934383
