reservoir,value
1,42612.04437441734
2,7132.888185249169
3,11599.86246602664
4,23620.455813038025
