reservoir,value
1,126590.70834719692
2,0.0
3,21658.483894390964
4,12744.9
