reservoir,value
1,10249.72205149609
2,15238.558080630239
3,2586.031211298735
4,1751.4654754895673
