reservoir,value
1,29840.43657116314
2,2157.0580806302387
3,13138.076102003393
4,8068.403232699919
