reservoir,value
1,36803.85448381419
2,22356.909258393796
3,5267.6972010829495
4,9258.8431194756
