reservoir,value
1,182964.36416376906
2,9275.409258393749
3,10684.519830911919
4,12744.9
