reservoir,value
1,18257.028342845486
2,11362.60763841743
3,4808.723350236054
4,3439.270850421537
