reservoir,value
1,75059.32899778752
2,10237.59794088321
3,20744.636256186008
4,12610.170850421537
