reservoir,value
1,16165.339252211856
2,4689.914886564014
3,2895.1142064288883
4,3260.656620459423
