reservoir,value
1,103416.38880070517
2,0.0
3,5354.095525689481
4,12618.556620459422
