from,to,value
1,1,0.0
1,2,0.0
1,3,269.8949156550898
1,4,0.0
1,5,0.0
2,1,1811.9355601879233
2,2,0.0
2,3,0.0
2,4,0.0
2,5,0.0
3,1,0.0
3,2,0.0
3,3,0.0
3,4,0.0
3,5,0.0
4,1,0.0
4,2,0.0
4,3,0.0
4,4,0.0
4,5,141.70508434491057
5,1,0.0
5,2,0.0
5,3,141.70508434491057
5,4,0.0
5,5,0.0
