reservoir,value
1,38048.39771067642
2,4450.293635550867
3,9601.203752423038
4,6506.5904381368955
