reservoir,value
1,16094.053403842237
2,10534.477083941714
3,3572.506596392579
4,2451.6453008866597
