reservoir,value
1,79817.12091940148
2,17070.177083941715
3,13756.774376825259
4,7532.630908116491
