reservoir,value
1,38128.23638013116
2,6217.971890185866
3,6361.769308557199
4,17584.377928968974
