reservoir,value
1,117799.38505706136
2,0.0
3,11717.07980398001
4,12744.9
