reservoir,value
1,29693.57913024178
2,8166.591348742195
3,5298.601314705343
4,4786.781014425239
