reservoir,value
1,22279.67602712979
2,7768.591348742195
3,1767.4901992220666
4,1503.6217286014808
