reservoir,value
1,13239.991017044038
2,17734.55934618132
3,2058.145389890668
4,1405.8444112376112
