reservoir,value
1,30981.53943900109
2,19617.2
3,3772.7734635418515
4,7869.634230935489
