reservoir,value
1,73316.47335437054
2,4952.8626180803885
3,9877.077833756048
4,20208.2750735517
