reservoir,value
1,129131.8337324827
2,431.0748784175907
3,13604.89917388315
4,0.0
