reservoir,value
1,22592.051387916734
2,6339.1521068099755
3,6184.479769159466
4,2000.7979044407255
