reservoir,value
1,92401.06111200363
2,8174.035271077881
3,23922.29928179278
4,2399.67795131984
