reservoir,value
1,15982.041715444722
2,15058.224893454699
3,2611.8699490219738
4,1179.0356344067231
