reservoir,value
1,106842.60509838026
2,19617.2
3,12787.943131722333
4,5003.271370634865
