reservoir,value
1,29235.089805767344
2,16704.977516702736
3,6415.099632296874
4,9048.18749894046
