reservoir,value
1,88928.73597392906
2,3623.4775167027365
3,28032.986786713525
4,12744.9
