reservoir,value
1,24288.157603410276
2,10951.056601447704
3,5527.37341425432
4,5532.78982675201
