reservoir,value
1,97543.08425683303
2,0.0
3,27828.303557243533
4,12744.9
