reservoir,value
1,17371.5760313382
2,10928.068578400376
3,2247.3945186995484
4,1427.8212588578037
