reservoir,value
1,61261.87747443817
2,4227.768490135066
3,4528.121037463697
4,2587.781608117941
