reservoir,value
1,31204.255647424692
2,5326.6527015382835
3,5847.233838224173
4,5806.627043652694
