reservoir,value
1,109413.25484313146
2,0.0
3,16877.01405559585
4,12744.9
