reservoir,value
1,25036.908032708532
2,17436.968994297076
3,4884.629255512061
4,8705.779793130137
