reservoir,value
1,116506.65794356851
2,4355.468994297076
3,23100.532070399182
4,12744.9
