reservoir,value
1,18929.89430529838
2,7195.68608698921
3,4270.567289721018
4,3100.9302585765695
