reservoir,value
1,21584.979077658212
2,0.0
3,7850.455149928554
4,1528.8939746722479
