reservoir,value
1,42838.105473730626
2,3558.1164303073365
3,16109.168190702261
4,20285.925181378094
