reservoir,value
1,123787.58834722693
2,0.0
3,33265.56002826319
4,12744.9
