reservoir,value
1,81155.44326500008
2,7790.67415306478
3,12052.519297076356
4,6304.025278072611
