reservoir,value
1,167729.22831334994
2,15516.304153064893
3,8650.222017296375
4,0.0
