reservoir,value
1,31629.35843413425
2,3287.6963792835686
3,13101.670641159679
4,13126.730842839217
