reservoir,value
1,0.0
2,0.0
3,6044.006580389112
4,5496.830842839217
