from,to,value
1,1,0.0
1,2,0.0
1,3,600.0
1,4,0.0
1,5,2058.1111916572836
2,1,1485.9548552611595
2,2,0.0
2,3,0.0
2,4,0.0
2,5,0.0
3,1,0.0
3,2,0.0
3,3,0.0
3,4,0.0
3,5,0.0
4,1,0.0
4,2,0.0
4,3,0.0
4,4,0.0
4,5,0.0
5,1,0.0
5,2,0.0
5,3,1060.6000000000004
5,4,997.5111916572832
5,5,0.0
