reservoir,value
1,15771.021647882515
2,6052.0451447388405
3,4892.7101910176325
4,3059.2710065942274
