reservoir,value
1,28320.6708958905
2,0.0
3,13735.371056471817
4,6916.907703530235
