reservoir,value
1,44836.17945986973
2,8268.754080931161
3,13058.30836881654
4,12464.868171911967
