reservoir,value
1,87115.02134347321
2,0.0
3,25870.880441670757
4,7721.177253924236
