reservoir,value
1,41764.63706036376
2,3769.095839406862
3,11399.317151716063
4,14522.907761164031
