reservoir,value
1,112514.95201399075
2,0.0
3,27539.87009330027
4,12744.9
