reservoir,value
1,27345.202626913127
2,11193.629194235582
3,3865.980651796616
4,2957.1833489998635
