reservoir,value
1,83164.17424200174
2,0.0
3,20723.447742678505
4,11495.367854460626
