reservoir,value
1,35916.160084928255
2,11856.358067310923
3,6850.957173354649
4,6507.133538907305
