reservoir,value
1,93196.95635087632
2,14507.184403089657
3,6802.787680070243
4,0.0
