reservoir,value
1,54263.86088037064
2,13853.349708798998
3,15807.871215176267
4,11257.935283282684
