reservoir,value
1,65183.36904231555
2,771.8497087987463
3,20459.937435244065
4,5827.323075133354
