reservoir,value
1,18537.523189117645
2,6964.653199502872
3,4284.682556086119
4,1606.1039732610693
