reservoir,value
1,0.0
2,6188.16031679306
3,4983.886954300374
4,0.0
