reservoir,value
1,19363.378684249445
2,11989.956993087617
3,4180.715432673549
4,4328.348456546681
