reservoir,value
1,114232.79400129596
2,1351.0231617608333
3,30688.02232300094
4,10210.598806945472
