reservoir,value
1,21101.544584615003
2,9176.339146043803
3,3676.1952534851957
4,3078.290762238221
