reservoir,value
1,62485.33590091842
2,0.0
3,7657.623826339061
4,8193.290762148132
