reservoir,value
1,19815.541294469258
2,21064.748593139404
3,4171.847391405961
4,2047.573482671337
