reservoir,value
1,61941.17309811231
2,13771.338572427048
3,37649.43117341821
4,10299.180376556607
