reservoir,value
1,39540.757775613456
2,12649.012303637684
3,10708.020431818672
4,10193.634944875605
