reservoir,value
1,25705.694885723635
2,0.0
3,4764.857493959669
4,2563.734944875605
