reservoir,value
1,11916.529699385766
2,9101.192090131499
3,2101.817320907593
4,1369.2686715302698
