reservoir,value
1,5613.152924847132
2,11941.425331761651
3,14863.652441929233
4,4827.4827798735105
