reservoir,value
1,67809.73119445566
2,7733.943145827519
3,19313.944252016878
4,17730.194350468773
