reservoir,value
1,114762.36455855562
2,2181.8535904990713
3,17525.783630394853
4,4545.8573687415565
