reservoir,value
1,30603.725896938657
2,3502.8666820670737
3,14600.86702045749
4,14189.949425474217
