reservoir,value
1,102299.12898223585
2,0.0
3,37761.45376363375
4,12744.9
