reservoir,value
1,35135.52595199891
2,9221.86500940609
3,13873.674204583349
4,6515.108199622899
