reservoir,value
1,22632.63190448003
2,17944.51803137955
3,3972.7742045833493
4,0.0
