reservoir,value
1,46704.92640744524
2,5594.519354699234
3,12464.065426747438
4,13316.14117414848
