reservoir,value
1,108904.72210762996
2,0.0
3,16567.12037914364
4,12744.9
