reservoir,value
1,27557.70014125631
2,63091.473429411635
3,4084.0806902218856
4,2179.7581286049376
