reservoir,value
1,81115.48138124184
2,19617.2
3,27262.981369606536
4,0.0
