reservoir,value
1,35745.082727769994
2,6565.847599859644
3,11214.8237963631
4,4177.530570163273
