reservoir,value
1,3021.2861001332412
2,0.0
3,2865.683913595658
4,0.0
