reservoir,value
1,16755.1232810934
2,10475.919219777034
3,3848.857787031016
4,1903.750803819921
