reservoir,value
1,30276.81275512261
2,0.0
3,16491.282787150758
4,5802.97305698886
