reservoir,value
1,19368.27048760496
2,5622.206935239941
3,5650.640383578886
4,5883.401922492729
