reservoir,value
1,100372.8299895935
2,0.0
3,21269.2170289744
4,10998.401922492729
