reservoir,value
1,121658.30468135569
2,3822.1246743589927
3,18203.840044168257
4,15649.195429723748
