reservoir,value
1,135663.3046813557
2,6550.584674358979
3,21162.140044168256
4,12744.9
