reservoir,value
1,48919.61063677922
2,10381.311941649381
3,14122.555893029747
4,16629.919926341005
