reservoir,value
1,156988.87943495682
2,0.0
3,26319.398246330333
4,12744.9
