reservoir,value
1,21207.780307910496
2,9546.257561508522
3,3978.3138563740786
4,3003.2953475299896
