reservoir,value
1,31425.59689688801
2,0.0
3,6369.788884516724
4,4346.740714176241
