reservoir,value
1,26510.50872489976
2,17179.889435176785
3,4392.301189047002
4,9854.58316278486
