reservoir,value
1,105488.67554365197
2,4098.389435176785
3,34791.93141064737
4,12744.9
