reservoir,value
1,98895.373353898
2,3559.519303655111
3,14868.642983720461
4,16532.592378952526
