reservoir,value
1,114422.173353898
2,8259.41930365541
3,17826.942983720463
4,0.0
