reservoir,value
1,61473.5702057792
2,6973.339379526434
3,15246.233496955036
4,20596.855779528032
