reservoir,value
1,186470.45493190206
2,722.827128517597
3,47024.71418166847
4,7413.481231284848
