reservoir,value
1,16996.911512846218
2,2764.567965956207
3,4004.072152346637
4,2922.8115380408735
