reservoir,value
1,51528.93919471402
2,0.0
3,14313.734147829422
4,12744.9
