reservoir,value
1,24463.023784565965
2,13796.739769607731
3,6873.993017525279
4,3318.0438233287673
