reservoir,value
1,91000.52588725295
2,15998.006675326102
3,16950.456012617095
4,0.0
