reservoir,value
1,31779.94080607824
2,7919.154918261431
3,11143.24638716974
4,5362.669386163702
