reservoir,value
1,59232.14815648839
2,7321.566790057694
3,16435.152768876585
4,8594.510871068747
