reservoir,value
1,91770.44815648839
2,114.96679005769329
3,19393.45276887659
4,2920.8060486738414
