reservoir,value
1,25212.618082467
2,7207.31826128061
3,9445.604420722322
4,2929.683244611501
