reservoir,value
1,114750.9284787287
2,2419.630102493475
3,40000.31026127176
4,6382.503031265462
