reservoir,value
1,21516.970302999816
2,19824.70736213855
3,2442.928378972324
4,1861.3467124548526
