reservoir,value
1,63555.06558240285
2,6743.20736213855
3,13335.201060288362
4,5931.648077463606
