reservoir,value
1,20163.85001450426
2,16206.079476808432
3,3824.978726121165
4,1955.2280234287814
