reservoir,value
1,43148.40472958141
2,3124.5794768084324
3,30461.26290388829
4,3963.5520195244785
