from,to,value
1,1,0.0
1,2,578.6659324931376
1,3,0.0
1,4,0.0
1,5,0.0
2,1,0.0
2,2,0.0
2,3,0.0
2,4,0.0
2,5,0.0
3,1,1000.0
3,2,0.0
3,3,0.0
3,4,0.0
3,5,2105.40973913199
4,1,0.0
4,2,0.0
4,3,0.0
4,4,0.0
4,5,416.05979733786444
5,1,2521.4695364698537
5,2,0.0
5,3,0.0
5,4,0.0
5,5,0.0
