reservoir,value
1,24165.916940995936
2,5735.006635879736
3,5780.344872265841
4,6446.118873551661
