reservoir,value
1,113214.02978874574
2,0.0
3,17804.927568348034
4,12744.9
