reservoir,value
1,47610.52198832971
2,12277.36459078603
3,16943.481357416156
4,18397.585431757474
