reservoir,value
1,0.0
2,0.0
3,7042.581357416157
4,18175.512003017448
