reservoir,value
1,134829.63873805568
2,6232.847944089381
3,51806.1
4,5337.073428740026
