reservoir,value
1,45096.81258383757
2,5489.081093396715
3,8314.041243160285
4,12458.878123452092
