reservoir,value
1,116322.6144664814
2,864.344355746869
3,30447.35770845384
4,10028.609357961115
