reservoir,value
1,47816.315679456384
2,6346.510994913273
3,12578.591140193055
4,11007.170981377585
