reservoir,value
1,70106.04267923701
2,4810.579375155784
3,21602.76980680856
4,5439.426363113132
