reservoir,value
1,24980.882001919912
2,7661.9415370959005
3,3204.889262489422
4,2337.8124647763652
