reservoir,value
1,62730.756243921656
2,0.0
3,14782.064065674505
4,10114.180319237132
