reservoir,value
1,42154.06106728915
2,4270.466195406278
3,10131.99638767487
4,12518.346147090484
