reservoir,value
1,118535.70411114834
2,0.0
3,29842.340999382828
4,12744.9
