reservoir,value
1,46501.812203971735
2,2095.8356446318803
3,17794.851575108118
4,16814.073185435285
