reservoir,value
1,108017.03640323013
2,0.0
3,33061.48674317626
4,12744.9
