reservoir,value
1,39229.08420159844
2,2641.060927983965
3,5620.7049593874835
4,15653.140858092616
