reservoir,value
1,110929.00463765475
2,0.0
3,25192.499144036912
4,12744.9
