reservoir,value
1,10136.377263360278
2,6737.773887645704
3,3767.7859885308144
4,1806.970477541192
