reservoir,value
1,34660.23143637253
2,0.0
3,11049.326732311569
4,3182.439245839557
