reservoir,value
1,22427.7068061663
2,25420.79559608957
3,3582.833339880262
4,1438.5347879332587
