reservoir,value
1,9735.238898025484
2,19617.2
3,3410.3150304676105
4,4026.8107260934717
