reservoir,value
1,36484.333460572336
2,2007.0578561221078
3,15626.430678453158
4,12822.722832665024
