reservoir,value
1,0.0
2,0.0
3,5725.5306784531585
4,7011.35825682131
