reservoir,value
1,29440.58386915191
2,8946.37336592574
3,5843.216116635043
4,13723.661137216086
