reservoir,value
1,184743.8838691519
2,19617.2
3,24844.03627386487
4,12744.9
