reservoir,value
1,28734.56675349953
2,9307.536446455517
3,4172.809970324957
4,2120.286302171353
