reservoir,value
1,5150.681629455801
2,870.4041602279106
3,0.0
4,363.0666500332577
