reservoir,value
1,23701.439351512803
2,2825.3119288525822
3,3968.027821930901
4,11029.15055231276
