reservoir,value
1,73664.3578822619
2,0.0
3,34774.72016328488
4,12744.9
