reservoir,value
1,29070.551986498314
2,17594.92504021013
3,6987.816371475652
4,5309.7784400287965
