reservoir,value
1,96728.64995685182
2,19617.2
3,48893.01637147565
4,10424.778440028796
