reservoir,value
1,31095.138843289067
2,13171.5008344546
3,7373.886114211769
4,4205.319787549784
