reservoir,value
1,12001.631556623706
2,11131.733955813073
3,3767.8097596241373
4,1922.851299598871
