reservoir,value
1,41501.34910016517
2,0.0
3,32420.477392066594
4,2609.234036155959
