reservoir,value
1,35749.43210247544
2,11882.672715984787
3,9153.766235022003
4,13607.999627853067
