reservoir,value
1,93087.2461681617
2,0.0
3,25308.18715441665
4,12744.9
