reservoir,value
1,46205.00055264744
2,9639.702124475793
3,8851.999578672736
4,13814.91813804621
