reservoir,value
1,80432.80055264744
2,2433.102124475792
3,12045.799578672735
4,11456.518138056255
