reservoir,value
1,18852.612338408082
2,15111.544109420203
3,3327.6799951643566
4,1810.0387505031244
