reservoir,value
1,109291.59019234183
2,3517.1405344148225
3,13235.48823370986
4,4674.51825286707
