reservoir,value
1,27329.436953476397
2,16808.65792462367
3,3128.5933584426434
4,7494.447285997985
