reservoir,value
1,62726.698897731076
2,18841.517576285536
3,38801.10679624902
4,12744.9
