reservoir,value
1,13060.657409622812
2,9389.07723110061
3,2794.9267512884962
4,1967.6935590834119
