reservoir,value
1,34580.74977076793
2,0.0
3,12147.125265357698
4,5184.313834454745
