reservoir,value
1,21079.17916557056
2,3209.3400120896977
3,5577.398630687781
4,9248.570741176838
