reservoir,value
1,168494.1018922788
2,0.0
3,30064.968622532535
4,12744.9
