reservoir,value
1,26491.3676210618
2,12164.03415063195
3,3810.2080541533524
4,3186.1308163898275
