reservoir,value
1,181971.9691458641
2,5167.220554956097
3,4333.951482642791
4,12357.030816389826
