reservoir,value
1,26023.95509256637
2,3574.9542369691753
3,5459.4640781824055
4,4632.026639014724
