reservoir,value
1,940.4727160265784
2,2045.8636501129076
3,21294.463206457745
4,0.0
