reservoir,value
1,46865.757002170045
2,5779.341846391288
3,10054.253628261486
4,3982.289520133686
