reservoir,value
1,1451.457002170042
2,0.0
3,6297.078289672732
4,0.0
