reservoir,value
1,52006.004495495494
2,15034.828721633961
3,12952.112689934856
4,15035.284875032314
