reservoir,value
1,111094.98583246593
2,19617.2
3,34925.51191431316
4,10126.10837772957
