reservoir,value
1,19142.72869433181
2,13386.368382131317
3,3529.5749996044306
4,2218.348779417217
