reservoir,value
1,53475.78670929552
2,8717.694371631536
3,1235.7710379147202
4,2774.05032124271
