reservoir,value
1,26028.008293339182
2,15118.04635457506
3,5180.93177480117
4,4361.0559811186995
