reservoir,value
1,70951.85822932179
2,19617.2
3,0.0
4,3479.3525926286384
