reservoir,value
1,65816.52350375828
2,8957.151237531398
3,22713.18974224674
4,22151.904064533883
