reservoir,value
1,96550.41222586567
2,1750.5512375313974
3,25671.48974224674
4,5202.820129460605
