reservoir,value
1,10872.253712102378
2,25144.25909815324
3,2726.5553742229717
4,1422.8158866030044
