reservoir,value
1,24253.53401333933
2,19617.2
3,9728.381690587348
4,6350.275938160168
