reservoir,value
1,54873.92581947513
2,11327.924254178302
3,7733.541768152508
4,9761.178027511796
