reservoir,value
1,120179.82053435993
2,0.0
3,15280.536353331812
4,5338.4322750940155
