reservoir,value
1,13243.629873119267
2,6747.840857225526
3,4852.262107317305
4,1922.0545308104652
