reservoir,value
1,44789.99858552701
2,0.0
3,37660.22341915899
4,2203.9036689402637
