reservoir,value
1,74748.73626500892
2,5871.941230432928
3,28071.733014163965
4,18737.46154481065
