reservoir,value
1,80954.3297932546
2,14191.941927083364
3,38915.09908657478
4,12744.9
