reservoir,value
1,36730.09932844709
2,7021.336705746162
3,7338.64348832971
4,3919.4181759592484
