reservoir,value
1,14122.278248980612
2,2577.7137954463838
3,4224.3081641085555
4,3223.573240397079
