reservoir,value
1,31165.902881359427
2,0.0
3,24026.954523849392
4,12744.9
