reservoir,value
1,28549.854533830552
2,13322.879116448246
3,7414.5575853693135
4,3245.0945755252183
