reservoir,value
1,16338.682434931648
2,5663.108799295177
3,2697.225895684824
4,1690.6244244713926
