reservoir,value
1,14461.37748828167
2,1410.3460733490408
3,3508.2560565634253
4,4044.085174728123
