reservoir,value
1,23664.796606855525
2,15715.258666996418
3,3275.9621020637096
4,4294.613020991146
