reservoir,value
1,58656.2085255776
2,19617.2
3,32176.168898312728
4,12744.9
