reservoir,value
1,34035.29972278669
2,7903.156878160013
3,7886.865998456675
4,4957.281774151513
