reservoir,value
1,44663.59101742829
2,17250.59687816063
3,33034.11371707152
4,3.33500864389498
