reservoir,value
1,49912.42402051745
2,8775.409266499431
3,15366.449224268548
4,5047.9624866129125
