reservoir,value
1,5881.011330174515
2,17981.849266499434
3,7471.882963720227
4,0.0
