reservoir,value
1,46229.14156012549
2,3204.5531353587025
3,12061.676187839063
4,10609.584349679786
