reservoir,value
1,1706.9483520121576
2,0.0
3,2160.776187839063
4,2979.6843496797865
