reservoir,value
1,25604.242585971686
2,3742.9406265859097
3,8644.869406099891
4,6500.362145838756
