reservoir,value
1,159069.1245069638
2,11777.812711915445
3,50550.069406099894
4,11034.40347355963
