reservoir,value
1,25088.208429507744
2,11077.730385056424
3,3605.206759032446
4,3502.9448296290307
