reservoir,value
1,115285.28804825376
2,0.0
3,3402.60045547332
4,12297.085650517576
