reservoir,value
1,22825.2091021216
2,12289.620103224011
3,6430.655328933334
4,3814.5713097353955
