reservoir,value
1,72789.88241800878
2,0.0
3,46915.46607723964
4,12744.9
