reservoir,value
1,106056.87165374779
2,2868.067127750999
3,22298.919280638896
4,24937.12194899263
