reservoir,value
1,175633.7757078462
2,8620.70730602288
3,17585.632192779933
4,12744.9
