reservoir,value
1,68917.51701265525
2,12746.61223965702
3,19829.211194726337
4,10860.242030326157
