reservoir,value
1,166242.02096662245
2,12830.181200370596
3,21492.42775271274
4,5218.009717338648
