reservoir,value
1,41826.65945818444
2,5673.534527061813
3,14875.552632503019
4,14004.016707088973
