reservoir,value
1,87501.23751469392
2,0.0
3,21511.02218019381
4,11859.604046553563
