reservoir,value
1,35775.8697900804
2,5256.428373537029
3,12836.044266268462
4,12789.492802404005
