reservoir,value
1,90871.09272621643
2,0.0
3,33268.84066952542
4,12744.9
