reservoir,value
1,21091.088313420336
2,7826.46844411504
3,3142.552258560812
4,1726.654431111095
