reservoir,value
1,31889.307375135442
2,0.0
3,23219.222796891576
4,2485.111619753242
