reservoir,value
1,36971.78925780844
2,23579.63176738603
3,13582.443806197258
4,16135.121937357018
