reservoir,value
1,98026.01266657948
2,15988.428356311804
3,38256.98864600291
4,12744.9
