reservoir,value
1,34447.80257038032
2,7789.521389301835
3,4256.588263888759
4,3483.783843491233
