reservoir,value
1,189751.10257038043
2,2145.181389301841
3,25893.402889342815
4,10930.70305267892
