reservoir,value
1,56030.005659612616
2,3228.2527085054885
3,6258.566397576178
4,11704.476257705668
