reservoir,value
1,178095.2120229545
2,0.0
3,17278.466340856576
4,7750.375940920569
