reservoir,value
1,25080.13400779972
2,11295.441348147458
3,2720.6055837086483
4,1561.5334960264981
