reservoir,value
1,77614.4038296927
2,0.0
3,4458.775532376578
4,4519.391264939674
