reservoir,value
1,29692.26375716275
2,5050.795200190568
3,6275.894712657324
4,3300.0005389505613
