reservoir,value
1,0.0
2,1622.4078545337052
3,4443.568633471736
4,0.0
