from,to,value
1,1,0.0
1,2,0.0
1,3,0.0
1,4,0.0
1,5,322.4562857259956
2,1,3106.535004891166
2,2,0.0
2,3,0.0
2,4,0.0
2,5,0.0
3,1,0.0
3,2,0.0
3,3,0.0
3,4,0.0
3,5,152.39999999995325
4,1,0.0
4,2,0.0
4,3,0.0
4,4,0.0
4,5,0.0
5,1,0.0
5,2,0.0
5,3,0.0
5,4,474.85628572552935
5,5,0.0
