reservoir,value
1,20305.38635909691
2,9389.44062217357
3,3405.6529469015477
4,2024.8925918027087
