reservoir,value
1,30848.396484377132
2,4296.241028015149
3,5068.028364361402
4,3080.8975936964716
