region,depth,value
1,1,227.5631618582629
1,2,56.47500000000001
1,3,45.71897084772228
1,4,41.22600000000001
2,1,128.74321854829924
2,2,27.890000000000004
2,3,11.92296544186268
2,4,20.981213701913983
3,1,138.96118228967808
3,2,1.6739461917930203
3,3,22.008000000000003
3,4,34.17408944618187
4,1,0.0
4,2,0.0
4,3,6.57905439924637
4,4,16.70724881216883
