from,to,value
1,1,0.0
1,2,1831.5114783402553
1,3,73.24379827590877
1,4,0.0
1,5,100.72736449398708
2,1,667.7031776419426
2,2,0.0
2,3,0.0
2,4,0.0
2,5,0.0
3,1,440.4292160924519
3,2,0.0
3,3,0.0
3,4,0.0
3,5,472.85983034756714
4,1,0.0
4,2,0.0
4,3,0.0
4,4,0.0
4,5,1349.9004951585405
5,1,1495.4468724839512
5,2,0.0
5,3,326.3831200041255
5,4,101.65769694579198
5,5,0.0
