reservoir,value
1,26610.653494111877
2,10513.185430279349
3,5861.504972100564
4,3258.640254149114
