reservoir,value
1,0.0
2,1622.0417388467094
3,114.64095330005635
4,0.0
