reservoir,value
1,12808.251412585574
2,7285.756509505267
3,6913.2552877097005
4,748.7071568412489
