reservoir,value
1,26508.273595718285
2,24000.73414981583
3,5333.804269536732
4,5130.417319834261
