reservoir,value
1,61195.99368750169
2,19617.2
3,218.59586811591905
4,6285.4744478771245
