reservoir,value
1,35207.47588608127
2,11832.149592591879
3,6688.07089082183
4,3625.4523656344622
