reservoir,value
1,24741.78737350999
2,0.0
3,11155.91855963524
4,0.0
