reservoir,value
1,20718.00781024749
2,12242.964067407982
3,4656.336320707753
4,3870.3080529740178
