reservoir,value
1,83779.22093959662
2,1504.4312402104915
3,42606.4699386218
4,8985.308052974018
