reservoir,value
1,14065.15419373124
2,18051.708647302377
3,4421.724669739939
4,2132.0829219703232
