reservoir,value
1,54689.20692559781
2,4970.208647302377
3,30007.247572113214
4,11342.752505184373
