reservoir,value
1,20048.807031131422
2,9200.444207506423
3,2987.8595347622127
4,2211.661307796527
