reservoir,value
1,109427.90660751681
2,0.0
3,9219.275344412716
4,10785.54371142636
