reservoir,value
1,51897.46852285509
2,3829.603425675622
3,11892.456046415486
4,12191.580304848609
