reservoir,value
1,82748.2719485305
2,0.0
3,15086.256046415472
4,9833.180304866826
