reservoir,value
1,61750.73088601894
2,10163.121367789077
3,13915.413626316376
4,16514.272191465272
