reservoir,value
1,94289.03088601894
2,2956.521367789077
3,16873.713626316377
4,6921.035042263006
