reservoir,value
1,44608.84706285318
2,11028.191171497994
3,14387.606579710955
4,23361.46550506736
