reservoir,value
1,145351.13310939487
2,3338.2876441264525
3,41560.70761541348
4,7412.90947820137
