reservoir,value
1,35795.5957245166
2,2022.7838920579961
3,17282.215701594097
4,13588.527254697903
