reservoir,value
1,13339.508018498214
2,1483.7838920579961
3,7381.315701594098
4,6040.955057015144
