reservoir,value
1,26642.206422535408
2,808.5318652426931
3,7303.136486494196
4,13500.648781326161
