reservoir,value
1,89712.27533510992
2,0.0
3,21898.843225473698
4,12744.9
