reservoir,value
1,69573.72447489368
2,10984.86908564236
3,21367.056824812902
4,15359.032904851436
