reservoir,value
1,63342.573516864766
2,0.0
3,20219.990239157873
4,12744.9
