reservoir,value
1,26815.766882220072
2,14114.280072395826
3,4421.654074399623
4,2204.8034335356133
