reservoir,value
1,6628.973729395322
2,16912.947863354162
3,19103.171293737993
4,1050.6754810093967
