reservoir,value
1,82705.37652687925
2,8079.745807239399
3,7898.677502502612
4,23168.760113689234
