reservoir,value
1,159244.45390109485
2,4587.7082181427595
3,6035.913559260425
4,12744.9
