reservoir,value
1,27780.893491334857
2,11554.789885963151
3,3885.686719854327
4,4197.539767895066
