reservoir,value
1,120901.88143416007
2,0.0
3,8782.400933171732
4,12744.9
