reservoir,value
1,38960.67574100362
2,5907.965736277238
3,10069.461009849572
4,8763.528449973794
