reservoir,value
1,0.0
2,0.0
3,21463.02421630732
4,1133.628449973794
