reservoir,value
1,45122.96264575847
2,5315.248603597566
3,6580.174275170881
4,11829.70433521883
