reservoir,value
1,176821.71516210714
2,8630.371400118722
3,28471.599804218356
4,12744.9
