reservoir,value
1,21657.432499546376
2,14398.307215924902
3,2798.4148955410215
4,1515.4421438446725
