reservoir,value
1,19814.038465646732
2,11877.202355748106
3,4076.3743417820224
4,8793.578409063644
