reservoir,value
1,101644.44108613017
2,0.0
3,20720.069700378805
4,12744.9
