reservoir,value
1,63581.646125613755
2,3001.526575871747
3,29537.80865733593
4,19929.045657469418
