reservoir,value
1,32639.826184714086
2,0.0
3,20382.535955927226
4,12299.145657469418
