reservoir,value
1,78361.46507720543
2,2766.9759263272945
3,41597.48984632416
4,26818.990244551325
