reservoir,value
1,0.0
2,0.0
3,273.0258022513881
4,18743.335902020743
