reservoir,value
1,67108.79126191951
2,1576.9759263272908
3,51806.1
4,12744.9
