reservoir,value
1,54381.388668769556
2,4590.697537042971
3,10378.426831067009
4,8915.483525860202
