reservoir,value
1,85993.28620581252
2,0.0
3,13572.226831067008
4,6557.083525860202
