reservoir,value
1,11316.522174408703
2,2151.482340701462
3,4650.8000123755255
4,3198.6348285294916
