reservoir,value
1,43717.86004141699
2,0.0
3,15297.308127990666
4,12744.9
