reservoir,value
1,21319.643354770076
2,16486.456249035997
3,3455.276803520341
4,2253.3499241598875
