reservoir,value
1,46402.98338379351
2,9477.953086172358
3,1035.662047547903
4,3863.83503441557
