reservoir,value
1,43070.0899948195
2,3854.219329108125
3,8118.877609712596
4,14312.19748175645
