reservoir,value
1,116396.65940100374
2,0.0
3,25223.13245969108
4,12744.9
