reservoir,value
1,27456.66297388904
2,8634.40706520657
3,4062.1983384501455
4,3318.1066125219677
