reservoir,value
1,81466.25562290056
2,0.0
3,17824.0064729193
4,12489.006612521967
