reservoir,value
1,23906.165782575874
2,19154.788195755566
3,2798.1524861314856
4,2293.3454677350223
