reservoir,value
1,59124.31512511082
2,16659.08907628638
3,0.0
4,3647.9752039481637
