reservoir,value
1,37783.77933776642
2,7385.066650456184
3,6899.152188732816
4,10412.039911564849
