reservoir,value
1,138124.89927385747
2,1774.0680257116476
3,35993.304005399055
4,12744.9
