reservoir,value
1,35662.456029509296
2,1862.6630261203861
3,6916.422885651494
4,12724.697053824106
