reservoir,value
1,165036.3382266248
2,0.0
3,24638.973262012743
4,12744.9
