reservoir,value
1,36645.53103825961
2,24206.218486249327
3,3280.567023542512
4,2047.934007280717
