reservoir,value
1,58606.444103541304
2,19617.2
3,16601.966888164665
4,3821.3419041996167
