reservoir,value
1,20402.463306234466
2,21471.212992759014
3,2924.947480890665
4,2714.105298972492
