reservoir,value
1,82253.43453051362
2,8389.712992759014
3,2384.5804224175026
4,9362.923822060828
