reservoir,value
1,35204.84763224672
2,5470.916617995205
3,8882.102728431846
4,16479.44316804093
