reservoir,value
1,108518.77238817017
2,0.0
3,18272.303514376843
4,12744.9
