reservoir,value
1,30649.12595533848
2,8184.268545694697
3,6791.2493195752195
4,5766.386868002422
