reservoir,value
1,64586.395175570025
2,1932.8874038565896
3,19143.70296713271
4,22470.653686035803
