reservoir,value
1,164520.33587950523
2,0.0
3,32585.934363714885
4,12744.9
