reservoir,value
1,23964.161613658005
2,10136.296330515503
3,4001.662691077945
4,2989.6451659130394
