reservoir,value
1,101008.0746873644
2,9165.193434962212
3,8905.330994929467
4,12160.54516591304
