reservoir,value
1,15127.509672308744
2,13251.048773542894
3,2709.1179474726746
4,1515.118970210258
