reservoir,value
1,31645.53856821639
2,1197.226678703908
3,2845.5599337721997
4,2459.26586055003
