reservoir,value
1,40282.75248806393
2,19073.114571803715
3,4052.4545417464524
4,5041.191978962764
