reservoir,value
1,165494.42799713218
2,5991.614571803715
3,29798.049896711396
4,12744.9
