reservoir,value
1,19070.638181544346
2,10790.012043747936
3,2740.9283147159995
4,3098.5175601972555
