reservoir,value
1,49653.772500423685
2,0.0
3,9824.41987622743
4,11926.287326085052
