reservoir,value
1,25858.368916357278
2,21323.893880619165
3,3173.9259389002736
4,3426.0711676771475
