reservoir,value
1,43277.213281214616
2,16978.72395515006
3,27192.93531613402
4,12744.9
