reservoir,value
1,19055.438683952758
2,16479.300405908965
3,3841.2009831860405
4,2662.2698020711036
