reservoir,value
1,40855.210432246386
2,4097.70011004369
3,13201.240813486085
4,11688.169802071103
