from,to,value
1,1,0.0
1,2,2400.627548130251
1,3,170.73433227559508
1,4,0.0
1,5,0.0
2,1,0.0
2,2,0.0
2,3,0.0
2,4,0.0
2,5,0.0
3,1,0.0
3,2,0.0
3,3,0.0
3,4,0.0
3,5,0.0
4,1,0.0
4,2,0.0
4,3,0.0
4,4,0.0
4,5,1160.8656677244228
5,1,0.0
5,2,0.0
5,3,1160.865667724407
5,4,0.0
5,5,0.0
