reservoir,value
1,19857.726150504346
2,9250.000004420332
3,3339.1184588518345
4,2997.8884952909752
