reservoir,value
1,56661.66491395437
2,0.0
3,16302.18760614561
4,0.0
