reservoir,value
1,9485.151193817714
2,3598.117838874712
3,1718.9352279454808
4,1235.709260216338
