reservoir,value
1,0.0
2,4732.543170636349
3,7457.287669874713
4,1035.6961587546787
