reservoir,value
1,61771.53286798917
2,5720.531262529939
3,15850.076101912615
4,18801.072199742106
