reservoir,value
1,62575.42764140203
2,8230.587665785226
3,9192.794176390606
4,12744.9
