reservoir,value
1,16657.542446063235
2,12202.066647622694
3,2856.863467233489
4,2191.623365082969
