reservoir,value
1,40551.18667853954
2,5134.973764770442
3,3577.219693605525
4,6597.0765687775065
