reservoir,value
1,24493.480042922653
2,2130.9888787333293
3,10676.54923172787
4,18925.469369622966
