reservoir,value
1,82804.79020200056
2,0.0
3,40950.30333355424
4,12744.9
