reservoir,value
1,91010.63862379386
2,9165.255483578516
3,17001.008249475657
4,16218.57923715452
