reservoir,value
1,106537.43862379383
2,13865.155483578515
3,19959.30824947566
4,10224.193784425788
