reservoir,value
1,19913.71924786119
2,12900.49045854848
3,5892.344506728844
4,2261.67893833581
