reservoir,value
1,32661.39089921276
2,0.0
3,33651.66792588704
4,0.0
