reservoir,value
1,24893.478217693184
2,21582.461700858556
3,4197.901966745319
4,3235.027965546881
