reservoir,value
1,57971.90388601695
2,8500.961700858556
3,19451.939353166585
4,12405.927965546882
