reservoir,value
1,37867.55517351969
2,9201.836600050385
3,6758.704913767925
4,8728.232227545186
