reservoir,value
1,106454.41019286061
2,0.0
3,24132.926456143116
4,12744.9
