reservoir,value
1,24739.87279121022
2,9490.996216385032
3,3196.980115892269
4,2233.2568802263636
