reservoir,value
1,86905.78483739012
2,0.0
3,7206.613585023373
4,10587.757768913176
