reservoir,value
1,26654.247071594444
2,11579.081055563865
3,3152.8361502010916
4,2199.9846426603963
