reservoir,value
1,63747.66452503634
2,0.0
3,3454.035381077333
4,11552.164959924317
