reservoir,value
1,47460.925380084416
2,18667.1295268666
3,6722.740401638194
4,3008.080860768746
