reservoir,value
1,61055.315361490546
2,19617.2
3,13423.807289802859
4,1144.5168871035348
