reservoir,value
1,20665.189102885088
2,23796.05161285238
3,3527.5753708683487
4,3618.208863253149
