reservoir,value
1,79671.99539388934
2,19617.2
3,3627.376296471625
4,8026.057128042864
