reservoir,value
1,30062.394472930584
2,5385.242963354695
3,6612.6751666471455
4,11965.028477381262
