reservoir,value
1,126159.4372885022
2,0.0
3,15470.37604673356
4,12744.9
