reservoir,value
1,75381.69121557183
2,24200.846758388427
3,21656.899089072405
4,14084.91414977807
