reservoir,value
1,87619.77455094262
2,19617.2
3,25438.359594995738
4,7340.518421178531
