reservoir,value
1,28259.865561675822
2,34572.98446252226
3,5452.199423413027
4,6475.6176770706625
