reservoir,value
1,166552.13238552507
2,19617.2
3,33793.29933537496
4,12744.9
