reservoir,value
1,71116.17004681693
2,6417.949704342064
3,15281.981523737266
4,15093.893596828246
