reservoir,value
1,101839.819751159
2,0.0
3,18240.281523737267
4,2413.4193536591165
