reservoir,value
1,33944.153412672495
2,7456.587416517613
3,3330.1176516524415
4,3133.280317263922
