reservoir,value
1,70975.33639787804
2,0.0
3,4656.33960161934
4,12594.180317263921
