reservoir,value
1,49442.28395988059
2,4780.253762691442
3,21159.40336420458
4,8441.464252615482
