reservoir,value
1,18364.663656006072
2,1074.2413439599168
3,51806.1
4,1740.464252615482
