reservoir,value
1,17063.83744362665
2,16924.397004877144
3,6711.178742216073
4,3562.0250226783655
