reservoir,value
1,72923.18707802118
2,19617.2
3,33157.016428923176
4,12732.925022678302
