reservoir,value
1,65281.22768111386
2,7424.65176920002
3,21921.102632004942
4,30208.73452360535
