reservoir,value
1,97819.52768111386
2,218.0517692000194
3,24879.402632004945
4,0.0
