reservoir,value
1,45814.248810386
2,7725.321101149548
3,13588.52517696201
4,12374.971285532196
