reservoir,value
1,90456.24134970146
2,0.0
3,18418.720919393414
4,11218.832014877942
