reservoir,value
1,57925.20372981856
2,10812.751871444174
3,16878.098293734467
4,14291.552160530746
