reservoir,value
1,90463.50372981856
2,3606.1518714441736
3,19836.39829373447
4,7389.497412602135
