reservoir,value
1,91820.80567792732
2,10007.53124463258
3,29390.3966740646
4,15525.92528101375
