reservoir,value
1,172818.78679949875
2,13154.243879479034
3,44964.28805166947
4,12744.9
