reservoir,value
1,70689.357451519
2,4595.986982880627
3,21594.054095174895
4,8958.171417597345
