reservoir,value
1,45033.04906482029
2,6547.981752110077
3,17045.921116333975
4,1328.2714175962396
