reservoir,value
1,28577.429666821554
2,3341.374749776226
3,10383.918317159058
4,7623.175676367735
