reservoir,value
1,0.0
2,1502.7147909129799
3,2788.297605057219
4,2754.597279660284
