reservoir,value
1,33686.89400193731
2,13353.585076172265
3,10352.770336936825
4,11978.613051209875
