reservoir,value
1,129720.77306224842
2,7893.822698006237
3,51806.1
4,9685.786479949902
