reservoir,value
1,24066.065668092015
2,3862.8405338067682
3,15456.867201543764
4,7486.597092938643
