reservoir,value
1,107874.28554562037
2,0.0
3,51806.1
4,12601.59709293861
