reservoir,value
1,50036.704223774854
2,8250.225743356132
3,12769.500849692713
4,17769.20220943124
