reservoir,value
1,146391.4667930467
2,19617.2
3,44122.058437735905
4,9836.95828576828
