reservoir,value
1,54365.05831339774
2,9780.614171199728
3,8941.421729472897
4,8346.968489539062
