reservoir,value
1,88592.85831339774
2,2574.0141711997276
3,12135.221729472401
4,5988.568489539062
