reservoir,value
1,26465.7525698454
2,10817.768390873005
3,5412.594487301002
4,6272.023665672134
