reservoir,value
1,72008.46566832463
2,0.0
3,22039.337386419953
4,12744.9
