reservoir,value
1,67033.9415039841
2,4765.503844065863
3,18196.888723102802
4,25551.07807414791
