reservoir,value
1,21619.641503984094
2,0.0
3,0.0
4,17921.17807414791
