reservoir,value
1,200717.6
2,2908.8876458838463
3,35392.902979668856
4,12744.9
