reservoir,value
1,65368.30978490463
2,7322.969773855554
3,11387.367199160713
4,14310.269092399987
