reservoir,value
1,124173.12526734179
2,16480.519186201567
3,22248.577630929387
4,6680.3690923999875
