reservoir,value
1,45522.48184863598
2,9201.640419620575
3,12725.790537642459
4,3648.1415027093067
