reservoir,value
1,40670.368504517566
2,15737.340419620576
3,2824.890537642459
4,0.0
