reservoir,value
1,34622.91298358848
2,11803.230706625844
3,4058.0890912030554
4,13070.792438997069
