reservoir,value
1,52548.56409675177
2,0.0
3,6446.479463846657
4,10387.418834953656
