reservoir,value
1,50779.99556595515
2,3785.6654824055868
3,20145.959248523366
4,12560.797075474458
