reservoir,value
1,89420.94428062282
2,13073.959318694553
3,15172.780598628833
4,8969.954158188531
