reservoir,value
1,63291.87426769527
2,11744.105678329577
3,14703.544512045628
4,11369.339124481205
