reservoir,value
1,91977.44579081757
2,18279.805678329438
3,20283.762823982215
4,4721.211605429071
