reservoir,value
1,53232.33945778987
2,4376.324203176289
3,9430.785707506904
4,12630.536577279523
