reservoir,value
1,200717.6
2,5110.335544175083
3,28224.256893169255
4,10185.24183323493
