reservoir,value
1,14873.824329577727
2,5524.172480426265
3,2840.254505044842
4,2168.733258995269
