reservoir,value
1,88489.01201476068
2,3293.5950795023564
3,19053.71913988308
4,10523.994077593208
