reservoir,value
1,35547.950179081505
2,2614.977164414289
3,11266.068304779092
4,14454.532378887445
