reservoir,value
1,135055.50939230967
2,3830.8152387106124
3,31326.078588787237
4,12744.9
