reservoir,value
1,16959.264492221788
2,2097.812452474115
3,4209.1489029366585
4,3807.80349104499
