reservoir,value
1,65003.028997667934
2,7949.292637882704
3,28777.776648453248
4,6301.2587315016235
