reservoir,value
1,16029.633932296272
2,12507.749227194041
3,2486.99292400953
4,2376.4339669486535
