reservoir,value
1,39943.32728622938
2,0.0
3,10822.621612988263
4,11734.333966948652
