reservoir,value
1,16876.517167678267
2,6364.401095016108
3,3142.142279463799
4,3091.2845378858324
