reservoir,value
1,62776.14704386853
2,0.0
3,8675.080151256556
4,5187.217638958527
