reservoir,value
1,13788.448540657668
2,9205.649823940967
3,3075.041398858332
4,1554.2538590983866
