reservoir,value
1,122107.22340038608
2,373.17768480005725
3,0.0
4,4538.546808927767
