reservoir,value
1,84465.45227091372
2,2107.7284660859304
3,21073.554296956976
4,9708.52321725214
