reservoir,value
1,86663.61522982689
2,9244.544326748897
3,18275.66894063796
4,2078.6232172521395
