reservoir,value
1,56644.77067966682
2,12834.957699390903
3,17515.33237299142
4,14505.627183412322
