reservoir,value
1,76178.67781359218
2,16603.19597184742
3,46786.607704252296
4,12120.050499611098
