reservoir,value
1,20330.44518127327
2,12254.874583115625
3,4881.265162035425
4,2799.7068938852694
