reservoir,value
1,84294.60180364305
2,5788.089979287645
3,43378.483782012256
4,11970.60689388527
