reservoir,value
1,17155.75883061861
2,6225.550085744877
3,3083.2813729759714
4,2496.7843905994855
