reservoir,value
1,40568.63554186602
2,0.0
3,11765.99897712261
4,11854.684390599485
