reservoir,value
1,63015.40006859643
2,5344.733741306494
3,11972.695385246461
4,12634.402185977084
