reservoir,value
1,72578.49495936467
2,12470.170370322554
3,7265.564586975863
4,5004.502185977084
