reservoir,value
1,42635.73976269245
2,8117.93147471978
3,12500.664681817021
4,3695.4161829124096
