reservoir,value
1,54854.42663522594
2,13218.425280177187
3,18254.20395794342
4,616.8673060528154
