reservoir,value
1,29946.27827895579
2,6409.297717229539
3,7525.274399686497
4,10377.86321966202
