reservoir,value
1,118985.30756419874
2,3471.9170515419983
3,32716.353529059143
4,12379.222948416642
