reservoir,value
1,17441.379926212667
2,18104.554671256148
3,4679.359469297801
4,2646.279016031868
