reservoir,value
1,63077.053289478245
2,19617.2
3,8535.233846123061
4,5205.457480284264
