reservoir,value
1,43357.246667887215
2,10899.457861168445
3,6506.389778025658
4,3224.9256680142475
