reservoir,value
1,71491.74848289648
2,7766.976265724839
3,1071.4305348872442
4,0.0
