reservoir,value
1,19964.03988577878
2,20605.798363334092
3,2752.731261525491
4,1829.0666598213863
