reservoir,value
1,111051.67350474057
2,9943.31187539886
3,4185.740900590185
4,6493.465536252152
