reservoir,value
1,42493.594752081444
2,9149.986910584996
3,8167.659120434839
4,17211.445268221512
