reservoir,value
1,151000.6990387847
2,0.0
3,21042.322114351016
4,12744.9
