reservoir,value
1,21720.08740741764
2,18265.891914852
3,6104.634866306642
4,8088.586712562467
