reservoir,value
1,137890.5054849265
2,5184.391914852
3,39535.43635919108
4,12744.9
