reservoir,value
1,28089.182092722214
2,9359.561674883647
3,5012.603369107227
4,2417.3942714914383
