reservoir,value
1,40766.654030303784
2,2578.3846928007115
3,1226.7129570227714
4,922.5443226397769
