reservoir,value
1,36483.24172263378
2,9429.74600177586
3,11463.899462912977
4,4149.743650685795
