reservoir,value
1,42018.14064191344
2,8124.1935399361355
3,4329.130877239759
4,7176.6188549994495
