reservoir,value
1,173425.55580402058
2,6114.613795054296
3,28195.230681457346
4,12744.9
