reservoir,value
1,18013.650006498905
2,11873.239186888804
3,2911.45357995868
4,1657.5824069046137
