reservoir,value
1,37097.94950756006
2,7973.105703011824
3,2049.671693533051
4,3409.842947837784
