reservoir,value
1,14683.943720108518
2,4625.820190155353
3,2555.9704645377424
4,2256.0766078662487
