reservoir,value
1,35132.70440285108
2,0.0
3,10642.388660078705
4,3726.340980786841
