reservoir,value
1,28579.27020481356
2,3078.601773880894
3,5479.427606364226
4,13094.701170970431
