reservoir,value
1,76821.55083254361
2,0.0
3,2743.5176275303784
4,12531.337087328104
