reservoir,value
1,44889.47646060485
2,5210.366220727889
3,13173.281826616276
4,15519.072097783308
