reservoir,value
1,106389.1490372402
2,8376.17007697992
3,20030.852941584148
4,12744.9
