reservoir,value
1,22521.577647374885
2,20592.990096488575
3,5498.57664854498
4,2510.3314912476644
