reservoir,value
1,1239.0564145674798
2,19617.2
3,0.0
4,405.1087150708994
