reservoir,value
1,19401.941888783913
2,4187.0777436132175
3,5413.28282213801
4,9119.16306382649
