reservoir,value
1,105106.60250225585
2,0.0
3,39426.573564700826
4,12744.9
