reservoir,value
1,25968.26168570764
2,19124.80983187223
3,2582.0350725683907
4,1483.127928752044
