reservoir,value
1,51745.639160145816
2,10271.078322007295
3,1394.304727668101
4,981.6595368699845
