reservoir,value
1,19391.825459818363
2,8371.175700491422
3,3872.55211112958
4,1862.5460587400748
