reservoir,value
1,147094.04183991443
2,0.0
3,27920.882915245547
4,2197.7651825069406
