reservoir,value
1,24536.28923051092
2,2762.423029015015
3,8317.0075268056
4,14192.437423995954
