reservoir,value
1,73083.32104193409
2,0.0
3,26527.64289911895
4,12744.9
