reservoir,value
1,18106.426240258443
2,6303.096875914093
3,3019.125953880624
4,2485.3890280981454
