reservoir,value
1,3636.226949408694
2,0.0
3,0.0
4,1392.157089631377
