reservoir,value
1,28767.574857105596
2,13843.203885761264
3,6494.741948889433
4,5531.50683257317
