reservoir,value
1,136523.16876156384
2,761.7038857612642
3,46814.56115969484
4,12744.9
