reservoir,value
1,24555.624110508914
2,13596.789740777194
3,2973.457428557675
4,1977.369087159893
