reservoir,value
1,121013.8040369405
2,1078.6709374254533
3,4164.374810532538
4,9463.532950341109
