reservoir,value
1,82047.60196508883
2,4459.566895419894
3,33714.816073036935
4,20514.7525453057
