reservoir,value
1,35096.02756093241
2,0.0
3,21368.63169596111
4,12884.8525453057
