reservoir,value
1,35306.35552245663
2,14518.323838008051
3,2941.708664103497
4,1714.066540273458
