reservoir,value
1,54873.862028457355
2,19617.2
3,9365.731537954258
4,4308.385124684225
