reservoir,value
1,20591.32764804536
2,36150.11072247701
3,2574.2912800892923
4,1798.387966992932
