reservoir,value
1,77613.99432235616
2,19617.2
3,17903.172370298915
4,232.68103139799769
