reservoir,value
1,8770.242134169881
2,14467.580178000906
3,2171.5221047750924
4,2195.966283193741
