reservoir,value
1,50472.442296809706
2,1465.580178000906
3,3650.194017993614
4,3072.734473805264
