reservoir,value
1,26046.469866693667
2,5927.979633319238
3,11027.157304108681
4,11173.383422444836
