reservoir,value
1,54844.19155447594
2,19617.2
3,11716.631663055672
4,3543.483422444837
