reservoir,value
1,15591.611919424708
2,8349.82762317746
3,2939.1130759942816
4,1874.0732775635097
