reservoir,value
1,24357.11801349302
2,0.0
3,2749.8522132564385
4,7753.338597771857
