reservoir,value
1,27051.55300218441
2,15429.955950412625
3,7299.836285811326
4,2461.2380280781204
