reservoir,value
1,0.0
2,19617.2
3,2006.3337394516784
4,556.5848230441575
