reservoir,value
1,15941.410871365688
2,7828.697498867528
3,2511.959769130932
4,2149.3282197636195
