reservoir,value
1,75452.17337254528
2,567.3397690702295
3,0.0
4,2662.628397013216
