reservoir,value
1,20698.02793801498
2,13756.693226810625
3,3310.3254613672316
4,3135.5414302603986
