reservoir,value
1,1662.897997510164
2,4490.8292758530315
3,0.0
4,581.7924403965042
