reservoir,value
1,24002.81785727656
2,4437.981335127348
3,6792.630315144833
4,2586.656232719601
