reservoir,value
1,10549.184329087519
2,0.0
3,10612.221336951647
4,34.491525444293075
