reservoir,value
1,23436.564073976646
2,3310.6846754393296
3,5949.054031365444
4,3596.6835026428244
