reservoir,value
1,33484.51565566222
2,5374.83171464096
3,14710.610803505784
4,19285.506704264808
