reservoir,value
1,67625.04950871368
2,0.0
3,21371.711516441792
4,12744.9
