reservoir,value
1,37149.88687735669
2,31457.01281821159
3,2668.648556203264
4,2000.6668515197273
