reservoir,value
1,49573.004143556354
2,9200.186961378706
3,10413.262897282602
4,7215.362221030736
