reservoir,value
1,52476.43442345529
2,6679.565614581506
3,512.3628972826027
4,0.0
