reservoir,value
1,35167.14542114812
2,8411.219310289902
3,8731.829026512516
4,3048.837650521845
