reservoir,value
1,9306.81363539076
2,725.3204569023081
3,18434.859207396486
4,0.0
