reservoir,value
1,31663.42652791969
2,14836.625751407759
3,5744.734509935726
4,3036.967317671413
