reservoir,value
1,175441.15622491448
2,2736.043583634186
3,45403.871157327216
4,12207.867317671413
