reservoir,value
1,82935.46002381519
2,4349.226495795083
3,19412.18206378612
4,25097.515242305024
