reservoir,value
1,12437.33573166137
2,0.0
3,0.0
4,17467.615242305023
