reservoir,value
1,200717.6
2,5016.663801817963
3,27096.91425656605
4,12744.9
