reservoir,value
1,57849.941374197384
2,5405.709919765808
3,9718.69710285197
4,15094.337134397203
