reservoir,value
1,92363.63096816553
2,0.0
3,15992.600743686524
4,11055.359557578922
