reservoir,value
1,55021.69274583432
2,13961.55501218313
3,14982.902226180126
4,15832.31881993937
