reservoir,value
1,53032.560478695465
2,19617.2
3,10538.664965153173
4,8432.576213769062
