reservoir,value
1,16581.340699191445
2,11985.614506719874
3,4163.490526349345
4,2287.3047028243245
