reservoir,value
1,21998.7289445333
2,1843.7097329021062
3,2330.09124693205
4,2768.578261198762
