reservoir,value
1,16766.095113854768
2,6272.501690258309
3,3289.279507985599
4,2511.7968086248197
