reservoir,value
1,57094.76945702664
2,0.0
3,8035.9471600812085
4,2505.9657887354583
