from,to,value
1,1,0.0
1,2,2157.968561778034
1,3,600.0
1,4,0.0
1,5,2899.499999999969
2,1,0.0
2,2,0.0
2,3,0.0
2,4,0.0
2,5,0.0
3,1,0.0
3,2,0.0
3,3,0.0
3,4,0.0
3,5,0.0
4,1,0.0
4,2,0.0
4,3,0.0
4,4,0.0
4,5,0.0
5,1,0.0
5,2,0.0
5,3,1606.5999999999692
5,4,1292.8999999999996
5,5,0.0
