reservoir,value
1,20478.177418353305
2,9924.968561778034
3,6910.914102540615
4,9638.213668945753
