reservoir,value
1,75726.43618213186
2,0.0
3,37960.317436094854
4,12744.9
