reservoir,value
1,16392.460383248315
2,33719.8441874667
3,3254.711250098091
4,3560.7214406082476
