reservoir,value
1,38456.785329464285
2,19617.2
3,3520.4771693867497
4,12744.9
