reservoir,value
1,23104.677581975346
2,19909.339725611044
3,2960.294128474297
4,1377.358996567519
