reservoir,value
1,60615.07896467341
2,13507.582592082152
3,4827.557365537322
4,7247.546952320918
