reservoir,value
1,29825.073409175402
2,6656.861925376268
3,9072.193256870678
4,4268.352341186491
