reservoir,value
1,40196.22188324214
2,7498.354002592665
3,3479.0973164853453
4,0.0
