from,to,value
1,1,0.0
1,2,0.0
1,3,600.0
1,4,0.0
1,5,2535.437463053677
2,1,2835.275177236331
2,2,0.0
2,3,0.0
2,4,0.0
2,5,0.0
3,1,0.0
3,2,0.0
3,3,0.0
3,4,0.0
3,5,0.0
4,1,0.0
4,2,0.0
4,3,0.0
4,4,0.0
4,5,0.0
5,1,0.0
5,2,0.0
5,3,2138.599999999998
5,4,396.83746305367913
5,5,0.0
