reservoir,value
1,30245.93828942518
2,4855.724822763669
3,10470.33023742481
4,4313.512731423803
