reservoir,value
1,20602.63683812989
2,0.0
3,5215.2896091792345
4,0.0
