reservoir,value
1,67329.79563776965
2,6745.939433986414
3,36117.42188003548
4,21273.711179477457
