reservoir,value
1,170636.3496094937
2,4993.200983668687
3,51540.06844779386
4,12744.9
