reservoir,value
1,32226.17836864411
2,6076.0622474262855
3,16156.404265031586
4,6402.39219280244
