reservoir,value
1,22328.581780247812
2,6456.959287768705
3,4151.750441824507
4,2826.5724796843274
