reservoir,value
1,11616.291886538831
2,8081.193090747891
3,0.0
4,0.0
