reservoir,value
1,58909.0153883326
2,6055.602601999875
3,11029.745952683306
4,10432.03607323123
