reservoir,value
1,125083.93246693653
2,11961.379970596452
3,11721.17137338203
4,3502.0911905191924
