from,to,value
1,1,0.0
1,2,1644.6017457467406
1,3,600.0
1,4,0.0
1,5,2285.065510776394
2,1,0.0
2,2,0.0
2,3,0.0
2,4,0.0
2,5,0.0
3,1,0.0
3,2,0.0
3,3,0.0
3,4,0.0
3,5,0.0
4,1,0.0
4,2,0.0
4,3,0.0
4,4,0.0
4,5,0.0
5,1,0.0
5,2,0.0
5,3,1670.6000000000004
5,4,614.4655107764177
5,5,0.0
