reservoir,value
1,19190.628745476104
2,9194.60174574674
3,5843.223244371293
4,2991.7083982965505
