reservoir,value
1,18099.109529201764
2,0.0
3,14368.74766881341
4,0.0
