reservoir,value
1,10719.793436703594
2,8683.300802232669
3,3075.8205664979446
4,1368.9507655592479
