reservoir,value
1,0.0
2,11885.86244323034
3,17629.131980396534
4,2354.9681978235567
