reservoir,value
1,46517.6599988348
2,4447.869492805283
3,7342.339836867693
4,13650.02029538051
