reservoir,value
1,98039.10417471478
2,0.0
3,11373.430887985003
4,6979.745951501704
