reservoir,value
1,34861.77384762153
2,7186.422204949718
3,10646.527298591296
4,5532.357430659319
