reservoir,value
1,4753.153483230526
2,0.0
3,745.6272985912965
4,0.0
