reservoir,value
1,25684.82326203426
2,3857.727870000563
3,5944.725250594544
4,3190.9553398754806
