reservoir,value
1,0.0
2,1565.518469783134
3,11532.302703356456
4,0.0
