from,to,value
1,1,0.0
1,2,0.0
1,3,0.0
1,4,0.0
1,5,619.4453014200549
2,1,67.0682257224853
2,2,0.0
2,3,0.0
2,4,0.0
2,5,0.0
3,1,0.0
3,2,0.0
3,3,0.0
3,4,0.0
3,5,841.6046985799352
4,1,0.0
4,2,0.0
4,3,0.0
4,4,0.0
4,5,0.0
5,1,0.0
5,2,0.0
5,3,0.0
5,4,1461.0499999998199
5,5,0.0
