reservoir,value
1,11252.375474331451
2,6674.081774277514
3,2315.3293915928643
4,1630.2951071311231
