reservoir,value
1,22981.312489657565
2,0.0
3,0.0
4,1622.306120785386
