reservoir,value
1,53065.17538399691
2,4406.765495027221
3,17421.199284988223
4,16952.572438045125
