reservoir,value
1,0.0
2,0.0
3,2815.7031714198038
4,9322.672438045125
