reservoir,value
1,83093.8675457982
2,1755.3043476641608
3,24810.875078257217
4,19255.912164926835
