reservoir,value
1,59974.527160558006
2,0.0
3,17533.214434668098
4,11729.425103374128
