reservoir,value
1,34470.52083264222
2,2792.8249037756846
3,11606.400608732501
4,15762.869070695595
