reservoir,value
1,83748.44006528615
2,0.0
3,16030.710650871764
4,12744.9
