reservoir,value
1,28494.985006745457
2,12130.092456454979
3,7288.423752732982
4,7559.55043566368
