reservoir,value
1,99506.89169134834
2,1596.2667124505206
3,45667.16234970991
4,12674.550435663681
