reservoir,value
1,19160.20057995624
2,12807.071065868142
3,3256.9498833059824
4,1782.3255563972884
