reservoir,value
1,35943.205061889676
2,0.0
3,27906.937766409064
4,5775.170764665045
