reservoir,value
1,39534.34382071781
2,5056.306083206795
3,20736.880123073213
4,23721.23261855468
