reservoir,value
1,93122.32128034456
2,0.0
3,40174.65410182637
4,11316.157924190942
