reservoir,value
1,43159.3688461091
2,18378.02599244647
3,5244.817579564697
4,2820.5054154848594
