reservoir,value
1,18118.86505137074
2,8619.659482635872
3,4777.9624482320805
4,3071.372827720041
