reservoir,value
1,64951.065286652156
2,83.39365916419229
3,20994.062209763506
4,7352.003722035784
