reservoir,value
1,15848.631350635162
2,21878.145419476263
3,5664.2324828535175
4,2349.0338883812924
