reservoir,value
1,79806.34793360019
2,8796.645419476263
3,31652.25322433368
4,7513.203737526979
