reservoir,value
1,14147.694025270432
2,10261.378254947322
3,2573.2079075740517
4,2357.0448715980915
