reservoir,value
1,63900.46514717527
2,4912.5895766029025
3,20623.82418106719
4,11704.416634325074
