reservoir,value
1,21710.015264057532
2,33780.25836798333
3,2755.4177946647715
4,1505.0665481641925
