reservoir,value
1,72085.85509838504
2,19617.2
3,26966.339426771283
4,6756.438726102395
