reservoir,value
1,68529.27107157577
2,3228.5382517637945
3,18880.013496240863
4,19238.967500782426
