reservoir,value
1,90901.09351817326
2,6188.415805166304
3,21838.313496240866
4,12744.9
