reservoir,value
1,21516.192197777564
2,15462.813679268007
3,3496.4342092695824
4,1439.8371185106955
