reservoir,value
1,68937.20336935311
2,2381.313679268007
3,6480.348075153347
4,2010.8616887783787
