reservoir,value
1,25248.447342829426
2,4639.055159927846
3,5970.011339213076
4,13766.854985002214
