reservoir,value
1,89703.89123268492
2,0.0
3,25437.179534797782
4,12744.9
