reservoir,value
1,19399.55004188431
2,3931.0222825743213
3,3026.422037460829
4,3014.0340995725333
