reservoir,value
1,92078.03933869497
2,0.0
3,7337.830773363322
4,12516.934099572542
