reservoir,value
1,94742.92552318776
2,2906.6007980328754
3,22079.930877036815
4,19690.7475457198
