reservoir,value
1,161486.17921638713
2,0.0
3,31139.634683421107
4,2730.7950693600583
