reservoir,value
1,36431.74603247332
2,12269.924866388505
3,3866.9438923665766
4,6780.74397968711
