reservoir,value
1,169112.6580554278
2,1276.3548663884874
3,18044.092066477235
4,7935.119920607615
