reservoir,value
1,43517.76191729249
2,2538.388775976094
3,7084.152726785049
4,21467.348156966378
