reservoir,value
1,107210.05325381015
2,0.0
3,8729.185305398196
4,12744.9
