reservoir,value
1,42106.450036005575
2,13181.802825825804
3,6022.130949235689
4,11298.356099372137
