reservoir,value
1,197157.7743294253
2,16854.311897498905
3,46170.3303462381
4,12744.9
