reservoir,value
1,26170.566284828765
2,21889.208748311103
3,2927.9198904179834
4,1770.9604043421978
