reservoir,value
1,66387.31033670844
2,14548.655133409338
3,2563.1576068494232
4,1510.3246926737988
