reservoir,value
1,78369.67614190611
2,2444.1150750184443
3,30654.925092822592
4,22227.197392093858
