reservoir,value
1,0.0
2,0.0
3,7863.024179397408
4,16590.771892528515
