reservoir,value
1,115409.4197381128
2,7691.273199149767
3,51806.1
4,10751.425499564324
