reservoir,value
1,76976.23777496285
2,9941.870408493918
3,20402.862500601484
4,23869.32411483313
