reservoir,value
1,105718.53777496284
2,2735.270408493918
3,23361.162500601487
4,0.0
