reservoir,value
1,28840.909939752113
2,11691.649382175445
3,5220.432012445555
4,3374.1681247211745
