reservoir,value
1,16823.938536812086
2,10090.804973629229
3,2153.909665912938
4,2170.6410935028025
