reservoir,value
1,50751.68510604552
2,0.0
3,18965.43128175881
4,8632.39554507355
