reservoir,value
1,24240.668317771284
2,18687.282568248178
3,3617.870114257026
4,2954.8738574192157
