reservoir,value
1,69626.50284828049
2,13995.495561007192
3,1444.150536677478
4,4687.897679482085
