reservoir,value
1,13027.109324933888
2,5350.074672116667
3,2937.845471899466
4,2680.0524140164334
