reservoir,value
1,29330.973710658756
2,0.0
3,11232.538180205618
4,12376.552414016434
