reservoir,value
1,42198.609669393045
2,4695.786615145602
3,14843.28467120065
4,18778.97420551591
