reservoir,value
1,62190.988672853564
2,0.0
3,19992.445021771564
4,3737.293375427955
