reservoir,value
1,60890.37860055077
2,4249.671327593908
3,25002.459495675197
4,31068.747736974718
