reservoir,value
1,119761.12937845854
2,0.0
3,39980.96212768014
4,0.0
