reservoir,value
1,12576.524932123388
2,13392.158465294946
3,3213.911678384641
4,1845.93540060562
