reservoir,value
1,28461.919438253855
2,358.1584652949459
3,7049.203358692977
4,4741.596720650787
