reservoir,value
1,26764.20125627554
2,14249.10840726347
3,6316.322325575826
4,2216.0605594156423
