reservoir,value
1,30818.621493020502
2,19617.2
3,2554.6989227099584
4,0.0
