reservoir,value
1,26872.34768723044
2,22064.268558955155
3,2190.4751868901285
4,2095.9991419961616
