reservoir,value
1,105392.18021377797
2,13089.190785916984
3,3388.0679725465143
4,6445.253986431105
