reservoir,value
1,25016.751114352468
2,12218.96988064556
3,7153.294771683251
4,7664.0578487435705
