reservoir,value
1,113030.93234424456
2,2609.3869321870066
3,31921.35543220992
4,12744.9
