reservoir,value
1,29340.722340547512
2,4512.751203992794
3,9935.924930938512
4,12190.476882850668
