reservoir,value
1,94609.61358734292
2,0.0
3,31024.372476383178
4,12744.9
