reservoir,value
1,80513.63905064078
2,11319.790522580177
3,11399.77330660295
4,11656.00021962511
