reservoir,value
1,135572.55755016961
2,4255.141552649928
3,21024.15735598447
4,4776.986136411343
