reservoir,value
1,14792.288769955629
2,11408.390305981065
3,2521.4820667981066
4,1238.269690960697
