reservoir,value
1,36344.923559457995
2,0.0
3,15822.231556644037
4,3910.1096466046874
