reservoir,value
1,19507.56997112401
2,14659.0739987754
3,3906.070635007383
4,2633.289129940527
