reservoir,value
1,70589.60618825868
2,3520.1703258671314
3,22684.14804723954
4,9948.8155028433
