reservoir,value
1,52630.02566705723
2,4196.478642872455
3,19988.606158278755
4,15292.577194014639
