reservoir,value
1,98642.88855462652
2,0.0
3,25167.535168068145
4,6763.426075682834
