reservoir,value
1,24378.177636775217
2,17594.21400460176
3,3656.446613928768
4,2601.223554513864
