reservoir,value
1,106998.54287584196
2,9597.039910412099
3,13544.06691624847
4,11589.36971807358
