reservoir,value
1,64296.060329019325
2,5713.083723624842
3,20083.496715907873
4,13949.965555395724
