reservoir,value
1,53181.43142615415
2,0.0
3,21338.51527554312
4,6320.065555395724
