reservoir,value
1,32309.5538765996
2,7458.255110052203
3,7318.018564781053
4,3762.942109800282
