reservoir,value
1,1911.8404397433405
2,0.0
3,7893.730283515851
4,0.0
