reservoir,value
1,29382.860032440258
2,5601.754463226534
3,5195.223841693774
4,10116.289309909293
