reservoir,value
1,86340.90933324522
2,0.0
3,9833.3195356794
4,12744.9
