reservoir,value
1,42950.8808781117
2,3326.3893216242454
3,21405.716532591974
4,20288.481778051064
