reservoir,value
1,116558.4888787798
2,2140.802141476618
3,19213.709364379036
4,12744.9
