from,to,value
1,1,0.0
1,2,3903.0330574466593
1,3,0.0
1,4,0.0
1,5,0.0
2,1,0.0
2,2,0.0
2,3,0.0
2,4,0.0
2,5,0.0
3,1,0.0
3,2,0.0
3,3,0.0
3,4,0.0
3,5,0.0
4,1,0.0
4,2,0.0
4,3,0.0
4,4,0.0
4,5,1425.2027921154026
5,1,228.88699338879593
5,2,0.0
5,3,1196.3157987266056
5,4,0.0
5,5,0.0
