reservoir,value
1,17583.360875102993
2,11368.31302565095
3,2789.699275224315
4,1968.9742945248354
