reservoir,value
1,39121.19416258576
2,13043.44774657868
3,6869.761429266226
4,11201.017928218203
