reservoir,value
1,35480.218823805415
2,3839.7146097404016
3,0.0
4,3571.117928218204
