reservoir,value
1,29919.711239403427
2,36808.36931107566
3,2461.8569025158095
4,2261.5574672564644
