reservoir,value
1,135482.75851133798
2,19617.2
3,2539.6313196634073
4,3382.336036409736
