reservoir,value
1,16140.808445655453
2,11965.502678847863
3,3086.831413883631
4,2367.9480138557847
