reservoir,value
1,23513.495124195186
2,4018.976443618305
3,2599.8388864364874
4,3985.936803687271
