reservoir,value
1,58097.46390632486
2,8184.020291328143
3,24237.03889554877
4,15861.874545187427
