reservoir,value
1,121522.95576833066
2,0.0
3,34481.76880609221
4,10043.76653603918
