reservoir,value
1,30097.128556775955
2,11476.51015769441
3,4030.4433861161083
4,2902.600888686813
