reservoir,value
1,101266.06253812774
2,0.0
3,11009.933469131107
4,12073.500888686813
