reservoir,value
1,45667.911570433265
2,8013.651717079135
3,14824.492514775804
4,12732.195492542069
