reservoir,value
1,0.0
2,0.0
3,4348.256125754839
4,173.1551568188297
