reservoir,value
1,113409.0612492977
2,2330.897940556346
3,51806.1
4,12744.9
