reservoir,value
1,16662.433779910127
2,7236.31193396034
3,3476.873848158217
4,8142.354761386534
