reservoir,value
1,80692.76136903898
2,0.0
3,242.43251609913023
4,12744.9
