reservoir,value
1,13457.339972966038
2,4747.283147303607
3,3870.9158889252412
4,1509.9111739784876
