reservoir,value
1,35755.8162733005
2,0.0
3,11904.553334596378
4,3219.1790246905935
