reservoir,value
1,32090.805991939807
2,7063.142755896327
3,6493.574516484829
4,4325.690956231658
