reservoir,value
1,63589.77053401399
2,5610.618140126151
3,19812.08734024428
4,19190.024860214355
