reservoir,value
1,147459.8154155925
2,3735.7840610183157
3,28742.76311057624
4,12744.9
