reservoir,value
1,43886.59410671611
2,10289.476117609098
3,6277.436694453157
4,8835.053059869953
