reservoir,value
1,78931.39410671545
2,3082.8761176097632
3,9849.236694453159
4,6476.653059869954
