reservoir,value
1,63335.19879718046
2,5430.886710631205
3,14427.19357258743
4,16072.33153533145
