reservoir,value
1,94097.78550781167
2,0.0
3,17385.49357258743
4,0.0
