reservoir,value
1,15967.154015522867
2,3407.8408030348874
3,4340.794446959661
4,2993.0206331965537
