reservoir,value
1,43562.6405506809
2,0.0
3,23217.67109541291
4,3767.9243660002935
