reservoir,value
1,10689.185939914798
2,6272.097230843428
3,3044.3660775848207
4,1862.9996256694958
