reservoir,value
1,27831.955849742513
2,0.0
3,9268.052097455311
4,6175.028621285433
