reservoir,value
1,22068.993510379867
2,9262.320167831684
3,8105.920686527168
4,3224.9849812829452
