reservoir,value
1,11961.53824455537
2,19617.2
3,18831.39348366539
4,609.5367583576808
