reservoir,value
1,10613.196346402205
2,8112.185940067531
3,2996.0479071012933
4,1534.3946221610743
