reservoir,value
1,72648.80050663829
2,0.0
3,9962.840744552028
4,4918.351917880095
