reservoir,value
1,63933.43322287992
2,6556.48689129655
3,21748.22206115324
4,16149.99589037626
