reservoir,value
1,95821.62011417648
2,0.0
3,24706.522061153242
4,0.0
