reservoir,value
1,73832.95079932452
2,5481.707808537129
3,24548.540340293555
4,16099.960552677985
