reservoir,value
1,44015.13422489611
2,19617.2
3,20744.266072410814
4,8949.80399569351
