reservoir,value
1,12762.54015479554
2,9003.381145656955
3,2813.280509880269
4,1993.6988299041068
