reservoir,value
1,84303.37494532914
2,17476.037000791486
3,14937.50280401406
4,8330.811300602343
