reservoir,value
1,24013.134081164793
2,13781.399704134727
3,4250.123279161378
4,3857.892884224417
