reservoir,value
1,54046.89215057861
2,699.8997041347266
3,19260.939830300045
4,12744.9
