reservoir,value
1,36057.48628648311
2,13426.546210281174
3,7474.440446637744
4,4232.150019483454
