reservoir,value
1,46959.2475097816
2,1066.0235322466178
3,0.0
4,0.0
