reservoir,value
1,24688.807901531523
2,11514.94926590625
3,6908.427327800229
4,6860.7663627022675
