reservoir,value
1,117951.71096377907
2,6327.271963912488
3,48813.627327800226
4,8916.652842654854
