reservoir,value
1,15856.68876973815
2,6156.686591337946
3,3840.0341926506585
4,2921.4118176957923
