reservoir,value
1,38507.88458839642
2,0.0
3,0.0
4,756.1323868734822
