reservoir,value
1,33654.45307921213
2,7316.608090430887
3,10799.163218609829
4,3344.916012946891
