reservoir,value
1,6016.386656376377
2,0.0
3,21794.624885098223
4,0.0
