reservoir,value
1,38281.36413900832
2,11305.443620131311
3,14575.60091428195
4,6422.001593013812
