reservoir,value
1,13551.715337410635
2,11221.125562766505
3,3921.9075607258014
4,4069.6070347267
