reservoir,value
1,101785.54239797876
2,1226.255390522787
3,17763.49451776245
4,12744.9
