reservoir,value
1,14535.019852129135
2,4268.711525694184
3,3030.5665931000067
4,1447.004141469233
