reservoir,value
1,5586.098121936848
2,0.0
3,0.0
4,3771.3230666324907
