reservoir,value
1,15542.721337633837
2,11756.654700091212
3,3660.405325839871
4,2246.0463937191057
