reservoir,value
1,76562.53697813876
2,2271.473302183871
3,4797.474588781628
4,11396.232003957766
