reservoir,value
1,69405.39802835936
2,3136.093657826894
3,11171.881639351841
4,15042.057937911839
