reservoir,value
1,95661.21043730056
2,0.0
3,21730.919074595906
4,9385.680204738175
