reservoir,value
1,20775.60773992018
2,23207.137232423443
3,3701.980244050733
4,3549.889429591666
