reservoir,value
1,93183.94670109241
2,13994.959334029758
3,21681.913339749422
4,12678.789429591992
