reservoir,value
1,20738.748494959058
2,5570.841295158685
3,2977.8178464705006
4,3092.932684973017
