reservoir,value
1,99269.47122427783
2,0.0
3,5082.918779642276
4,12118.832684973017
