reservoir,value
1,49805.51694507502
2,7575.346118815286
3,16006.59258060652
4,10343.631096611058
