reservoir,value
1,59389.123582187225
2,0.0
3,7188.17958534283
4,2713.731096611058
