reservoir,value
1,29110.59469344945
2,3857.2610263662964
3,14386.695202496769
4,7998.260717180223
