reservoir,value
1,0.0
2,0.0
3,8655.823684271683
4,564.9341553461545
