reservoir,value
1,11228.3901247734
2,8202.12640637527
3,2869.5751984163876
4,2293.5099025862073
