reservoir,value
1,33848.501505346445
2,0.0
3,11770.882370886491
4,11990.00990258709
