reservoir,value
1,48065.69395585866
2,2691.2793352674594
3,7952.970791041128
4,4889.1675298156815
