reservoir,value
1,32048.97454454917
2,4596.431396169202
3,7720.876169493956
4,6577.4967578433525
