reservoir,value
1,97537.6316807976
2,0.0
3,35581.42993312769
4,12744.9
