reservoir,value
1,14350.576358914524
2,11169.825262243805
3,3691.913439572699
4,2181.9826755976346
