reservoir,value
1,32761.409908630158
2,12625.87138843737
3,32770.472584073956
4,7626.9204437422
