reservoir,value
1,14398.10210046698
2,5323.286734509215
3,2932.1902211251745
4,1394.2140287960065
