reservoir,value
1,21944.10028189029
2,1127.937264674166
3,9064.940183340108
4,7228.764711546526
