reservoir,value
1,17778.737927921804
2,22449.346323405207
3,3171.739477760401
4,1399.4902059163323
