reservoir,value
1,21906.363122526047
2,15880.167790958394
3,24582.417219338367
4,3602.68577212293
