reservoir,value
1,25953.458599247424
2,9421.117206027337
3,6403.147794091669
4,5925.347115709519
