reservoir,value
1,93325.20710232115
2,615.6806753853034
3,26983.381752989513
4,12744.9
