reservoir,value
1,52729.74351647054
2,2354.78512208788
3,21578.186636266186
4,17597.819951908958
