reservoir,value
1,113565.45957038183
2,5074.711135316927
3,25368.58099031045
4,12744.9
