reservoir,value
1,20158.745999776227
2,9146.921091784052
3,5716.870971972213
4,2805.462045504249
