reservoir,value
1,4882.263489321167
2,0.0
3,1453.3737058255638
4,575.7145254951885
