reservoir,value
1,19967.627433598063
2,8560.71254149753
3,3523.181475477371
4,2268.1112723270026
