reservoir,value
1,38540.54596125742
2,0.0
3,4044.7127223665175
4,8135.004675107601
