from,to,value
1,1,0.0
1,2,1566.6947320876134
1,3,600.0
1,4,0.0
1,5,181.86987037719715
2,1,0.0
2,2,0.0
2,3,0.0
2,4,0.0
2,5,0.0
3,1,0.0
3,2,0.0
3,3,0.0
3,4,0.0
3,5,0.0
4,1,0.0
4,2,0.0
4,3,0.0
4,4,0.0
4,5,1558.7301296226158
5,1,0.0
5,2,0.0
5,3,1740.6000000000788
5,4,0.0
5,5,0.0
