reservoir,value
1,15128.198684363782
2,8975.694732087613
3,2712.419323273217
4,1970.5117948535014
