reservoir,value
1,33897.024751104174
2,0.0
3,1848.8527303163037
4,2799.7024911484673
