reservoir,value
1,40124.10576608947
2,3816.2843230273556
3,10701.65470285965
4,18379.97915918574
