reservoir,value
1,84044.29349674769
2,0.0
3,14913.486529775879
4,1358.4466476417356
