reservoir,value
1,34674.18508495843
2,33568.396563674076
3,3163.040914955595
4,3028.910974490765
