reservoir,value
1,66530.9902076376
2,19617.2
3,2242.537317935169
4,790.99416920866
