reservoir,value
1,56311.520622194075
2,9194.459207429163
3,19829.032332734223
4,9829.187791850669
