reservoir,value
1,37800.508161944614
2,0.0
3,14552.966220067798
4,2199.2877918506692
