reservoir,value
1,19766.362289079785
2,9993.751082143917
3,3217.1553431362345
4,2577.2730420137486
