reservoir,value
1,53235.01678979614
2,0.0
3,5964.610476719364
4,8121.181897518329
