from,to,value
1,1,0.0
1,2,0.0
1,3,0.0
1,4,0.0
1,5,0.0
2,1,2214.312834633898
2,2,0.0
2,3,0.0
2,4,0.0
2,5,0.0
3,1,530.600000000013
3,2,0.0
3,3,0.0
3,4,0.0
3,5,0.0
4,1,0.0
4,2,0.0
4,3,0.0
4,4,0.0
4,5,509.2771653660475
5,1,509.277165366031
5,2,0.0
5,3,0.0
5,4,0.0
5,5,0.0
