reservoir,value
1,25875.67178763501
2,5861.843358594598
3,6156.237163435601
4,3280.8252409374813
