reservoir,value
1,11309.768272012196
2,2242.637221243645
3,1323.3655277970038
4,0.0
