reservoir,value
1,64840.899805973764
2,10991.824938534159
3,24113.36875167012
4,19522.49198279774
