reservoir,value
1,93583.19980597377
2,3785.2249385341584
3,27071.66875167012
4,0.0
