reservoir,value
1,43048.97735386997
2,23579.764362418464
3,12562.03966189521
4,15195.139437391324
