reservoir,value
1,0.0
2,10498.264362418464
3,0.0
4,4946.447815120895
