reservoir,value
1,118664.7231863331
2,19617.2
3,37586.65157621099
4,12744.9
