from,to,value
1,1,0.0
1,2,0.0
1,3,600.0
1,4,0.0
1,5,1405.5999625647112
2,1,1669.751400312984
2,2,0.0
2,3,0.0
2,4,0.0
2,5,0.0
3,1,0.0
3,2,0.0
3,3,0.0
3,4,0.0
3,5,0.0
4,1,0.0
4,2,0.0
4,3,0.0
4,4,0.0
4,5,335.0000374349573
5,1,0.0
5,2,0.0
5,3,1740.5999999999963
5,4,0.0
5,5,0.0
