reservoir,value
1,16370.975931004112
2,5739.248599686507
3,3079.3774527290584
4,1470.0418828854677
