reservoir,value
1,20797.572168918694
2,0.0
3,13720.491021806814
4,3518.048260489611
