reservoir,value
1,68804.1230402593
2,9398.599370349248
3,8659.18501170666
4,9143.644877985744
