reservoir,value
1,101342.42304025931
2,2191.9993703492473
3,11617.485011706662
4,0.0
