reservoir,value
1,24903.24679560195
2,11319.796229165977
3,9353.27108722586
4,11868.97249464616
