reservoir,value
1,118452.9008961856
2,954.5516705626778
3,17558.87664539551
4,12744.9
