reservoir,value
1,23614.774694004132
2,32591.745478588156
3,5574.982925782639
4,5195.0817340335525
