reservoir,value
1,137436.12059542706
2,19617.2
3,45987.07145892938
4,12744.9
