reservoir,value
1,69539.92847104892
2,17461.829665515113
3,8320.326149124465
4,6471.088949007129
