reservoir,value
1,30602.185656870257
2,10426.557355239856
3,0.0
4,0.0
