reservoir,value
1,24077.78012537853
2,3100.5781993139763
3,4867.934765045838
4,11362.073974398521
