reservoir,value
1,77790.65960355016
2,0.0
3,17257.104357272612
4,12744.9
