reservoir,value
1,18665.821501503022
2,4287.058804144977
3,4804.399955647423
4,2701.351621418738
