reservoir,value
1,163150.3198586607
2,6130.87641627242
3,38745.963601781434
4,7816.3516214191595
