reservoir,value
1,25663.12017436244
2,4344.771866115487
3,5979.1678869823345
4,10709.333507286947
