reservoir,value
1,78291.88446815101
2,0.0
3,15180.561568395939
4,12744.9
