reservoir,value
1,13269.737987239329
2,9274.985084291722
3,1857.5263995158432
4,1256.4178763791183
