reservoir,value
1,10837.16338599516
2,2171.1354257912317
3,7711.095639724871
4,2618.330143405266
