reservoir,value
1,40291.47229481164
2,2146.51545337094
3,17063.748832478523
4,6128.492421344754
