reservoir,value
1,11595.240570687542
2,1607.5154533719183
3,17775.070169430168
4,0.0
