reservoir,value
1,35260.357490229675
2,8251.698589123804
3,13474.379445409144
4,14514.272109620946
