reservoir,value
1,101022.90668460287
2,2547.674255995542
3,48279.638596976954
4,12744.9
