reservoir,value
1,19579.742342920315
2,5250.590625234121
3,3723.3699466390412
4,3395.173193987118
