reservoir,value
1,64272.829975585155
2,0.0
3,22143.302634819065
4,12744.9
