reservoir,value
1,22874.03557819382
2,3349.977713232317
3,4282.604036663188
4,3845.7333941286274
