reservoir,value
1,892.106791886671
2,2056.3197663710816
3,0.0
4,0.0
