reservoir,value
1,23109.169328641532
2,3273.4269840427432
3,4719.534088134431
4,3387.517810094261
