reservoir,value
1,20329.676656507785
2,228.42506505519577
3,0.0
4,0.0
