reservoir,value
1,39643.435505988455
2,3739.9931059606242
3,15515.360221156705
4,11296.809564750609
