reservoir,value
1,11916.240277458404
2,0.0
3,8786.942620825519
4,5251.446074360605
