reservoir,value
1,84631.55135215934
2,8076.909256650482
3,12040.907732616888
4,16037.294214876361
