reservoir,value
1,155985.6121408475
2,0.0
3,17942.77678596694
4,8407.394214876362
