reservoir,value
1,17703.40636561698
2,8372.792100648994
3,4458.778733495991
4,3465.9015772401963
