reservoir,value
1,80988.02845586163
2,0.0
3,20453.695762471147
4,11222.303499732925
