from,to,value
1,1,0.0
1,2,1906.4631456123552
1,3,0.0
1,4,0.0
1,5,0.0
2,1,0.0
2,2,0.0
2,3,0.0
2,4,0.0
2,5,0.0
3,1,1000.0
3,2,0.0
3,3,0.0
3,4,0.0
3,5,1100.2388463852112
4,1,0.0
4,2,0.0
4,3,0.0
4,4,0.0
4,5,243.23658757452813
5,1,1343.4754339597393
5,2,0.0
5,3,0.0
5,4,0.0
5,5,0.0
