reservoir,value
1,25593.987516383833
2,9698.463145612299
3,4643.097477167656
4,2473.446030024627
