reservoir,value
1,3836.4907759811176
2,0.0
3,0.0
4,1790.2378095412814
