reservoir,value
1,56267.605498022254
2,3903.2936577602673
3,15490.536910825032
4,15524.559419727924
