reservoir,value
1,86543.59915578252
2,0.0
3,18448.836910825034
4,12744.9
