reservoir,value
1,76961.2240664732
2,7587.933378093718
3,12868.345378529108
4,9490.894237771125
