reservoir,value
1,142738.8039539672
2,7695.838960713445
3,11564.116557986403
4,1987.6676870124911
