reservoir,value
1,17045.18376656384
2,12258.051674093473
3,3227.60825478185
4,2024.4499671121198
