reservoir,value
1,61229.12181469568
2,0.0
3,12241.849114341385
4,10383.02113207923
