reservoir,value
1,19481.392023248824
2,27007.504409768007
3,3615.7311373991115
4,3342.371905102065
