reservoir,value
1,37582.091237296336
2,19617.2
3,23488.272668575086
4,12744.9
