reservoir,value
1,42597.742134026135
2,10293.103928370649
3,6306.138218044492
4,14737.842042374545
