reservoir,value
1,89770.81451046394
2,0.0
3,22219.043322220325
4,10540.780717313484
