reservoir,value
1,18787.209923194892
2,14846.505482564244
3,4848.912266613383
4,2666.8817718928835
