reservoir,value
1,52874.33086044793
2,10839.853856350968
3,19173.249628472826
4,11598.179829649413
