from,to,value
1,1,0.0
1,2,1815.0342317404047
1,3,0.0
1,4,0.0
1,5,0.0
2,1,0.0
2,2,0.0
2,3,0.0
2,4,0.0
2,5,0.0
3,1,1000.0
3,2,0.0
3,3,0.0
3,4,0.0
3,5,1333.1970495846147
4,1,0.0
4,2,0.0
4,3,0.0
4,4,0.0
4,5,376.26898694899813
5,1,1709.4660365336129
5,2,0.0
5,3,0.0
5,4,0.0
5,5,0.0
