reservoir,value
1,23952.005363167234
2,8098.534231740405
3,3409.4029504155387
4,1653.9079464185818
