reservoir,value
1,28762.651131959432
2,5032.129968434356
3,15400.296028857512
4,10572.991987868954
