reservoir,value
1,0.0
2,0.0
3,681.3204110928509
4,2943.0919878689547
