reservoir,value
1,68409.72428151999
2,8691.836560554975
3,11353.09978955247
4,15046.587104636772
