reservoir,value
1,137800.48325268354
2,0.0
3,13069.684801259133
4,5453.503772085891
