reservoir,value
1,52094.771261358925
2,4268.790642856038
3,14449.215720971024
4,5142.275422340704
