reservoir,value
1,47612.462958913165
2,11029.255860663006
3,7103.014643680983
4,0.0
