reservoir,value
1,37119.091921226085
2,29117.9910495766
3,8529.254643204073
4,4953.86104472581
