reservoir,value
1,160557.82658696146
2,19617.2
3,40347.34049953472
4,12744.9
