reservoir,value
1,18756.597751027453
2,5722.177019140674
3,2765.028726735368
4,2167.860331383149
