reservoir,value
1,21385.002682072005
2,2097.9221179932197
3,3552.095391453647
4,2474.6599378497103
