reservoir,value
1,168265.46875973672
2,0.0
3,19544.59828079646
4,5775.4629905384045
