reservoir,value
1,17047.16011056707
2,8206.771193845756
3,4018.396007470375
4,3178.3802141715787
