reservoir,value
1,126704.27616762507
2,0.0
3,39268.807682700906
4,8293.380214177245
