reservoir,value
1,44588.52860649969
2,5633.202197115417
3,13188.48748618241
4,8200.673787455002
