reservoir,value
1,10483.996878511884
2,0.0
3,4610.953013979415
4,1444.093205814066
