reservoir,value
1,22955.80176637292
2,16867.51345418203
3,3571.8175854517162
4,1681.6489080168571
