reservoir,value
1,132534.86037271377
2,3786.013454182078
3,6608.367679992004
4,9656.464448117456
