reservoir,value
1,24711.233351815812
2,14336.33652107151
3,4335.877309899908
4,2579.91983293937
