reservoir,value
1,26299.548451152463
2,14125.794807993754
3,4067.463268394445
4,2519.2042682642254
