reservoir,value
1,66680.77829661765
2,7434.634010632104
3,30596.07153118099
4,7594.855617049016
