reservoir,value
1,59633.414681587994
2,4465.417477523404
3,7784.850911047504
4,15009.40168856531
