reservoir,value
1,116779.474387168
2,0.0
3,11778.114210803662
4,12056.411143816722
