reservoir,value
1,62336.62379960109
2,16567.7734114465
3,10932.225520023814
4,14227.25786093847
