reservoir,value
1,94874.92379960109
2,9361.173411446498
3,13890.525520023815
4,11868.85786093847
