reservoir,value
1,49845.32435640858
2,21017.67355554712
3,7310.595255964518
4,12343.871700607251
