reservoir,value
1,165735.35690310376
2,7936.1735555471205
3,26217.77128141571
4,12744.9
