reservoir,value
1,29079.10431864196
2,3911.162683663428
3,5163.571692939574
4,12276.942577412636
