reservoir,value
1,146014.85607146926
2,0.0
3,11511.770228990048
4,12744.9
