reservoir,value
1,18766.40636174571
2,17672.473811918244
3,3943.3916570814918
4,3474.357147693055
