reservoir,value
1,81157.16542498302
2,4590.973811918244
3,11648.934992313523
4,12645.257147693055
