reservoir,value
1,15871.545146259688
2,6542.9432191325795
3,3909.518469756662
4,1864.6652307710326
