reservoir,value
1,118469.39449108881
2,2564.735714219404
3,21929.501385001902
4,632.4304132767621
