reservoir,value
1,21118.210065481075
2,59846.6697855746
3,6485.135637200368
4,6044.530019285124
