reservoir,value
1,26163.989920636024
2,19617.2
3,41531.70585403226
4,8856.335055963686
