reservoir,value
1,25467.865447541804
2,15451.207759193148
3,4783.481461282008
4,7276.951935497396
