reservoir,value
1,129897.2474049222
2,6822.738832936495
3,25155.431610777334
4,12744.9
