reservoir,value
1,18001.387140632192
2,8345.005961514831
3,2321.1800509039813
4,2577.549581201912
