reservoir,value
1,68914.26032604967
2,0.0
3,392.880050903982
4,7733.609782271795
