reservoir,value
1,18134.31443371265
2,5280.613699407899
3,4055.920560692415
4,3358.208287834361
