reservoir,value
1,63714.02801163695
2,0.0
3,33449.45137827964
4,6646.8525377340175
