reservoir,value
1,66740.31096963267
2,4907.9910248697215
3,18212.776374574372
4,11675.429579784854
