reservoir,value
1,82317.23342065656
2,0.0
3,29650.39165011749
4,10365.595135180578
