reservoir,value
1,44573.982221283084
2,16999.7866171382
3,14791.382912094541
4,15080.630961134444
