reservoir,value
1,49359.30577117672
2,3918.286617138201
3,14076.260350571498
4,9966.485599562071
