reservoir,value
1,22811.986501917
2,13526.901596382575
3,4782.302727913702
4,2566.687834803759
