reservoir,value
1,70623.18016626056
2,13863.686919255753
3,40030.7944447925
4,4841.327278072348
