reservoir,value
1,23696.778917692347
2,14179.990784073052
3,2344.6109044263444
4,3239.2748179880173
