reservoir,value
1,87152.37643982959
2,1098.490784073052
3,0.0
4,11547.060201069882
