reservoir,value
1,18712.995349428915
2,18624.30378692918
3,2650.9199148166904
4,1594.3979142844491
