reservoir,value
1,9542.30783908648
2,5614.30378692918
3,0.0
4,0.0
