reservoir,value
1,21405.627663561758
2,4221.960124781872
3,6287.159085471062
4,2761.4053525076283
