reservoir,value
1,19553.968214242657
2,2465.071146612419
3,19603.93018088397
4,764.4896521567343
