reservoir,value
1,44051.172156484245
2,25438.240698619375
3,7749.814923598162
4,15445.44498767619
