reservoir,value
1,146228.34136581997
2,14045.7109916591
3,9268.105209284004
4,12744.9
