reservoir,value
1,51707.55601358414
2,6718.2429941907385
3,17096.849204435435
4,17588.102769057816
