reservoir,value
1,0.0
2,0.0
3,7195.949204435436
4,14102.72677233748
