reservoir,value
1,116473.1462232148
2,10514.265731309402
3,51806.1
4,8600.375996720335
