reservoir,value
1,22949.45019110666
2,12428.59448831268
3,3710.0469978802057
4,2906.6711649671106
