reservoir,value
1,79472.28637403811
2,0.0
3,18915.140859559728
4,12077.57116496711
