reservoir,value
1,24498.00111739396
2,7582.058233066604
3,4514.203383963243
4,3620.8260481176208
