reservoir,value
1,96305.05047236217
2,0.0
3,17816.66691781369
4,9088.280594254395
