reservoir,value
1,31423.759249543888
2,6312.758119459063
3,11964.966825297886
4,15708.743916929765
