reservoir,value
1,102037.52058874526
2,0.0
3,27701.956955953618
4,12744.9
