reservoir,value
1,19000.78038315774
2,10893.083518744614
3,3324.355606164197
4,3625.3023182609854
