reservoir,value
1,57892.32662550253
2,0.0
3,18139.017604146637
4,12744.9
