reservoir,value
1,31809.30667850109
2,11155.234309059728
3,9554.587276362348
4,10138.438741937236
