reservoir,value
1,76149.58903704281
2,2444.5312777525724
3,18918.976491507918
4,7295.238741938454
