reservoir,value
1,42678.18512718492
2,9010.700879774009
3,10908.574114391407
4,14413.499343099615
