reservoir,value
1,121878.62928524296
2,10144.11933431246
3,28394.379129372646
4,9631.259728754621
