reservoir,value
1,25031.906347307136
2,13321.208433798898
3,8816.18021839127
4,3372.832983438677
