reservoir,value
1,773.3324789699334
2,239.7084337988981
3,3741.70453221542
4,192.6204882071144
