reservoir,value
1,20717.943081320107
2,23223.592786607842
3,2469.8381008133338
4,2120.1579361494933
