reservoir,value
1,80632.44934253495
2,10585.800880530813
3,3269.784412197653
4,6610.992837883912
