reservoir,value
1,33233.78893922589
2,9377.053546280598
3,8548.20119112826
4,7462.792755282537
