reservoir,value
1,40768.208234528225
2,6256.0689056167685
3,23742.75403147626
4,0.0
