reservoir,value
1,27870.960172702587
2,24561.301693153666
3,8304.785096284426
4,10318.44386649586
