reservoir,value
1,31587.641096825846
2,19617.2
3,41877.75060215592
4,3157.864047346311
