reservoir,value
1,14319.026351936038
2,6344.5841380693255
3,3722.455552094335
4,2672.921162601229
