reservoir,value
1,55565.72466956276
2,0.0
3,12329.260769888133
4,12030.821162601229
