reservoir,value
1,35524.111559011726
2,5421.278016355805
3,3441.9857395466124
4,16021.665799201666
