reservoir,value
1,41346.087561608394
2,0.0
3,1202.247895351392
4,12643.134802248032
