reservoir,value
1,20941.012106448048
2,46158.95640681904
3,3957.116593726094
4,2296.9954881811796
