reservoir,value
1,19345.391206613218
2,19617.2
3,26476.693985792692
4,1144.2295243371445
