reservoir,value
1,44116.289556006646
2,13959.194305252273
3,11577.06917038251
4,7450.145028539144
