reservoir,value
1,66747.41415887639
2,19617.2
3,15772.11357905772
4,0.0
