reservoir,value
1,23170.125316961996
2,14059.067113936855
3,4293.198488590931
4,2156.8198972511514
