reservoir,value
1,156950.51154186987
2,3713.610697571041
3,39796.16964591815
4,10645.687214929303
