reservoir,value
1,48942.18812979859
2,3886.75651756829
3,17484.09450047514
4,18974.808482937533
