reservoir,value
1,0.0
2,0.0
3,7583.194500475074
4,6799.734796976958
