reservoir,value
1,27414.085766268843
2,3264.870624721838
3,7136.334734662355
4,6681.995497597529
