reservoir,value
1,100926.82718336413
2,0.0
3,32078.116701051422
4,12744.9
