reservoir,value
1,22233.636680268144
2,3348.593066829507
3,4287.546062574046
4,3007.9364343498055
