reservoir,value
1,127287.31480394222
2,0.0
3,16823.421610378038
4,10435.089501179475
