reservoir,value
1,43148.754724070524
2,7665.495614369731
3,12337.069547690538
4,7843.88733945686
