reservoir,value
1,78193.5547240714
2,458.8956143694219
3,15908.869547689683
4,5485.487339464588
