reservoir,value
1,13483.954259570819
2,7511.054130430003
3,3006.23101314305
4,1387.6036905311034
