reservoir,value
1,13068.900663019256
2,0.0
3,2625.0763066760155
4,5429.2049020619015
