reservoir,value
1,32195.28818247121
2,26662.114645038448
3,4386.964030228995
4,2679.104946622735
