reservoir,value
1,109489.62221938238
2,14659.28558245272
3,3449.0388407621467
4,4512.73789696131
