reservoir,value
1,23050.045117055626
2,8018.187861821593
3,5124.591483424532
4,12663.87411478854
