reservoir,value
1,52658.497075629166
2,0.0
3,4446.470947270658
4,12744.9
