reservoir,value
1,23767.123110728975
2,12059.030207138947
3,5196.7586555491625
4,4526.098861203094
