reservoir,value
1,141229.8448632207
2,0.0
3,45151.311675230536
4,12744.9
