reservoir,value
1,97698.2237601269
2,10090.914476259108
3,19344.373493805826
4,13963.566231866536
