reservoir,value
1,155387.39714507305
2,14893.118394916619
3,27930.278285738284
4,7340.081456400412
