reservoir,value
1,48343.85336487103
2,13254.221793343715
3,14349.09770497533
4,8243.092809996946
