reservoir,value
1,82177.53526634275
2,11828.621534688451
3,19255.95932811019
4,613.1928099969464
