reservoir,value
1,49586.83720089734
2,5007.401324576323
3,7882.832020282034
4,16214.855606987214
