reservoir,value
1,187807.58200016798
2,0.0
3,22765.094934704346
4,12744.9
