reservoir,value
1,66279.9882067596
2,12273.355869212659
3,15326.584520694225
4,11778.882412528765
