reservoir,value
1,61734.67993931269
2,0.0
3,12841.275791185435
4,7114.351702649987
