reservoir,value
1,46009.70984314655
2,9740.664363850381
3,12118.852538384877
4,15936.174138895727
