reservoir,value
1,120430.95235605177
2,0.0
3,25245.336168779733
4,12744.9
