reservoir,value
1,37365.247033805594
2,11196.752441907856
3,9539.701079011818
4,16243.112507185579
