reservoir,value
1,104995.22912145109
2,0.0
3,19522.71947804263
4,10973.694423298353
