reservoir,value
1,30773.132603795915
2,15331.371784531097
3,3517.173715252914
4,2318.256100110246
