reservoir,value
1,21327.688236901955
2,10422.770290364657
3,0.0
4,0.0
