reservoir,value
1,56159.04001396804
2,24820.061067428684
3,21107.19156278776
4,8515.40427140046
