reservoir,value
1,49729.32333537082
2,17363.312102667416
3,13682.36050592333
4,885.5042714004612
