reservoir,value
1,17644.118265320452
2,34050.49549873902
3,2461.153149161417
4,1216.7934798837575
