reservoir,value
1,34354.32023674496
2,19617.2
3,6139.276597134132
4,1041.9723462582024
