reservoir,value
1,38430.578736995
2,15474.312280330843
3,6160.262379432879
4,4329.4190214315095
