reservoir,value
1,61050.20032728727
2,9392.895366530429
3,0.0
4,0.0
