reservoir,value
1,34003.96697507622
2,885.483700943334
3,36771.944385533614
4,23040.556520551123
