reservoir,value
1,0.0
2,0.0
3,26871.044385533613
4,6760.725043088945
