reservoir,value
1,15768.7727154363
2,5464.913371334095
3,3702.3439127110255
4,1781.0104768481067
