reservoir,value
1,82572.43858741257
2,0.0
3,10331.067638752002
4,4001.0245702676457
