reservoir,value
1,15944.700778703078
2,14856.547946365152
3,2878.553027632588
4,1646.5034054927628
