reservoir,value
1,34998.21889370427
2,1775.0479463651518
3,9670.142011941183
4,3631.8868103585933
