reservoir,value
1,26937.707325249237
2,11722.921504363978
3,3122.152238550059
4,1703.6991021552449
