reservoir,value
1,44254.163569170894
2,559.7221073266192
3,9775.555701261905
4,8027.879421392377
