reservoir,value
1,39858.33470899708
2,8069.1367957761595
3,12416.08264600988
4,15981.785710626005
