reservoir,value
1,131026.39585148053
2,1071.3527898692028
3,15551.018437207576
4,12744.9
