reservoir,value
1,32840.21359561434
2,4640.303255847608
3,5237.476643393808
4,5214.237590734409
