reservoir,value
1,188143.5135956146
2,4259.272467398478
3,25265.96099027937
4,10329.23759073446
