reservoir,value
1,17590.782829308988
2,3930.7570754218855
3,2724.224793496434
4,2268.4088554057926
