reservoir,value
1,64393.382448537806
2,2007.8002841754574
3,7075.755566859755
4,8394.342954981594
