reservoir,value
1,17981.66015295269
2,8661.788470254887
3,2837.2428537918568
4,1753.8049635870436
