reservoir,value
1,76699.38400446392
2,0.0
3,4258.49603831029
4,3985.7015418254928
