reservoir,value
1,18775.244255121215
2,17465.651131827042
3,2984.887166693316
4,1773.8220170879335
