reservoir,value
1,50634.04770050073
2,4838.800978741016
3,11317.057553539475
4,9359.178874694817
