reservoir,value
1,26184.71684087691
2,31729.849772425972
3,8537.339655705127
4,4048.437091263674
