reservoir,value
1,67817.05822211877
2,19617.2
3,25899.421025311665
4,230.4370912636732
