reservoir,value
1,55517.89529088994
2,7726.426655447183
3,11173.948165197482
4,3632.5401438549247
