reservoir,value
1,71237.3398911934
2,13129.516169814076
3,1483.1481589729501
4,0.0
