reservoir,value
1,16590.546784891263
2,4486.667578426122
3,3297.1020222208563
4,5634.3092094647445
