reservoir,value
1,75219.37110095583
2,0.0
3,5698.531698084973
4,12744.9
