reservoir,value
1,22792.600085030088
2,3522.317570864401
3,2530.794667054061
4,12112.519697228057
