reservoir,value
1,42317.51473152528
2,0.0
3,6676.165614324718
4,12744.9
