reservoir,value
1,40190.84862001616
2,6410.624558371047
3,10475.76035176432
4,15773.569557103125
