reservoir,value
1,111919.97677978111
2,0.0
3,18638.913194955774
4,12162.60783607594
