reservoir,value
1,34023.64536013655
2,4201.891498903938
3,3084.310215310164
4,6713.647175729857
