reservoir,value
1,148835.5182049707
2,0.0
3,12014.05312113023
4,11828.647175729862
