reservoir,value
1,25153.47243492256
2,26810.682002121044
3,3498.8398081852083
4,1988.2744004563729
