reservoir,value
1,95575.91557625563
2,19617.2
3,2582.28070877535
4,1133.2303001160071
