reservoir,value
1,32420.17661097754
2,8658.901178951417
3,7451.523697755039
4,3338.211427967627
