reservoir,value
1,76364.45091294369
2,5444.669316367568
3,6452.754689121477
4,721.6107564363676
