reservoir,value
1,27974.926276008744
2,8737.077047946625
3,4402.318010368817
4,3527.083849983083
