reservoir,value
1,84951.28312713878
2,7603.041652172207
3,0.0
4,0.0
