reservoir,value
1,26358.053276816692
2,12365.375360036653
3,5736.791275029798
4,3912.3977463763003
