reservoir,value
1,126365.04007362327
2,18124.81071030826
3,31937.462006749636
4,12744.9
