reservoir,value
1,26671.92421927473
2,17037.08335969812
3,3572.723010520386
4,2638.4327120671983
