reservoir,value
1,110385.40035464095
2,5499.046098989305
3,30558.427792069284
4,7242.0626701731435
