reservoir,value
1,41806.34064162976
2,10456.378705516661
3,6017.464090196473
4,11455.978052987397
