reservoir,value
1,160794.62353010545
2,0.0
3,35646.49535496494
4,12744.9
