reservoir,value
1,25516.829346834562
2,23117.057257606248
3,4025.343340743708
4,4025.559404229582
