reservoir,value
1,103181.49192144506
2,10035.557257606248
3,18839.73659490443
4,12744.9
