reservoir,value
1,25351.993269535218
2,14582.864547541027
3,3337.933004479578
4,2390.390368944327
