reservoir,value
1,55416.84962856698
2,1501.3645475410267
3,5362.13637270519
4,2953.781131092459
