reservoir,value
1,68019.2159291429
2,19119.213836214385
3,11480.056903183884
4,10414.278190057725
