reservoir,value
1,98705.5159291429
2,11912.613836214385
3,14438.356903183885
4,0.0
