reservoir,value
1,100495.63303452855
2,6759.000909463835
3,15527.623640217782
4,11670.322351901461
