reservoir,value
1,200717.6
2,14663.03506252887
3,14276.945657514181
4,4040.4223519014613
