reservoir,value
1,17059.294645557085
2,11076.180107496682
3,3711.0729075105573
4,1923.277439842372
