reservoir,value
1,91519.31978146371
2,0.0
3,15937.092363780826
4,8174.473017646511
