reservoir,value
1,65770.2007578996
2,15136.080451754395
3,9347.038972196562
4,4734.638469951055
