reservoir,value
1,131988.08504834987
2,19617.2
3,2039.177442147611
4,0.0
