reservoir,value
1,39796.20837444197
2,3921.844411515507
3,11173.323120236168
4,8971.559013908609
