reservoir,value
1,1578.7665160692468
2,13128.284411515508
3,1787.428989417007
4,2270.559013908609
