reservoir,value
1,41747.41368381281
2,3525.185076048112
3,11946.277467869744
4,17151.028105256126
