reservoir,value
1,99980.49307510816
2,6276.777052802203
3,22617.02077285186
4,1488.0514077353546
