reservoir,value
1,22507.258096437203
2,5951.245119465366
3,8114.232017704306
4,7180.455582934685
