reservoir,value
1,30352.51982200331
2,0.0
3,0.0
4,306.6879698081675
