reservoir,value
1,16259.108862483186
2,5599.23871082957
3,2739.108043607652
4,1595.559823712365
