reservoir,value
1,43670.01209834909
2,0.0
3,5388.743424684781
4,7095.324783636851
