reservoir,value
1,19440.754105274747
2,6153.972111610558
3,2879.805475809704
4,1819.6468413365528
