reservoir,value
1,79194.16897192199
2,6224.873825763296
3,21646.579382070162
4,6836.164856408181
