reservoir,value
1,88634.29560714791
2,13299.161268401469
3,29999.883340013585
4,0.0
