reservoir,value
1,45940.37821834135
2,3969.9912283388812
3,7711.861201017413
4,12752.19976447655
