reservoir,value
1,77748.56944668022
2,0.0
3,11283.661201017438
4,10393.799764476551
