reservoir,value
1,88628.83748959414
2,4607.716336348167
3,16137.003721991538
4,11767.293079004423
