reservoir,value
1,167479.50636334156
2,2754.157630120205
3,15233.19994328075
4,3472.7485672936327
