reservoir,value
1,102808.57150329032
2,3264.672715966706
3,25635.58352685642
4,14677.15874990653
