reservoir,value
1,166756.777069276
2,12963.112550499472
3,25183.58267373115
4,8263.507008107495
