reservoir,value
1,14890.27136077031
2,5791.680659009769
3,3933.803751968359
4,2548.675173943496
