reservoir,value
1,70917.98568631323
2,0.0
3,19757.10856320232
4,11013.805631753254
