reservoir,value
1,56837.627669549685
2,2968.5143841685913
3,21904.08372380649
4,33057.603915133244
