reservoir,value
1,89874.47554322306
2,0.0
3,21647.36989035589
4,0.0
