reservoir,value
1,27966.597245394212
2,12459.729865218058
3,8591.535449082618
4,10634.163465585238
