reservoir,value
1,117764.77946666442
2,0.0
3,23935.97161786235
4,12744.9
