from,to,value
1,1,0.0
1,2,1919.5561540412373
1,3,290.75307070889096
1,4,0.0
1,5,1230.4269412644333
2,1,2249.8170918402666
2,2,0.0
2,3,0.0
2,4,0.0
2,5,0.0
3,1,274.6017487687404
3,2,0.0
3,3,0.0
3,4,0.0
3,5,1070.8127956848518
4,1,0.0
4,2,0.0
4,3,0.0
4,4,0.0
4,5,16.85091130335297
5,1,729.9808004171063
5,2,0.0
5,3,380.9071559225985
5,4,1207.2026919129414
5,5,0.0
