reservoir,value
1,60578.55115277251
2,9643.287176656771
3,15837.33492755345
4,14664.03038770227
