reservoir,value
1,431.11295970947555
2,555.3174784748976
3,431.7602064514594
4,2675.839017415575
