reservoir,value
1,95220.90268096673
2,7926.943192211562
3,21053.782590651423
4,8188.204604435495
