reservoir,value
1,51242.71913789728
2,3775.229495720212
3,17327.5726101121
4,28393.699280422028
