reservoir,value
1,79572.56834112621
2,5119.917921624483
3,22382.78599809895
4,12744.9
