reservoir,value
1,62035.608087390436
2,4702.587974322525
3,13361.335915651889
4,5654.686918055881
