reservoir,value
1,24153.482979768836
2,0.0
3,3460.4359156518894
4,0.0
