reservoir,value
1,34985.382190312754
2,1438.9932480495504
3,13399.983687630604
4,21992.853729987888
