reservoir,value
1,81439.6087823289
2,0.0
3,27285.035372313385
4,12744.9
