reservoir,value
1,13353.52964349811
2,4576.949775573283
3,3059.7839937170784
4,2081.3183083167883
