reservoir,value
1,9444.758760247021
2,0.0
3,579.6318348684435
4,4434.072790127397
