reservoir,value
1,16146.609666196147
2,5683.840457100225
3,2465.9216293489158
4,1918.2476873651312
