reservoir,value
1,65283.53853283363
2,7831.564549679334
3,19349.799146874735
4,6965.59957609413
