reservoir,value
1,109362.50556598556
2,15996.756184121448
3,9448.899146874735
4,1216.2482582009652
