reservoir,value
1,12843.462952490954
2,4166.374549850746
3,4558.596427294772
4,2575.774056690986
