reservoir,value
1,58544.08028536653
2,0.0
3,17182.440743780753
4,4833.468768298365
