reservoir,value
1,69715.86125306632
2,9600.274374960169
3,21368.120162207513
4,21106.88642776342
