reservoir,value
1,98458.16125306633
2,2393.6743749601683
3,24326.420162207512
4,8761.743819588251
