reservoir,value
1,35580.19997135975
2,6618.042469335408
3,12867.404022018898
4,9035.24402740384
