reservoir,value
1,19341.998464754615
2,0.0
3,21284.074191449065
4,1405.3440274038403
