from,to,value
1,1,0.0
1,2,0.0
1,3,514.6000000000022
1,4,0.0
1,5,1122.9000000000067
2,1,276.00421192871
2,2,0.0
2,3,0.0
2,4,0.0
2,5,0.0
3,1,0.0
3,2,0.0
3,3,0.0
3,4,0.0
3,5,0.0
4,1,0.0
4,2,0.0
4,3,0.0
4,4,0.0
4,5,0.0
5,1,0.0
5,2,0.0
5,3,0.0
5,4,1122.9000000000005
5,5,0.0
