reservoir,value
1,55802.89588869168
2,4152.756382945544
3,21331.233540861766
4,14488.061350692338
