reservoir,value
1,68231.37968544633
2,0.0
3,27092.760490444925
4,6858.161350692338
