reservoir,value
1,16015.104376391915
2,8431.238030468694
3,3486.955432863794
4,2774.6083676678854
