reservoir,value
1,63256.68348135487
2,14339.369283586848
3,24855.169291872506
4,12277.50836766782
