reservoir,value
1,35485.11633734551
2,10598.76152901447
3,8205.879795933612
4,12240.263166785828
