reservoir,value
1,138202.93002187976
2,4453.0310737433465
3,24125.250149498497
4,12744.9
