reservoir,value
1,53034.995151590396
2,5729.784569359709
3,29547.851684241625
4,21142.831400789
