reservoir,value
1,84096.47972094995
2,0.0
3,32506.151684241624
4,0.0
