reservoir,value
1,34564.79763267184
2,16280.895905810354
3,4050.402848558613
4,3739.1457561145953
