reservoir,value
1,125886.31086150029
2,5084.325905810356
3,17216.9203023197
4,12562.146163559715
