reservoir,value
1,16512.864781091586
2,5406.565598831579
3,3863.689254395052
4,1952.4608675085508
