reservoir,value
1,10643.928039085555
2,8767.729459254007
3,7528.731621806244
4,3873.160463965421
