reservoir,value
1,27116.07361207052
2,4126.657488910171
3,8543.689722621402
4,6434.4090476971
