reservoir,value
1,15031.319886958321
2,0.0
3,4210.726290949155
4,0.0
