reservoir,value
1,37648.139749787086
2,75136.9711307271
3,7552.315277242356
4,3942.3468654592043
