reservoir,value
1,17185.228343229217
2,6105.447377275703
3,5413.8229952052525
4,3144.623558733284
