reservoir,value
1,79358.40127742208
2,0.0
3,22609.495986613623
4,10418.6460652534
