reservoir,value
1,31082.992317974156
2,33149.653629818684
3,4046.483116547084
4,2019.8499196956948
