reservoir,value
1,20979.02966982726
2,6524.821977557475
3,7013.943940421633
4,2262.4565583490253
