reservoir,value
1,17115.923759381585
2,0.0
3,5715.868806295256
4,453.253316171696
