reservoir,value
1,51126.35579755166
2,5723.407110116486
3,18401.486259065106
4,14146.841691617972
