reservoir,value
1,111334.67684845265
2,0.0
3,29611.24461170796
4,12744.9
