reservoir,value
1,29374.724541393676
2,5611.361421117175
3,4760.599016172974
4,5208.206021902377
