reservoir,value
1,122458.2130737064
2,9787.467104447018
3,11197.968303851523
4,12744.9
