reservoir,value
1,15039.50946700883
2,12950.803151098567
3,3141.493696885094
4,2941.031246257713
