reservoir,value
1,46382.11272919611
2,453.55315109856747
3,0.0
4,8958.132548306072
