reservoir,value
1,17605.545749533605
2,2877.6773861304937
3,4179.174616220111
4,5230.7375035286295
