reservoir,value
1,100823.33883787482
2,0.0
3,28740.30964265857
4,12744.9
