from,to,value
1,1,0.0
1,2,3190.740000000065
1,3,0.0
1,4,0.0
1,5,409.99025700022094
2,1,0.0
2,2,0.0
2,3,0.0
2,4,0.0
2,5,0.0
3,1,0.0
3,2,0.0
3,3,0.0
3,4,0.0
3,5,201.59999999997387
4,1,0.0
4,2,0.0
4,3,0.0
4,4,0.0
4,5,0.0
5,1,0.0
5,2,0.0
5,3,0.0
5,4,611.5902570001948
5,5,0.0
