reservoir,value
1,9163.651734039184
2,14456.05680848869
3,6582.88400600727
4,2545.6237531240968
