reservoir,value
1,59831.24834527608
2,14611.240111288396
3,46815.43631311062
4,3465.5589220553334
