reservoir,value
1,14845.934829134356
2,6247.953486984183
3,4630.772687800017
4,2027.8528645905203
