reservoir,value
1,57693.889593540654
2,0.0
3,17339.368674413643
4,9059.498929843921
