reservoir,value
1,16395.54830040307
2,13419.291197774146
3,3156.27489951493
4,1734.930850570767
