reservoir,value
1,39002.83011509777
2,337.79119777424603
3,9321.649605386197
4,7101.126391120957
