reservoir,value
1,26301.58508794557
2,10818.799626934207
3,5706.617732453038
4,3328.543521658851
