reservoir,value
1,72678.44963956747
2,6909.092536731541
3,26143.747075930114
4,12499.44352165885
