reservoir,value
1,34120.914457203646
2,5801.061061277333
3,6891.445218523655
4,7567.893824148092
