reservoir,value
1,98367.57380583345
2,3215.7919745936224
3,48796.645218523656
4,12682.893824148092
