reservoir,value
1,46520.27579759796
2,6976.094723958097
3,6832.88083403053
4,5059.268467536968
