reservoir,value
1,41898.77960400144
2,13511.794723958097
3,0.0
4,0.0
