reservoir,value
1,43117.89290407249
2,8342.324124180215
3,7831.086642257491
4,17036.533089542772
