reservoir,value
1,141799.625639153
2,0.0
3,11535.085816140641
4,9406.633089539937
