reservoir,value
1,15425.295383104125
2,19076.664520280912
3,3977.753857156695
4,5150.591066695375
