reservoir,value
1,11127.494341783226
2,7050.264520283032
3,27916.140876116835
4,8100.859376605144
