reservoir,value
1,53591.72364403406
2,13384.746557926353
3,11738.155524110793
4,8453.624225375643
