reservoir,value
1,108536.0095312873
2,16301.253233252455
3,18787.71153672789
4,823.7242253756431
