reservoir,value
1,22442.400142520564
2,11721.085001233105
3,3463.351770675376
4,2819.953738165635
