reservoir,value
1,85992.15206396571
2,8675.142258839353
3,15100.854597324791
4,11990.853738165635
