reservoir,value
1,27544.349310308913
2,7666.887865263972
3,3767.2842567035054
4,2676.0766925083813
