reservoir,value
1,79899.0783686254
2,0.0
3,19439.535218410085
4,11846.97669250838
