reservoir,value
1,14142.018425174392
2,7388.264628080957
3,3436.675989013627
4,1995.086452418896
