reservoir,value
1,97147.72724389735
2,1084.6918011710914
3,15192.092012550993
4,6841.957295718879
