reservoir,value
1,50144.72122581849
2,6449.610667200933
3,14992.908150826706
4,17207.677517572924
