reservoir,value
1,110017.50029165813
2,0.0
3,21711.574877173804
4,9577.777517572924
