reservoir,value
1,12472.72171974705
2,29509.760131074654
3,2045.9983379761884
4,997.1190727683577
