reservoir,value
1,8270.817590648496
2,19617.2
3,4937.919335718201
4,2384.5723201150613
