reservoir,value
1,23221.434597195028
2,5326.89485987225
3,3352.9471589460836
4,5625.885518262818
