reservoir,value
1,65159.57285759225
2,0.0
3,28914.36732223082
4,12744.9
