reservoir,value
1,24182.1144468622
2,21398.816326669315
3,6534.018346190729
4,3933.212383100782
