reservoir,value
1,65458.95972805678
2,8317.316326669315
3,46624.2612405886
4,11540.40124159387
