reservoir,value
1,22226.07780888437
2,9958.204234199584
3,4774.590697871496
4,2545.2757808659053
