reservoir,value
1,19960.182538465688
2,3546.1437110080865
3,25334.95360175979
4,2746.827800390384
