reservoir,value
1,15269.392574977777
2,3449.516820761387
3,3339.446568303411
4,2076.979963648392
