reservoir,value
1,54925.21047425308
2,0.0
3,18687.42359107375
4,3151.991021042082
