reservoir,value
1,57997.94622790736
2,6089.355354283676
3,20569.207748690595
4,15544.436465415165
