reservoir,value
1,89419.00158219103
2,0.0
3,23527.507748690594
4,0.0
