reservoir,value
1,52143.84670637036
2,5479.816667982918
3,14011.459631002985
4,13693.586839032656
