reservoir,value
1,105284.00813792825
2,0.0
3,18834.600785944996
4,12744.9
