reservoir,value
1,22440.05123606714
2,6761.608746332343
3,2600.0317059266226
4,4400.838617942518
