reservoir,value
1,85718.10669609816
2,0.0
3,23341.99220224065
4,12744.9
