reservoir,value
1,68894.05673027188
2,7573.236211373243
3,21418.21168395271
4,12565.452992325016
