reservoir,value
1,83495.14190873009
2,6583.565667658752
3,13003.876729789245
4,4935.552992325016
