reservoir,value
1,19897.53853227882
2,16627.079359974006
3,4088.6333393761097
4,5882.845327245489
