reservoir,value
1,83904.89843664091
2,8184.920949058367
3,22882.42767505238
4,12744.9
