reservoir,value
1,12519.548733356587
2,13049.831722964638
3,3244.7755593712345
4,2255.593650178711
