reservoir,value
1,110872.68124364337
2,0.0
3,32612.68324207214
4,3512.549244659345
