reservoir,value
1,21149.949414329556
2,8565.817475226726
3,3958.905583720783
4,2076.256151244866
