reservoir,value
1,23153.55776264272
2,6919.689997546666
3,3404.1757401756145
4,3357.451328063453
