from,to,value
1,1,0.0
1,2,2733.0768585164187
1,3,215.13298629529717
1,4,0.0
1,5,0.0
2,1,0.0
2,2,0.0
2,3,0.0
2,4,0.0
2,5,0.0
3,1,0.0
3,2,0.0
3,3,0.0
3,4,0.0
3,5,0.0
4,1,0.0
4,2,0.0
4,3,0.0
4,4,0.0
4,5,1805.3957317311306
5,1,0.0
5,2,0.0
5,3,1805.3957317315796
5,4,0.0
5,5,0.0
