reservoir,value
1,23859.519587552335
2,10409.076858516419
3,4112.713695279195
4,4821.604268268869
