reservoir,value
1,103648.46599196772
2,0.0
3,15316.23908339026
4,12744.9
