reservoir,value
1,38079.625146207356
2,3944.723545923728
3,7714.633336910703
4,15183.186780521966
