reservoir,value
1,113940.42226148509
2,0.0
3,20367.624634430897
4,12744.9
