reservoir,value
1,20565.898913502846
2,13996.650935361651
3,3069.2146059862052
4,1930.383448393321
