reservoir,value
1,37941.0191479451
2,915.1509353616511
3,0.0
4,0.0
