reservoir,value
1,56491.67482068061
2,8704.410444671497
3,18013.639378377975
4,12562.698888668407
