reservoir,value
1,83012.87336409857
2,7529.410444671552
3,8112.739378377975
4,4932.798888668407
