reservoir,value
1,29929.179853359783
2,12635.639406414868
3,5488.998398688781
4,6511.341508585285
