reservoir,value
1,129098.19805686205
2,0.0
3,11058.47444542234
4,12744.9
