reservoir,value
1,60370.01964774363
2,14495.419243523002
3,19221.41671366758
4,12823.482872122699
