reservoir,value
1,133535.5136811324
2,7544.913803372484
3,50141.5312046567
4,6490.057159323296
