reservoir,value
1,19188.413843969145
2,13868.79848909251
3,3627.5695397912614
4,1716.9739007915382
