reservoir,value
1,136274.86338293564
2,19617.2
3,18363.65318270029
4,7614.235736228528
