reservoir,value
1,30305.39334614003
2,3703.0996992776963
3,9061.34795408914
4,16226.42094331685
