reservoir,value
1,131282.56013918674
2,18246.229699277545
3,43282.506391825045
4,12744.9
