reservoir,value
1,28418.56426426314
2,16950.822101606314
3,5257.903995437636
4,6394.488139223079
