reservoir,value
1,107761.83896117224
2,3869.3221016063144
3,24737.233095699034
4,12744.9
