reservoir,value
1,39161.94416071223
2,3106.4849403983576
3,6212.78683698018
4,8167.490062747573
