reservoir,value
1,136735.81322883195
2,0.0
3,20467.8174537578
4,12439.000407445119
