reservoir,value
1,27115.87357215969
2,7515.973494286477
3,5944.522602365946
4,5612.014581477066
