reservoir,value
1,109219.9911219016
2,0.0
3,15106.763533850404
4,11755.454546136712
