reservoir,value
1,22677.81549507159
2,6892.300721271471
3,6663.633199101887
4,2862.5338530400686
