reservoir,value
1,22054.160919395
2,15562.435203696903
3,4869.011957210783
4,2258.0599940287957
