reservoir,value
1,52871.84055896246
2,9390.027740428444
3,21111.8590331409
4,11038.503515687646
