from,to,value
1,1,0.0
1,2,1463.2412318703416
1,3,549.9880000000006
1,4,0.0
1,5,2124.9614332751003
2,1,1630.2205024674054
2,2,0.0
2,3,0.0
2,4,0.0
2,5,0.0
3,1,40.0
3,2,0.0
3,3,0.0
3,4,0.0
3,5,158.04
4,1,0.0
4,2,0.0
4,3,0.0
4,4,0.0
4,5,0.0
5,1,99.80400000000249
5,2,0.0
5,3,853.457433275112
5,4,1329.7399999999977
5,5,0.0
