reservoir,value
1,58327.08971601354
2,6803.979170364992
3,15529.639120852698
4,17214.933914632482
