reservoir,value
1,0.0
2,26.89039433935646
3,270.1650739630372
4,7358.674340955688
