reservoir,value
1,116990.2533177526
2,1352.8974111028003
3,23767.3894170862
4,8108.330134573775
