reservoir,value
1,22410.673981364715
2,8534.317079109602
3,5094.049356586609
4,2675.3388644056745
