reservoir,value
1,71547.7870550649
2,0.0
3,19875.277772151436
4,11846.238864405674
