reservoir,value
1,11846.925649563984
2,5661.331167800673
3,2392.6668253274315
4,2353.0741956260235
