reservoir,value
1,74202.64561806983
2,0.0
3,4489.462351016898
4,8509.630816085444
