reservoir,value
1,55244.90307471345
2,1950.4149620651137
3,16365.957508294392
4,21684.148636498117
