reservoir,value
1,89133.33334396582
2,0.0
3,15771.351684683856
4,0.0
