reservoir,value
1,10279.120627219596
2,8897.039887448693
3,3928.354847002575
4,2487.0994622540366
