reservoir,value
1,22656.507555397497
2,0.0
3,22091.545522837016
4,7420.311817111926
