reservoir,value
1,49222.158536739895
2,5641.671322082657
3,18840.34429381698
4,16900.15578359893
