reservoir,value
1,101684.92901460547
2,0.0
3,27388.281204642015
4,6241.964588800768
