from,to,value
1,1,0.0
1,2,0.0
1,3,600.0
1,4,0.0
1,5,667.7751984042354
2,1,3146.058705623912
2,2,0.0
2,3,0.0
2,4,0.0
2,5,0.0
3,1,0.0
3,2,0.0
3,3,0.0
3,4,0.0
3,5,0.0
4,1,0.0
4,2,0.0
4,3,0.0
4,4,0.0
4,5,938.8248015955693
5,1,0.0
5,2,0.0
5,3,1606.5999999999615
5,4,0.0
5,5,0.0
