reservoir,value
1,25123.949176293747
2,4620.941294376088
3,5570.840898679902
4,5398.175198404443
