reservoir,value
1,80965.13850971438
2,0.0
3,33394.69853937641
4,12744.9
