reservoir,value
1,37617.05535557898
2,1705.4931667813617
3,10980.521797241081
4,11696.116677640905
