reservoir,value
1,110235.96299706718
2,0.0
3,20552.29167373864
4,12744.9
