reservoir,value
1,20723.5338074424
2,33844.41421926235
3,2567.9932208171053
4,3561.024482460499
