reservoir,value
1,88011.4520382996
2,19617.2
3,16609.726017167035
4,12744.9
