reservoir,value
1,29683.969994924788
2,3985.0749824965874
3,4670.698665850665
4,12671.010377934572
