reservoir,value
1,89392.95153803792
2,0.0
3,15710.576154750015
4,12744.9
