reservoir,value
1,20712.001907365553
2,3935.572734541217
3,2338.687615374519
4,1531.2276358055012
