reservoir,value
1,121693.86410039844
2,0.0
3,2048.525354752818
4,5796.610218109492
