reservoir,value
1,31340.977698938077
2,3987.1702036041015
3,5003.248473850651
4,6039.339691040843
