reservoir,value
1,148488.645395562
2,0.0
3,31693.528695782024
4,12744.9
