reservoir,value
1,46570.07471041641
2,25788.060598409702
3,18552.931755709706
4,11546.269584877577
