reservoir,value
1,85751.70304906901
2,19617.2
3,20632.624893768494
4,7385.564766816251
