reservoir,value
1,47831.68827223038
2,7687.548301056173
3,9483.703425825011
4,6902.852371907247
