reservoir,value
1,145540.46384561877
2,0.0
3,50328.957266894555
4,12744.9
