reservoir,value
1,16451.493509876105
2,16179.475256056483
3,3396.7316722979976
4,2648.576036062899
