reservoir,value
1,115730.64708030342
2,19617.2
3,22025.12229413379
4,11674.476036062899
