reservoir,value
1,34242.70107623862
2,6316.501034523697
3,5690.472190179995
4,9270.49388440812
