reservoir,value
1,93115.09563273996
2,0.0
3,18008.61551240032
4,12744.9
