reservoir,value
1,31822.386474479506
2,15948.481701517601
3,5139.467783619633
4,7450.482394124216
