reservoir,value
1,74048.83235854207
2,4188.396968692821
3,13378.939215145328
4,0.0
