reservoir,value
1,21011.539639537878
2,6610.31969768154
3,3268.5095289376204
4,5979.957543219979
