reservoir,value
1,30690.367718183163
2,0.0
3,3108.074898042142
4,12744.9
