reservoir,value
1,23764.887177103068
2,38171.29946459907
3,2043.3133149600887
4,1106.1997312662509
