reservoir,value
1,14080.686616104145
2,19617.2
3,0.0
4,4382.887537609901
