reservoir,value
1,24986.1663969989
2,12397.77057716568
3,10804.876241170026
4,9283.389950713816
