reservoir,value
1,104467.9781008008
2,10638.183002420534
3,30161.667309041783
4,12744.9
