reservoir,value
1,15166.694990221491
2,12363.072466148717
3,2579.5297547964733
4,1384.5082087125663
