reservoir,value
1,47069.06140142291
2,18898.772466148715
3,9961.34968371767
4,4373.237076660279
