reservoir,value
1,34678.37652628248
2,10382.675792222453
3,4701.881496615113
4,6443.492781125673
