reservoir,value
1,168503.9862105119
2,5237.349347769574
3,21018.752778030823
4,12744.9
