reservoir,value
1,73644.27718933427
2,5492.88583923536
3,19933.616646838393
4,15467.126712320973
