reservoir,value
1,136637.48277972863
2,0.0
3,28272.998170575658
4,10250.64606597574
