reservoir,value
1,61200.6043628944
2,2384.706829015322
3,23892.0584042216
4,14346.948856932315
