reservoir,value
1,106163.41575688666
2,4182.838813626842
3,36072.67826425918
4,6717.048856932315
