reservoir,value
1,15195.9968416613
2,17087.55799655277
3,4134.440254725126
4,1631.9327669627776
