reservoir,value
1,34798.40991786398
2,13237.030269713472
3,8324.930466136655
4,3998.01410870081
