reservoir,value
1,24290.796047787568
2,9245.801503718081
3,2423.524048233299
4,2461.572612299414
