reservoir,value
1,123934.13252654701
2,4106.422226961829
3,8177.892785656423
4,8139.25484443494
