reservoir,value
1,53304.31379377218
2,13134.838180331682
3,11236.996019758408
4,7676.28158015105
