reservoir,value
1,71170.35796611261
2,1321.41526717522
3,9381.121431525695
4,101.85552382544665
