reservoir,value
1,49559.62353866739
2,11237.494721698738
3,9084.085956256033
4,16093.882631811035
