reservoir,value
1,111461.17678674434
2,0.0
3,15054.710495422809
4,12744.9
