region,depth,value
1,1,116.3775
1,2,27.5375
1,3,43.736
1,4,51.315052224158634
2,1,93.102
2,2,22.03
2,3,27.335
2,4,29.943782827598238
3,1,93.102
3,2,18.874236174635644
3,3,21.868000000000002
3,4,25.972951780721544
4,1,0.0
4,2,0.3525931530803427
4,3,20.150775601651745
4,4,14.868203521588184
