from,to,value
1,1,0.0
1,2,3473.2853930694446
1,3,97.21676783870474
1,4,0.0
1,5,190.87613821693722
2,1,783.9050462793726
2,2,0.0
2,3,0.0
2,4,0.0
2,5,0.0
3,1,467.4491340071807
3,2,0.0
3,3,0.0
3,4,0.0
3,5,830.1407629658654
4,1,0.0
4,2,0.0
4,3,0.0
4,4,0.0
4,5,1784.0155131044887
5,1,2249.0993013945786
5,2,0.0
5,3,397.3375159696298
5,4,158.59559692296608
5,5,0.0
