reservoir,value
1,20188.315161722418
2,16221.052933019071
3,3403.613444960268
4,1997.8458942925863
