reservoir,value
1,54598.54722091044
2,8128.97160923151
3,7534.316288971715
4,2618.517532625803
