reservoir,value
1,13758.44010605679
2,10653.130413555267
3,3355.433403437193
4,2916.3182162449425
