reservoir,value
1,84664.96830811378
2,0.0
3,11218.027921199644
4,12274.21821624495
