reservoir,value
1,20469.171991211635
2,13603.964473559248
3,2775.2522258833114
4,5397.607022832961
