reservoir,value
1,54745.60813346641
2,19617.2
3,13511.035985872462
4,12744.9
