reservoir,value
1,18560.408872489428
2,10553.380383797825
3,3831.614239145334
4,2546.539222104225
