reservoir,value
1,63610.13671016137
2,0.0
3,36537.18417776713
4,7189.512001011271
