reservoir,value
1,54108.13051854988
2,15560.655372033918
3,7452.309367286034
4,4679.70307471305
