reservoir,value
1,36839.43582928642
2,19617.2
3,17085.041121757073
4,0.0
