reservoir,value
1,11575.819679969845
2,9218.173437832518
3,3153.529321735906
4,1864.3527094195854
