reservoir,value
1,38247.617058799195
2,1895.1805787462363
3,8067.500720582677
4,8111.173558374165
