reservoir,value
1,54949.260568786216
2,6694.54143278912
3,14263.8232360849
4,17478.814129692513
