reservoir,value
1,159612.0009366469
2,0.0
3,28828.925608849873
4,12744.9
