reservoir,value
1,35642.52670217059
2,10621.269668697627
3,11819.625764698663
4,12503.495829814485
