reservoir,value
1,50055.841487463134
2,0.0
3,26939.372405912258
4,9681.017584824813
