region,depth,value
1,1,138.44700000000003
1,2,33.153000000000006
1,3,31.116
1,4,25.336267596029206
2,1,23.074500000000004
2,2,5.525500000000001
2,3,5.186
2,4,3.386
3,1,0.0
3,2,0.0
3,3,0.0
3,4,0.0
4,1,0.0
4,2,0.0
4,3,0.0
4,4,0.0
