from,to,value
1,1,0.0
1,2,2403.053142281469
1,3,179.88200000000586
1,4,0.0
1,5,454.8633287562911
2,1,1167.9849371003738
2,2,0.0
2,3,0.0
2,4,0.0
2,5,0.0
3,1,427.485340339456
3,2,0.0
3,3,0.0
3,4,0.0
3,5,827.043086912088
4,1,0.0
4,2,0.0
4,3,0.0
4,4,0.0
4,5,1703.9188239277842
5,1,2052.1741867911596
5,2,0.0
5,3,670.7731273916007
5,4,262.8779254134496
5,5,0.0
