reservoir,value
1,17890.694084970768
2,10093.702198600286
3,3570.7646406847784
4,2505.4686145023375
