reservoir,value
1,87926.50442791052
2,3091.1027731917766
3,15476.650014991006
4,8826.229518601283
