reservoir,value
1,46680.959470113594
2,4899.27444131276
3,21896.633043857353
4,15938.3247587111
