reservoir,value
1,92660.11350735411
2,0.0
3,31678.249831233763
4,12744.9
