reservoir,value
1,77414.14750901733
2,7918.645314607111
3,15491.872120709544
4,12952.391934588066
