reservoir,value
1,107660.44750901734
2,712.0453146071104
3,18450.172120709547
4,10593.991934589967
