reservoir,value
1,19386.63541053495
2,16541.545026827178
3,2931.656730389491
4,1430.6346285844038
