reservoir,value
1,114828.33877119274
2,6686.220424565552
3,1237.447102783647
4,1420.5916688079265
