reservoir,value
1,24978.84358649131
2,43742.44290048452
3,5243.586493243185
4,12837.418631816217
