reservoir,value
1,0.0
2,30660.942900484522
3,0.0
4,5207.518631816218
