reservoir,value
1,112491.82560810115
2,19617.2
3,21185.31031364998
4,12744.9
