reservoir,value
1,14120.657511339028
2,7221.134715786947
3,2854.151920529293
4,2310.209762367014
