reservoir,value
1,26241.45810742065
2,0.0
3,0.0
4,7265.69423120226
