reservoir,value
1,15582.714728118368
2,8458.122770760343
3,3151.582055694679
4,3406.5060433697163
