reservoir,value
1,109164.0944481244
2,0.0
3,4726.852737672567
4,12744.9
