reservoir,value
1,10557.23632528455
2,4911.98952105858
3,2287.0351365723986
4,2133.2840934980036
