reservoir,value
1,28604.894409727305
2,0.0
3,0.0
4,2883.923017655924
