reservoir,value
1,62199.188896419284
2,6685.394587211997
3,12922.694665457002
4,13811.395063682
