reservoir,value
1,94216.2834836313
2,0.0
3,15880.994665457001
4,0.0
