reservoir,value
1,14175.370705220175
2,13852.709277531867
3,2154.231904722692
4,1867.5790671993675
