reservoir,value
1,31578.054638798014
2,771.209277531867
3,10645.993309493982
4,5316.633632698512
