reservoir,value
1,17915.54777928043
2,14931.616390054132
3,3300.4870737028514
4,2044.469304130397
