reservoir,value
1,67926.51901360908
2,1850.1163900541324
3,12326.583506836083
4,2816.270246543253
