reservoir,value
1,44860.51744420803
2,10203.84444527471
3,14744.368621300713
4,13105.151400070466
