reservoir,value
1,74304.39712965436
2,9028.84444527471
3,31936.229111745637
4,12333.412750762804
