reservoir,value
1,35870.12578738478
2,4043.364528829206
3,12776.87794158337
4,3066.868576773913
