reservoir,value
1,82856.88689938841
2,5487.619862782574
3,26798.27722337615
4,1342.4464652182728
