region,depth,value
1,1,236.67993408207101
1,2,43.89181143894505
1,3,46.67400000000001
1,4,37.245999999999995
2,1,69.2235
2,2,16.5765
2,3,14.280860628284364
2,4,10.158000000000001
3,1,0.0
3,2,0.0
3,3,0.0
3,4,4.083119147270071
4,1,0.0
4,2,0.0
4,3,0.0
4,4,0.0
