from,to,value
1,1,0.0
1,2,2323.1813514813043
1,3,134.33534318980008
1,4,0.0
1,5,233.45961213929374
2,1,854.6393328024524
2,2,0.0
2,3,0.0
2,4,0.0
2,5,0.0
3,1,305.5137876043542
3,2,0.0
3,3,0.0
3,4,0.0
3,5,455.24804878234386
4,1,0.0
4,2,0.0
4,3,0.0
4,4,0.0
4,5,2177.5705082350114
5,1,2073.169663372666
5,2,0.0
5,3,632.7255642633841
5,4,160.38294152484886
5,5,0.0
