reservoir,value
1,17278.66838659976
2,11844.603632431561
3,3761.6748923945283
4,2473.7478158675444
