reservoir,value
1,0.0
2,1762.9413708101697
3,28.57169035254826
4,0.0
