reservoir,value
1,61535.42474209576
2,6128.2774742925785
3,20301.753362924614
4,9395.191470429749
