reservoir,value
1,26153.42370996053
2,11982.550778388253
3,17112.65016929637
4,7129.29139091321
