reservoir,value
1,15534.003602848614
2,6126.189642984884
3,46234.01958141957
4,2677.9386820328154
