reservoir,value
1,23855.208712861466
2,12996.143315874551
3,5167.005889115074
4,3329.4409782683224
