reservoir,value
1,146779.39144495054
2,14634.61186156928
3,15621.825535498188
4,12500.340978268323
