reservoir,value
1,44598.89365161775
2,5364.210918927908
3,8295.371933291863
4,11562.816089725904
