reservoir,value
1,123135.23726639224
2,0.0
3,11133.655728345006
4,12744.9
