reservoir,value
1,57459.56830730076
2,5911.948556743091
3,11567.914108794464
4,15569.843186671831
