reservoir,value
1,177113.05251634866
2,13972.792796521428
3,26756.925529047483
4,12744.9
