reservoir,value
1,28966.664728564254
2,8483.778950323298
3,6036.006697763842
4,5697.2008688058095
