reservoir,value
1,140778.14555002423
2,0.0
3,47941.20669776384
4,12744.9
