reservoir,value
1,38691.87627905395
2,10961.951860605504
3,12125.078259111115
4,5121.572407092036
