reservoir,value
1,6826.626279018106
2,19617.2
3,34681.546555285146
4,0.0
