reservoir,value
1,21113.282712039392
2,33866.55744568681
3,3451.318896021637
4,1663.9498523056961
