reservoir,value
1,33362.847652948774
2,19617.2
3,8142.278547812981
4,7891.653986490186
