reservoir,value
1,59210.613380871655
2,7071.182722726429
3,8941.517838430133
4,14423.250971454621
