reservoir,value
1,178404.04967995483
2,0.0
3,15317.722629828968
4,12744.9
