reservoir,value
1,53013.40823239852
2,6032.250167599017
3,8664.993964037563
4,14375.145833320985
