reservoir,value
1,70485.9561425823
2,0.0
3,12825.850081124378
4,8711.54747880618
