reservoir,value
1,22880.841298558225
2,7228.684412771848
3,6310.257147977147
4,2913.4844546570675
