reservoir,value
1,5196.923417551152
2,881.0556444923229
3,0.0
4,724.0550277220837
