reservoir,value
1,25600.409997896255
2,13941.858105107689
3,4096.409948527097
4,3459.421100794022
