reservoir,value
1,39310.42512300708
2,17519.44718139407
3,0.0
4,285.39630474218575
