reservoir,value
1,13889.921057081068
2,15760.411298413095
3,2555.4019039576774
4,2271.2864974758922
