reservoir,value
1,61718.80310421066
2,14366.268665378811
3,20481.380656373927
4,11730.617282016701
