reservoir,value
1,31680.492420689803
2,6032.612423267768
3,12159.10694607918
4,18839.519425513077
