reservoir,value
1,0.0
2,0.0
3,2258.206946079181
4,6807.951547663773
