reservoir,value
1,21711.47923301808
2,9208.034291364309
3,3122.6249376953665
4,5747.006526079653
