reservoir,value
1,84433.71412270243
2,0.0
3,22649.678859986645
4,12744.9
