reservoir,value
1,24705.712753686494
2,4728.363745378589
3,4893.680789300878
4,4874.504539155095
