reservoir,value
1,2968.663384167169
2,1616.737363387881
3,2843.235939229433
4,0.0
