reservoir,value
1,19132.16488187082
2,13083.999388707667
3,5435.111001249706
4,3449.846859604078
