reservoir,value
1,93387.61853250359
2,1228.1728924813249
3,26461.652601846527
4,12620.746859603876
