reservoir,value
1,26373.367229200376
2,11046.547154397722
3,3903.1581540380876
4,5187.942142175423
