reservoir,value
1,0.0
2,16306.04698206775
3,0.0
4,2288.2790290195426
