reservoir,value
1,52361.73726582375
2,6704.424923968557
3,11225.779673887542
4,13776.302892236641
