reservoir,value
1,139726.1910212704
2,12053.766850051845
3,31701.41146141415
4,11671.368222587684
