reservoir,value
1,60671.244827099195
2,6699.76508576885
3,10309.248578624842
4,9891.771317245097
