reservoir,value
1,93743.70991286915
2,0.0
3,13267.548578624843
4,7533.371317252102
