reservoir,value
1,60741.73697766985
2,4913.496325532534
3,11367.627918300583
4,20820.147268724806
