reservoir,value
1,170603.71917099506
2,0.0
3,27623.450376361252
4,12381.459378306681
