reservoir,value
1,43461.98993317949
2,7444.365327333841
3,26591.598251373933
4,17975.00879455744
