reservoir,value
1,101811.81091075552
2,0.0
3,47670.72318754137
4,12744.9
