reservoir,value
1,31177.79679533266
2,11625.662878485065
3,10443.23177908207
4,8577.565707010068
