reservoir,value
1,29131.98748333695
2,0.0
3,2364.4817790820916
4,947.6657070100682
