reservoir,value
1,74918.60349375279
2,17514.867748844146
3,17241.556632959506
4,8636.315224533875
