reservoir,value
1,103103.47338494615
2,17562.883918658234
3,13745.404791932455
4,1006.4152245338755
