reservoir,value
1,21395.68930718455
2,5738.282300370078
3,4831.9937514459425
4,2737.540384549083
