reservoir,value
1,167530.3594188224
2,0.0
3,33949.23080411603
4,7852.54038454908
