reservoir,value
1,24547.917528673526
2,6069.4013512359625
3,5453.7009194732855
4,11729.065226175302
