reservoir,value
1,74290.55509026427
2,0.0
3,27245.124053957854
4,12744.9
