reservoir,value
1,14123.140041238636
2,28870.32438757115
3,5643.749466420304
4,1841.3648877561411
