reservoir,value
1,35470.232843476995
2,19617.2
3,24589.258265093453
4,9511.172994386594
