reservoir,value
1,52152.74406312687
2,8299.619276587428
3,18929.34309682705
4,18274.125755237335
