reservoir,value
1,165872.4842841113
2,0.0
3,25877.13616316903
4,2753.34771263976
