reservoir,value
1,26919.762844106976
2,20690.6110594555
3,3774.830389139722
4,3679.962199632788
