reservoir,value
1,88202.81889282624
2,10355.67202779889
3,15582.20320679176
4,12744.9
