reservoir,value
1,23124.93107759318
2,8710.280055534531
3,2604.9599720828796
4,2298.3795537189526
