reservoir,value
1,13239.088679277951
2,2673.029068235847
3,4997.630082767141
4,1956.6280057587264
