reservoir,value
1,16431.394104520357
2,22312.472273160696
3,4117.012439259821
4,1868.7424773322764
