reservoir,value
1,52815.95307620276
2,9230.972273160703
3,14091.39021141153
4,9995.981341737686
