reservoir,value
1,50147.8599377958
2,8201.467704341787
3,22003.714466199937
4,14128.852522998484
