reservoir,value
1,64850.59814371946
2,7955.022021233301
3,18605.45338327007
4,6859.7173530433765
