reservoir,value
1,27744.499397186286
2,16131.649892818485
3,10021.823331352018
4,12116.010679566818
