reservoir,value
1,102373.00660973586
2,3050.1498928184847
3,18661.63820965695
4,12744.9
