reservoir,value
1,43309.68016929072
2,9632.307238122814
3,11061.106915525112
4,9122.90670861568
