reservoir,value
1,60118.62493090861
2,1485.8603413664678
3,9996.091353262611
4,2733.5422915414274
