reservoir,value
1,21739.874115948198
2,7204.536924235103
3,4014.561078563046
4,3481.027701077665
