reservoir,value
1,70790.17265291356
2,0.0
3,14461.967652094247
4,7352.168980112001
