reservoir,value
1,18209.658427213984
2,14495.307677039487
3,2739.1634115968077
4,3993.4769182172813
