reservoir,value
1,30650.73427375278
2,2550.8076770394814
3,0.0
4,9108.476918217137
