reservoir,value
1,30476.34316636173
2,16162.228810766464
3,3893.261227741055
4,3327.6701289116613
