reservoir,value
1,5807.702087689751
2,3375.487689724743
3,0.0
4,0.0
