reservoir,value
1,23181.676660201243
2,8022.225583487789
3,6429.452113134999
4,3683.4164049949145
