reservoir,value
1,136836.50116716503
2,10440.400627404631
3,47078.62151923489
4,11143.819878554545
