reservoir,value
1,25199.62955968497
2,6927.97674529542
3,5719.166933967869
4,9388.571912064746
