reservoir,value
1,88307.59700832033
2,0.0
3,47624.36693396787
4,11281.22220382842
