reservoir,value
1,19258.683572176647
2,6881.546325203013
3,2486.178956142593
4,1667.100003852313
