reservoir,value
1,38237.76602071445
2,5127.646609377683
3,2799.634523002318
4,6603.442958835883
