reservoir,value
1,32444.536154505135
2,7571.30390820719
3,13992.942833792891
4,5318.7363221472215
