reservoir,value
1,30295.891624597432
2,7947.454843569781
3,4092.0428337928915
4,0.0
