reservoir,value
1,57217.74505676166
2,4356.763057703012
3,22767.164939997234
4,21160.96089965362
