reservoir,value
1,156484.4533875256
2,1995.0375568713393
3,16848.69306634198
4,12744.9
