reservoir,value
1,46699.07098234886
2,8050.78924261435
3,14361.185336779308
4,17703.479962947382
