reservoir,value
1,152866.9402329232
2,0.0
3,29777.43891591276
4,12744.9
