reservoir,value
1,25301.981147066046
2,13694.31048734358
3,2788.378293292234
4,2655.573094377544
