reservoir,value
1,806.5105868985884
2,19617.2
3,959.4664534117422
4,1784.9903428621467
