reservoir,value
1,22740.034662742426
2,30080.989165504452
3,3047.663196943002
4,2521.889108170529
