reservoir,value
1,81306.07835514263
2,19617.2
3,30403.439905038274
4,11465.424640009145
