reservoir,value
1,80718.5017515878
2,5638.30358605309
3,15808.138015671717
4,20313.405418843187
