reservoir,value
1,132713.1458651069
2,0.0
3,22530.999273443827
4,12744.9
