reservoir,value
1,20013.974516352497
2,8273.0890993367
3,3458.8317760327823
4,2388.2239713207314
