reservoir,value
1,40158.05902746862
2,0.0
3,12292.375028142944
4,8973.345366646347
