reservoir,value
1,17774.178642697763
2,7549.442771739833
3,3433.5369092807478
4,2427.9393488564406
