reservoir,value
1,44140.19907297258
2,2968.9044725983886
3,14913.559718190116
4,11446.867314403322
