reservoir,value
1,49249.69487015892
2,5267.9893745379295
3,11886.029009789403
4,14244.016916108241
