reservoir,value
1,81538.88424469686
2,0.0
3,15079.82900978939
4,11885.616916112967
