reservoir,value
1,31051.02452473517
2,5030.849839778348
3,10128.544235523263
4,13575.476629045475
