reservoir,value
1,102393.31214052424
2,0.0
3,17681.248651403774
4,12744.9
