from,to,value
1,1,0.0
1,2,4195.059999999998
1,3,0.0
1,4,0.0
1,5,0.0
2,1,0.0
2,2,0.0
2,3,0.0
2,4,0.0
2,5,0.0
3,1,0.0
3,2,0.0
3,3,0.0
3,4,0.0
3,5,0.0
4,1,0.0
4,2,0.0
4,3,0.0
4,4,0.0
4,5,692.5020466079495
5,1,39.90204660795261
5,2,0.0
5,3,652.599999999997
5,4,0.0
5,5,0.0
