reservoir,value
1,27151.929326460096
2,13491.37308119177
3,4788.98063596674
4,5976.4979533920505
