reservoir,value
1,109703.04143621262
2,409.8730811917703
3,31515.967677528584
4,12744.9
