reservoir,value
1,10714.936817501179
2,10581.859196798978
3,2868.6750097814893
4,3119.768190611443
