reservoir,value
1,73334.30016263992
2,0.0
3,3828.9719132185073
4,8506.668190611443
