reservoir,value
1,26270.42175285487
2,14670.691696265876
3,5978.110450228746
4,10330.562193354497
