reservoir,value
1,96854.82836259117
2,4639.341589084361
3,21661.249008430783
4,12744.9
