reservoir,value
1,39365.90995917767
2,6387.259441102768
3,14725.077361441236
4,6882.934953263408
