reservoir,value
1,13118.852368587628
2,17247.863248448157
3,6096.625732117256
4,479.74344301552446
