reservoir,value
1,32630.72555263377
2,5066.376755784328
3,15567.026980142668
4,10620.034744032951
