reservoir,value
1,181329.6748274903
2,1054.670685142207
3,37286.423317310066
4,12744.9
