reservoir,value
1,24305.699366905646
2,8236.332625564602
3,6463.18101461188
4,2886.485217452201
