reservoir,value
1,34590.745183858024
2,8775.902065606117
3,3963.1575445557046
4,6245.849729979501
