reservoir,value
1,29703.168954765584
2,3462.9934143483115
3,0.0
4,119.57145858098193
