reservoir,value
1,19497.831150052127
2,32786.145697581116
3,3417.8660509285505
4,2182.873477831323
