reservoir,value
1,82622.5814339178
2,19617.2
3,8866.332971429982
4,10543.697636696706
