reservoir,value
1,93150.50795968887
2,5188.448405620284
3,12287.47927137502
4,18924.765693315407
