reservoir,value
1,155220.53175928778
2,1468.1218170689465
3,16277.104791398835
4,12744.9
