reservoir,value
1,40676.04406882644
2,7286.73264611726
3,12488.430115259976
4,24567.136220279182
