reservoir,value
1,59897.28522532982
2,13822.43264611726
3,13451.646560226955
4,12744.9
