reservoir,value
1,19412.540327061713
2,33884.96385465042
3,2417.1203080117443
4,1828.2935088922839
