reservoir,value
1,34170.31941152882
2,19617.2
3,7450.034923345022
4,5862.237056801863
