reservoir,value
1,20809.233556135547
2,4367.660596660974
3,3496.075776452607
4,2280.6536156640504
