reservoir,value
1,961.2537879590004
2,0.0
3,9748.252658844147
4,138.60951234359396
