reservoir,value
1,20472.1898730103
2,19951.699035617177
3,3325.20477706976
4,2727.0520812781824
