reservoir,value
1,71519.26301174905
2,14218.666785252546
3,20505.994539348998
4,12229.952081278747
