reservoir,value
1,19457.603399452455
2,19256.97781342348
3,3070.025389572609
4,1846.676786669119
