reservoir,value
1,65542.86641120157
2,19617.2
3,13675.119928921062
4,6446.728867947867
