reservoir,value
1,16305.441084518894
2,8895.264661451316
3,3473.66808174409
4,2929.498780426705
