reservoir,value
1,53352.26711807656
2,0.0
3,8408.514649613366
4,12744.9
