from,to,value
1,1,0.0
1,2,0.0
1,3,0.0
1,4,0.0
1,5,0.0
2,1,792.7805170719694
2,2,0.0
2,3,0.0
2,4,0.0
2,5,0.0
3,1,212.5338811753317
3,2,0.0
3,3,0.0
3,4,0.0
3,5,0.0
4,1,0.0
4,2,0.0
4,3,0.0
4,4,0.0
4,5,1761.9450952843736
5,1,1761.9450952843872
5,2,0.0
5,3,0.0
5,4,0.0
5,5,0.0
