reservoir,value
1,44195.80853713781
2,7125.219482928031
3,7340.103767935585
4,4607.054904715626
