reservoir,value
1,47923.250107412394
2,5048.3471632115325
3,7739.640021162858
4,19220.626785700293
