reservoir,value
1,79471.65740914518
2,0.0
3,6061.640021165773
4,5796.5073610620375
