reservoir,value
1,74020.36586366844
2,11663.48566836926
3,12844.469053350052
4,14498.363802185402
