reservoir,value
1,104706.66586366843
2,4456.885668369259
3,15802.769053350054
4,0.0
