reservoir,value
1,35407.61922397954
2,13297.699111615544
3,3668.4935622629355
4,2834.711135834889
