reservoir,value
1,35877.51887291663
2,3503.669111654676
3,12555.229956358005
4,13615.002724095708
