reservoir,value
1,0.0
2,0.0
3,733.9032990833712
4,5985.102724095708
