reservoir,value
1,34628.603575735935
2,2530.0291297305425
3,12094.294739236146
4,14986.795457670622
