reservoir,value
1,93276.76512187975
2,0.0
3,39756.96642762106
4,10650.07663168082
