reservoir,value
1,29479.110762330576
2,9574.662887410392
3,4495.697123015979
4,4853.344458898963
