reservoir,value
1,86083.87065806129
2,0.0
3,42219.16405698384
4,8504.666662727384
