reservoir,value
1,49231.749308474886
2,7828.02780004858
3,14738.2092955043
4,11645.78112579864
