reservoir,value
1,184189.87195835513
2,0.0
3,51786.1673268844
4,12744.9
