reservoir,value
1,36718.52292449994
2,3466.9714915164136
3,8430.498883502018
4,15550.1770181406
