reservoir,value
1,109167.03995550497
2,0.0
3,7941.882833352147
4,12744.9
