reservoir,value
1,46958.877860951754
2,5244.490000350279
3,11024.149900281975
4,18839.034232723894
