reservoir,value
1,153218.19181540445
2,0.0
3,39529.93126476701
4,12744.9
