reservoir,value
1,17285.324050646374
2,10789.843627701723
3,4034.0696824969614
4,2334.6607592254336
