reservoir,value
1,61836.40851016814
2,0.0
3,11957.176155416262
4,11104.667371748057
