reservoir,value
1,29667.182030142612
2,9462.631496421349
3,10212.53837465691
4,11195.416934188945
