reservoir,value
1,117867.76535744514
2,0.0
3,15250.034310458599
4,12744.9
