reservoir,value
1,53629.43125260808
2,6617.162354536506
3,17078.42456060886
4,15731.249443056728
