reservoir,value
1,85578.29360714466
2,0.0
3,20036.72456060886
4,2333.288402382727
