reservoir,value
1,38301.165598882566
2,26480.442400835414
3,7407.038849605609
4,8099.220180850451
