reservoir,value
1,26501.531900600334
2,19617.2
3,40796.114529394355
4,469.3201808504509
