reservoir,value
1,46002.640389134045
2,8713.384713590774
3,9526.054064296912
4,9134.263916942982
