reservoir,value
1,131327.99802323725
2,3175.1047135908093
3,51431.2540642965
4,12744.9
