reservoir,value
1,89640.92590252409
2,5228.664159002167
3,14014.59274330467
4,24515.85902719345
