reservoir,value
1,148100.82183061115
2,1290.642633603247
3,8507.665397088655
4,12744.9
