reservoir,value
1,37498.14833499999
2,10019.044246419451
3,12324.944073998104
4,4010.0892669370255
