reservoir,value
1,87823.95049518938
2,16554.74424641914
3,5744.376942040448
4,0.0
