reservoir,value
1,58653.85251229263
2,13024.366827833854
3,9666.339732586961
4,12972.38880725413
