reservoir,value
1,67604.39521104068
2,1689.6000569805565
3,11080.283427700499
4,5342.488807254131
