reservoir,value
1,55370.91137431891
2,15995.589710448226
3,10991.309785074924
4,15061.04717021271
