reservoir,value
1,87909.21137431891
2,8788.989710448226
3,13949.609785074925
4,0.0
