reservoir,value
1,27703.813417140027
2,6803.255342789496
3,3911.890049863471
4,6143.890264866848
