reservoir,value
1,80117.76151474685
2,0.0
3,6480.685013064656
4,12744.9
