reservoir,value
1,87942.17770541302
2,5041.689612020247
3,10704.629398497986
4,10233.83151666418
