reservoir,value
1,95804.35444056874
2,5035.811870971827
3,7803.563299756159
4,4676.909455216484
