reservoir,value
1,24911.601165841144
2,7561.1916160852625
3,11983.754370244273
4,10339.900152112039
