reservoir,value
1,120299.11083283796
2,0.0
3,35817.530969490086
4,12744.9
