region,depth,value
1,1,162.05648781665914
1,2,0.0
1,3,550.2
1,4,343.55
2,1,0.0
2,2,0.0
2,3,0.0
2,4,343.55
3,1,0.0
3,2,0.0
3,3,0.0
3,4,164.76511635854422
4,1,0.0
4,2,0.0
4,3,0.0
4,4,0.0
