reservoir,value
1,22613.362676976936
2,7835.013732001824
3,4511.5170961847325
4,2634.134883641456
