reservoir,value
1,714.9441000647607
2,367.8175189309436
3,0.0
4,0.0
