reservoir,value
1,13017.345515414536
2,41933.26397003131
3,2293.6170635706508
4,1980.2570555686245
