reservoir,value
1,24636.204738701286
2,19617.2
3,10835.242495914132
4,11676.757055568625
