reservoir,value
1,53796.51346985501
2,8181.952471535297
3,10905.564833325157
4,17270.041868747576
