reservoir,value
1,125792.6003285585
2,0.0
3,17926.37904412882
4,12744.9
