reservoir,value
1,14596.522838808587
2,10102.111830042657
3,2498.2752625333055
4,3378.942434949461
