reservoir,value
1,40537.9809722754
2,16669.311830042658
3,12873.45368335483
4,12744.9
