reservoir,value
1,13570.315013843854
2,8151.731303089167
3,3746.265824098012
4,2412.08587983302
