reservoir,value
1,59243.33485919669
2,0.0
3,16298.870289231088
4,11628.668793646097
