reservoir,value
1,25559.03139614135
2,1902.9330031517616
3,3068.4113199076455
4,12088.532858426635
