reservoir,value
1,33379.45083774507
2,0.0
3,7693.665369104511
4,12744.9
