reservoir,value
1,16399.7918934423
2,5359.138121434096
3,2746.871000078553
4,1716.6611641168574
