reservoir,value
1,76642.05962827873
2,0.0
3,2094.2748080980186
4,6756.778169468116
