reservoir,value
1,18568.859819620833
2,3028.936003697694
3,5962.154210301473
4,3790.1121066973446
