reservoir,value
1,13678.373726867329
2,0.0
3,3110.4575689944504
4,901.8088273481317
