reservoir,value
1,23173.60405270984
2,9565.863549671814
3,4030.9884831035806
4,3298.963783256884
