reservoir,value
1,73727.62580946222
2,0.0
3,34187.90618260707
4,12469.863783256884
