reservoir,value
1,42442.870558204624
2,9403.454081111115
3,10070.841442976753
4,11138.54847099306
