reservoir,value
1,83244.09432886826
2,0.0
3,13263.410042139263
4,9443.266133495097
