reservoir,value
1,53731.89146218628
2,6259.928504125388
3,5775.474070361934
4,9312.704189102467
