reservoir,value
1,8317.591462186276
2,0.0
3,0.0
4,1682.8041891024677
