reservoir,value
1,200717.6
2,4756.24921155098
3,29929.384346885563
4,12744.9
