reservoir,value
1,20099.112142687303
2,6466.246290278295
3,6909.008892037162
4,5683.560264279447
