reservoir,value
1,103331.6702251209
2,0.0
3,48814.20889203716
4,12744.9
