reservoir,value
1,16239.85427998322
2,14190.808888747033
3,2714.9799813061586
4,1772.1311022767654
