reservoir,value
1,17805.604050751994
2,1156.8088887461927
3,9248.805246663855
4,3526.4449367315106
