reservoir,value
1,11617.502214925744
2,4860.225431826472
3,3281.019690048902
4,1702.798322138353
