reservoir,value
1,28772.539584969916
2,0.0
3,21626.240042489928
4,6918.97779051392
