reservoir,value
1,26642.33011623645
2,5349.800379198322
3,5767.342968047611
4,3809.4440135527725
