reservoir,value
1,1054.2595642862473
2,2651.21080426121
3,3395.1745898538557
4,52.704477518193926
