reservoir,value
1,25977.064707908063
2,17235.811943999288
3,2645.52716861505
4,2728.778569153281
