reservoir,value
1,146321.24320016027
2,4154.311943999288
3,7139.3484889218325
4,8750.678569153302
