reservoir,value
1,17049.553561815675
2,20483.62799058918
3,2876.8566223652683
4,2766.9057091997415
