reservoir,value
1,134597.86547128763
2,19617.2
3,27758.281064485684
4,6934.966343237171
