reservoir,value
1,16047.179889602503
2,6685.663233810379
3,4286.50262576894
4,3977.6368745100976
