reservoir,value
1,109973.0491021979
2,0.0
3,17148.58262025504
4,12744.9
