reservoir,value
1,23587.574131135472
2,18669.514276512946
3,9739.59531019174
4,10799.240247115622
