reservoir,value
1,0.0
2,1959.2426328247916
3,0.0
4,3169.3402471156223
