reservoir,value
1,94430.58679771492
2,19617.2
3,38095.68395619465
4,12744.9
