reservoir,value
1,15167.23199419722
2,11999.415340263457
3,4848.254025599731
4,1606.768802622135
