reservoir,value
1,39637.94571157693
2,0.0
3,39624.61299420874
4,4009.341856607692
