reservoir,value
1,36801.83198842037
2,2517.7915485178114
3,13553.889799903405
4,5294.825198653052
