reservoir,value
1,89645.58759456387
2,5925.926871044521
3,21253.44634253672
4,16928.145735117407
