reservoir,value
1,105172.38759456389
2,10610.82687104452
3,24211.746342536724
4,0.0
