reservoir,value
1,21274.109507981397
2,7455.449731925522
3,10802.866581611888
4,5584.198375814438
