reservoir,value
1,97118.06706842937
2,0.0
3,51806.1
4,10699.198375814438
