reservoir,value
1,32151.09065788182
2,5403.105586243211
3,9627.339968387045
4,5417.563655656571
