reservoir,value
1,44249.870473136216
2,9755.409069864447
3,12336.178666614524
4,9692.05538173687
