reservoir,value
1,54484.326999780635
2,11545.568380242217
3,10702.178666615502
4,2062.1553817368695
