reservoir,value
1,19402.062587085427
2,8902.46479033557
3,2776.976214181106
4,1561.5362238304851
