reservoir,value
1,139028.61875839683
2,0.0
3,3919.090372393495
4,3419.9570402231566
