reservoir,value
1,69097.25749541855
2,4057.451778431123
3,17187.329910543434
4,14093.22520422978
