reservoir,value
1,96579.89879560078
2,1906.5104782489034
3,20145.629910543437
4,11734.825204207427
