reservoir,value
1,21595.725140014212
2,12820.836771132108
3,3583.901197475003
4,2269.7250209958825
