reservoir,value
1,28430.2360187188
2,6869.703263091971
3,5145.81769211828
4,4901.3962356281045
