reservoir,value
1,70966.05630363653
2,0.0
3,29601.848670156447
4,12744.9
