reservoir,value
1,51826.14920097498
2,8397.334282393007
3,11221.700114582465
4,5600.025495555332
