reservoir,value
1,8323.689640718316
2,0.0
3,9214.530398098315
4,0.0
