reservoir,value
1,42537.58463574125
2,8276.733457686823
3,9530.861665872113
4,15927.939233558613
