reservoir,value
1,86979.05089764958
2,11796.876085338323
3,13427.400357047532
4,12744.9
