reservoir,value
1,25129.34806009184
2,30659.13399018631
3,3779.2671769942467
4,1361.4325359649388
