reservoir,value
1,15029.689857749036
2,19617.2
3,2694.3815800988123
4,5491.086522455125
