reservoir,value
1,32971.44283698294
2,9080.806039862397
3,4734.656153845686
4,16130.250428667616
