reservoir,value
1,42573.386438453344
2,0.0
3,4926.354049197079
4,12744.9
