reservoir,value
1,63896.77128553108
2,5026.945388647605
3,20122.23774421375
4,17101.68496262597
