reservoir,value
1,94255.41667417869
2,0.0
3,23080.537744213754
4,0.0
