reservoir,value
1,15218.921945952052
2,7514.932002172252
3,2906.9140345103488
4,5988.018547562764
