reservoir,value
1,81287.43589196999
2,0.0
3,14593.717649129972
4,12744.9
