reservoir,value
1,19766.39038957304
2,6988.798626250371
3,3762.913842195268
4,2486.12782989731
