reservoir,value
1,50013.598622496334
2,0.0
3,1944.9648920409732
4,1358.291136325275
