reservoir,value
1,32200.999069242665
2,10630.404658646436
3,10882.57743847832
4,9838.966668619458
