reservoir,value
1,37088.92354989241
2,0.0
3,1524.1774384783548
4,2515.7546384276257
