reservoir,value
1,16137.32801217625
2,2421.0846300966255
3,3846.5326076843394
4,2349.132451200573
