reservoir,value
1,69144.47812734939
2,0.0
3,20235.49592800646
4,7181.367043532
