reservoir,value
1,21578.67964705028
2,22890.31724984607
3,5404.0907435083145
4,3285.6419183290586
