reservoir,value
1,60120.068576929945
2,12008.038164582851
3,21842.022882701116
4,11149.396285408315
