from,to,value
1,1,0.0
1,2,3461.1596644573074
1,3,0.0
1,4,0.0
1,5,654.5824220902164
2,1,0.0
2,2,0.0
2,3,0.0
2,4,0.0
2,5,0.0
3,1,0.0
3,2,0.0
3,3,0.0
3,4,0.0
3,5,128.3589776302806
4,1,0.0
4,2,0.0
4,3,0.0
4,4,0.0
4,5,0.0
5,1,0.0
5,2,0.0
5,3,0.0
5,4,782.9413997201277
5,5,0.0
