reservoir,value
1,26047.30640444281
2,6992.183220839002
3,4902.102135933233
4,3336.0045960332723
