reservoir,value
1,66016.26355694357
2,14887.822507177956
3,25625.629498241284
4,24193.588864688554
