reservoir,value
1,0.0
2,1806.3225071779102
3,0.0
4,12251.365078457462
