reservoir,value
1,80571.28403563905
2,19617.2
3,26263.394463394456
4,12744.9
