reservoir,value
1,44985.74565214952
2,3464.5231403872244
3,15096.070823847556
4,20903.81988354222
