reservoir,value
1,110911.69780714222
2,0.0
3,32583.45202848957
4,12744.9
