reservoir,value
1,33785.303168296305
2,10087.049783101767
3,8745.984842277972
4,8550.504799323175
