reservoir,value
1,70204.85311504366
2,16622.749783101768
3,0.0
4,4107.955604271821
