reservoir,value
1,29016.803714198348
2,8428.693609789218
3,11671.89387747096
4,16378.874210832832
