reservoir,value
1,144366.4180775089
2,0.0
3,43331.70149288444
4,12744.9
