reservoir,value
1,62063.67235080755
2,13146.038064388573
3,10681.87015263876
4,5986.336763924598
