reservoir,value
1,35848.67418459288
2,17838.900179765384
3,4031.0641667543387
4,224.22866886834527
