reservoir,value
1,46986.86468117467
2,4986.866882956638
3,9608.508722434062
4,18536.05921153639
