reservoir,value
1,100144.3155788242
2,3702.2429682948637
3,20195.609079482172
4,7609.402328094987
