reservoir,value
1,47463.06787558661
2,3305.6731317810563
3,8850.2406147587
4,13274.771361471645
