reservoir,value
1,94758.04873804108
2,0.0
3,12282.11185712663
4,7390.706915278608
