reservoir,value
1,19128.19851422644
2,12167.081438570762
3,3098.854214345956
4,2517.095001702795
