reservoir,value
1,116914.95974421746
2,0.0
3,11965.75334481605
4,11542.995001702795
