reservoir,value
1,23611.41065700446
2,4897.338187903181
3,3504.1046064241355
4,10979.36387926728
