reservoir,value
1,138809.11608240995
2,0.0
3,10936.647790137093
4,12744.9
