reservoir,value
1,11547.849950032123
2,3766.698831409024
3,2856.400106687982
4,1390.6336296261013
