reservoir,value
1,32064.62138223111
2,0.0
3,9290.845293532999
4,7859.87210231814
