reservoir,value
1,30912.938341221008
2,10066.56572557401
3,15860.90814156205
4,13670.390496430644
