reservoir,value
1,178879.18192099206
2,13166.152085329508
3,51806.1
4,12163.941327720875
