reservoir,value
1,45000.79555994026
2,7135.56312575326
3,7429.123420362393
4,5435.959885637981
