reservoir,value
1,80608.2327756359
2,10039.58007178015
3,46265.92290174945
4,22204.480676800118
