reservoir,value
1,0.0
2,0.0
3,6206.115404986856
4,9769.471003227445
