reservoir,value
1,126000.98674972703
2,7036.983353302283
3,51806.1
4,12744.9
