reservoir,value
1,49964.24742592346
2,17244.664426479794
3,7968.7175142961605
4,9086.364273099936
