reservoir,value
1,78320.94916907157
2,17971.313805438404
3,7901.712722591844
4,3280.657446708702
