reservoir,value
1,15315.32102129687
2,36753.736283156366
3,3286.9444786803197
4,5868.506243761032
