reservoir,value
1,50868.47494621597
2,19617.2
3,3219.8444786803057
4,12744.9
