reservoir,value
1,46739.38114593255
2,4527.5013833818575
3,6990.734509041644
4,13578.660107045805
