reservoir,value
1,84809.50540556616
2,0.0
3,7746.8061964554345
4,3796.8025616607592
