reservoir,value
1,49213.40833773065
2,8236.186447793345
3,14724.621094524797
4,8344.103144133336
