reservoir,value
1,67862.79581806279
2,5169.7793382131185
3,14812.422215204804
4,714.2031441333365
