reservoir,value
1,14815.833967905248
2,11701.313075856868
3,2574.30316459993
4,1736.0608888881063
