reservoir,value
1,22301.018003310117
2,0.0
3,8882.875621719639
4,9437.209546105747
