reservoir,value
1,26768.323649543407
2,7952.3589422691075
3,2880.2157000733737
4,3540.7789410554637
