reservoir,value
1,145057.63647875944
2,6745.190723243738
3,11744.668737423124
4,9064.682232135527
