reservoir,value
1,17021.89579602095
2,13074.077038906289
3,2309.135504785718
4,1724.3602506957702
