reservoir,value
1,20197.897640389332
2,40.07703890563789
3,7845.985043851139
4,4149.90882331414
