reservoir,value
1,23598.970144207917
2,8351.572812866692
3,3264.8032251708323
4,3567.864469862984
