reservoir,value
1,100169.57274582035
2,0.0
3,19265.430793518866
4,10024.764469862985
