reservoir,value
1,27704.584532961886
2,18103.125266731182
3,3701.085317514715
4,5790.563824114515
