reservoir,value
1,80730.97576564684
2,5021.625266731182
3,24555.52867642701
4,12744.9
