reservoir,value
1,39882.86621298192
2,8980.530324800224
3,12598.08300574961
4,24557.51009981943
