reservoir,value
1,127109.0259162407
2,0.0
3,42678.145133429745
4,6167.242894118941
