reservoir,value
1,23774.36730787483
2,35288.971717300534
3,3746.833403517267
4,1632.6244012171537
