reservoir,value
1,11198.510507986153
2,19617.2
3,4607.397453640352
4,2591.640090396668
