reservoir,value
1,56778.58487017457
2,9445.096662180695
3,9698.358748329365
4,9150.25487372502
