reservoir,value
1,115571.731002007
2,0.0
3,9734.770133484093
4,3534.077866342712
