reservoir,value
1,21702.515597487123
2,4941.733653576877
3,7830.646296532988
4,14893.538999038967
