reservoir,value
1,79389.22784527525
2,0.0
3,40112.98117611607
4,12744.9
