from,to,value
1,1,0.0
1,2,2115.173900085925
1,3,294.27408451170595
1,4,0.0
1,5,559.7638179572788
2,1,1142.5311531140385
2,2,0.0
2,3,0.0
2,4,0.0
2,5,0.0
3,1,335.86712179399996
3,2,0.0
3,3,0.0
3,4,0.0
3,5,1033.2039266874795
4,1,0.0
4,2,0.0
4,3,0.0
4,4,0.0
4,5,719.4311587375803
5,1,1265.3233819716497
5,2,0.0
5,3,779.2065457185814
5,4,267.86897569199385
5,5,0.0
