reservoir,value
1,27024.542604579292
2,9686.656326591687
3,5048.729550681657
4,5909.568063809527
