reservoir,value
1,14.017517568218537
2,232.06371027969163
3,9.019665816119184
4,91.21190277891674
