reservoir,value
1,118244.95231527906
2,2064.5299098899322
3,23102.255007533673
4,12282.37523181019
