reservoir,value
1,13147.065703566612
2,5245.261322894863
3,3535.9276748759576
4,3379.4378423812586
