reservoir,value
1,56353.984974197774
2,0.0
3,12709.70717247054
4,12744.9
