reservoir,value
1,24374.689095351227
2,7616.09723878903
3,4183.489071398817
4,5781.967100031372
