reservoir,value
1,102985.67302452851
2,0.0
3,5413.162730010291
4,12238.86710003137
