reservoir,value
1,19339.43093650917
2,5908.102739291682
3,3773.9797013053503
4,3207.6299581059457
