reservoir,value
1,118718.71613536624
2,1543.4627392911843
3,36886.6047815489
4,12233.529958105944
