reservoir,value
1,39508.65704349874
2,5780.576312457279
3,7957.125925024254
4,7862.639563909954
