reservoir,value
1,91937.26609566173
2,302.11796462948587
3,0.0
4,232.7395639099541
