reservoir,value
1,62648.557646229696
2,2627.5182702627085
3,9491.972112584474
4,12784.07804420331
