reservoir,value
1,56716.39774258476
2,0.0
3,5838.856117086814
4,8827.842221153636
