reservoir,value
1,17600.433453766393
2,25839.766385927636
3,2442.2407266498976
4,3227.417307666072
