reservoir,value
1,107926.33892505095
2,19617.2
3,20299.621791135585
4,3347.3836509039847
