reservoir,value
1,49742.40518489397
2,7567.60353169643
3,12968.324457581472
4,7769.32913085898
