reservoir,value
1,26454.395372966774
2,0.0
3,24862.049342679697
4,139.42913085898
