reservoir,value
1,69910.18772112916
2,5333.689642066123
3,13221.83924646636
4,15890.08144501987
