reservoir,value
1,179883.2848662019
2,12033.538036982862
3,31251.217532204642
4,12744.9
