reservoir,value
1,20852.420012237086
2,7111.355640380805
3,3077.8635241570432
4,1297.1469746434861
