reservoir,value
1,8835.514064872936
2,0.0
3,957.9693780739851
4,3496.880014659362
