reservoir,value
1,72084.49208470026
2,3762.962506893045
3,8042.0786029895935
4,12354.850785456554
