reservoir,value
1,101179.1545915933
2,0.0
3,11000.378602989595
4,0.0
