reservoir,value
1,20097.90770408008
2,8573.831260422066
3,3304.8401209553394
4,2032.2145443418788
