reservoir,value
1,75738.77044066644
2,6983.777291930521
3,5532.871115884806
4,10473.759710254919
