reservoir,value
1,22770.70013265168
2,2742.075956383771
3,8596.256614452286
4,4653.1268150821215
