reservoir,value
1,60666.701425005114
2,6427.118833779454
3,0.0
4,0.0
