reservoir,value
1,25222.87768632638
2,5164.264011323779
3,5910.004859133159
4,9361.219536599088
