reservoir,value
1,107585.05724903276
2,0.0
3,30513.40511427566
4,12744.9
