reservoir,value
1,18418.79763839337
2,6584.110003399755
3,3393.099085101046
4,2066.993274721289
