reservoir,value
1,57307.87258372251
2,13931.387004245671
3,8429.701889115107
4,4725.144575269201
