reservoir,value
1,65736.39017590582
2,13151.50337289599
3,17344.183225904846
4,16330.865064232752
