reservoir,value
1,95982.69017590582
2,5944.903372895989
3,20302.48322590485
4,12744.9
