reservoir,value
1,16259.221774804477
2,12932.57829101151
3,3012.3581555684764
4,3505.665673885554
