reservoir,value
1,75035.23595778598
2,0.0
3,8781.67580469828
4,8620.665673885582
