reservoir,value
1,16212.966094764564
2,10597.573570189421
3,3779.646047437155
4,1686.1321027978336
