reservoir,value
1,0.0
2,7215.17089143374
3,7317.186951201525
4,0.0
