reservoir,value
1,30283.88425746779
2,3275.992734339801
3,18041.45617571057
4,13913.446004141835
