reservoir,value
1,79805.81650894512
2,0.0
3,48131.905862518855
4,9504.412103453185
