reservoir,value
1,24723.875304472855
2,5046.594639336072
3,2756.2344326001526
4,7842.880134199002
