reservoir,value
1,90153.75849698117
2,0.0
3,19293.38663441844
4,11446.659306034038
