reservoir,value
1,29099.808537345045
2,22424.58493585452
3,6153.801269903747
4,4717.436445403966
