reservoir,value
1,66606.46510446939
2,19617.2
3,0.0
4,3187.3508049486463
