reservoir,value
1,10257.171262349357
2,8923.673443255626
3,2431.2294279654975
4,1705.2109297124507
