reservoir,value
1,30730.318173734246
2,309.2121699429081
3,10711.9301608786
4,9156.262733983482
