reservoir,value
1,16429.299624889492
2,15187.13592233247
3,4976.320024902967
4,2631.28253704051
