reservoir,value
1,59634.36948407426
2,6757.69862506545
3,23739.51747136299
4,11657.18253704051
