reservoir,value
1,21687.274991200262
2,6283.727269123554
3,6172.490908305721
4,10605.045330826319
