reservoir,value
1,98495.10209746526
2,0.0
3,16910.055982138092
4,12744.9
