reservoir,value
1,26619.653750863006
2,30490.93349784437
3,3465.3105171827006
4,3182.2791765301995
