reservoir,value
1,48357.970368273236
2,8597.992306419419
3,11933.199546689344
4,17247.636586403558
