reservoir,value
1,65514.702138410496
2,0.0
3,15500.200712936381
4,9239.756022870257
