reservoir,value
1,36414.15813623855
2,9515.595080518775
3,10289.356200548908
4,5454.326292103565
