reservoir,value
1,33771.85014410717
2,7258.202799291101
3,15032.409560647548
4,9801.905937878932
