reservoir,value
1,76606.62809967418
2,0.0
3,20179.43177585235
4,2886.2090820122685
