reservoir,value
1,44360.83611669369
2,7742.493103243647
3,9802.006819604978
4,4960.286311893891
