reservoir,value
1,45840.9447616179
2,4935.053103243654
3,8835.884437737499
4,1240.5355829257478
