reservoir,value
1,21480.716967030803
2,12337.439637002017
3,7345.288573471853
4,6780.265625141094
