reservoir,value
1,70259.88892987964
2,2199.2209147380954
3,20868.232139190863
4,11147.754367079257
