reservoir,value
1,25412.815762373317
2,10753.952317644447
3,3688.6776737735095
4,2398.434154885263
