reservoir,value
1,85615.22136187236
2,8161.05414627572
3,21811.77735263779
4,18596.44437790268
