reservoir,value
1,101142.02136187235
2,12845.954146275719
3,24770.07735263779
4,0.0
