reservoir,value
1,53735.72467641317
2,8223.918994454627
3,14367.92131336032
4,16073.981185282948
