reservoir,value
1,109994.5739645988
2,0.0
3,11295.696941803399
4,11200.723447408416
