reservoir,value
1,68006.27939129533
2,6450.69197675409
3,17244.843304982343
4,14188.379897233326
