reservoir,value
1,88638.07939129534
2,11150.59197675409
3,20203.143304982346
4,11829.979897232464
