reservoir,value
1,31715.095767203202
2,10484.500968343384
3,4360.3339344740425
4,6469.026272720907
