reservoir,value
1,104832.42604871932
2,2746.5609683433904
3,19030.71061801925
4,12744.9
