reservoir,value
1,31315.22279432389
2,20211.91755069697
3,8355.308319728247
4,3134.597072722593
