reservoir,value
1,113640.86655659969
2,19617.2
3,27115.945567988005
4,339.0332778549644
