reservoir,value
1,20798.43886353445
2,3456.7732959946334
3,5472.388931977583
4,5803.5442498988
