reservoir,value
1,83735.19987851725
2,0.0
3,30847.830817587226
4,10918.544249898801
