reservoir,value
1,35510.10919101534
2,25761.37834540279
3,9325.492986406809
4,12044.382887007125
