reservoir,value
1,0.0
2,8637.551361831347
3,0.0
4,4414.482887007125
