reservoir,value
1,178096.88682384923
2,19617.2
3,38090.98223489128
4,12744.9
