reservoir,value
1,15986.775947793652
2,4349.290333031059
3,4979.069081864904
4,1469.1889909342788
