reservoir,value
1,115223.3097240869
2,8919.223164267762
3,27638.719512633317
4,4160.880046879114
