reservoir,value
1,71176.71288732992
2,3828.6691874824783
3,31011.66590187096
4,23441.856495690423
