reservoir,value
1,88935.51288732994
2,8528.569187482477
3,33969.965901870964
4,0.0
