reservoir,value
1,14760.812613282016
2,13984.952052497563
3,2429.645407969564
4,2136.3498911366414
