reservoir,value
1,48085.2175545119
2,1217.4656777333112
3,11965.732865219738
4,2553.8049151975583
