reservoir,value
1,22856.544333743248
2,2277.7717664016573
3,6163.263710395965
4,8409.655814486483
