reservoir,value
1,108724.80447292974
2,18015.56146567883
3,39544.87010222067
4,12744.9
