reservoir,value
1,103460.74302557902
2,5479.052760898259
3,25737.96821987645
4,17675.99611332792
