reservoir,value
1,146680.73863272695
2,12431.93402929972
3,45836.95155989003
4,0.0
