reservoir,value
1,67926.40014675348
2,9014.843517620711
3,19718.106186272227
4,8611.672480947866
