reservoir,value
1,61634.56944343324
2,19617.2
3,15481.118311936585
4,981.7724809478659
