reservoir,value
1,40938.4295092783
2,7272.449378958608
3,9236.66935929639
4,7781.4975407217335
