reservoir,value
1,64557.30174314812
2,13808.14937895861
3,4368.295208295683
4,1824.1931736087654
