reservoir,value
1,15454.824723679116
2,3346.858602018774
3,3303.997759738524
4,2199.956430921236
