reservoir,value
1,71097.40169291968
2,0.0
3,21376.044275131477
4,11557.856430931559
