from,to,value
1,1,0.0
1,2,0.0
1,3,516.636352621723
1,4,0.0
1,5,0.0
2,1,41.175948332995176
2,2,0.0
2,3,0.0
2,4,0.0
2,5,0.0
3,1,0.0
3,2,0.0
3,3,0.0
3,4,0.0
3,5,0.0
4,1,0.0
4,2,0.0
4,3,0.0
4,4,0.0
4,5,217.96364737832027
5,1,0.0
5,2,0.0
5,3,217.96364737832027
5,4,0.0
5,5,0.0
