reservoir,value
1,53591.756498822855
2,7876.824051667678
3,10983.387004736309
4,6483.03635262168
