reservoir,value
1,40704.760518296855
2,0.0
3,1082.4870047363092
4,0.0
