from,to,value
1,1,0.0
1,2,0.0
1,3,600.0
1,4,0.0
1,5,1655.870603672054
2,1,2735.861945280295
2,2,0.0
2,3,0.0
2,4,0.0
2,5,0.0
3,1,0.0
3,2,0.0
3,3,0.0
3,4,0.0
3,5,0.0
4,1,0.0
4,2,0.0
4,3,0.0
4,4,0.0
4,5,0.0
5,1,0.0
5,2,0.0
5,3,1082.6000000000035
5,4,573.2706036720215
5,5,0.0
