reservoir,value
1,19078.765149629377
2,4900.138054719705
3,3886.228931584125
4,1967.0891193175273
