reservoir,value
1,15016.586563143745
2,0.0
3,10476.611718734797
4,713.7915726344123
