reservoir,value
1,36370.706330227826
2,8359.185702823694
3,5019.219252255569
4,8090.092578162992
