reservoir,value
1,113591.29599978213
2,0.0
3,22979.38456372664
4,12744.9
