reservoir,value
1,28246.188599469526
2,12205.04469236628
3,3851.850281416034
4,1936.6252377664885
