reservoir,value
1,27114.582134042736
2,6153.8477821659835
3,3608.18159023807
4,3750.3671128396886
