reservoir,value
1,17267.63936720479
2,5859.8100040702975
3,4293.592738938365
4,2014.452797149922
