reservoir,value
1,33360.563257995105
2,3618.163860421266
3,13565.942367411191
4,9550.599596456901
