reservoir,value
1,24479.06033365582
2,8980.6264860158
3,7648.957283440495
4,3787.0484559097918
