reservoir,value
1,18093.662202052008
2,17558.388572779673
3,0.0
4,0.0
