reservoir,value
1,42679.6512305107
2,7846.176768914229
3,11594.491354531552
4,10967.257217854141
