reservoir,value
1,43359.171891944294
2,0.0
3,17412.722600649467
4,4425.239870915231
