reservoir,value
1,48837.122459465856
2,4885.863812606904
3,26118.308202457
4,26731.41379225807
