reservoir,value
1,0.0
2,0.0
3,12223.023130711239
4,31846.41379225807
