reservoir,value
1,115398.03953776178
2,6866.025480930521
3,51806.1
4,0.0
