reservoir,value
1,55464.658040400245
2,2522.4395404353445
3,8371.30070321777
4,12783.83509567814
