reservoir,value
1,200717.6
2,0.0
3,35601.83525738708
4,10629.575480600288
