from,to,value
1,1,0.0
1,2,4020.9159920079037
1,3,0.0
1,4,0.0
1,5,0.0
2,1,0.0
2,2,0.0
2,3,0.0
2,4,0.0
2,5,0.0
3,1,27.16886700084679
3,2,0.0
3,3,0.0
3,4,0.0
3,5,416.1052770356044
4,1,0.0
4,2,0.0
4,3,0.0
4,4,0.0
4,5,0.0
5,1,0.0
5,2,0.0
5,3,0.0
5,4,416.1052770357566
5,5,0.0
