reservoir,value
1,14591.692533037745
2,12688.355992006564
3,2644.5965572625028
4,2639.236213576639
