reservoir,value
1,72246.96203284149
2,0.0
3,19127.583990874275
4,4207.455024060925
