from,to,value
1,1,0.0
1,2,0.0
1,3,0.0
1,4,0.0
1,5,0.0
2,1,1954.314603249607
2,2,0.0
2,3,0.0
2,4,0.0
2,5,0.0
3,1,1000.0
3,2,0.0
3,3,0.0
3,4,0.0
3,5,1559.216919525299
4,1,0.0
4,2,0.0
4,3,0.0
4,4,0.0
4,5,2180.968477222714
5,1,3740.185396748013
5,2,0.0
5,3,0.0
5,4,0.0
5,5,0.0
