reservoir,value
1,62366.569396330735
2,8383.991791736888
3,7254.083080472305
4,4520.031522777286
