reservoir,value
1,65401.776970515195
2,2643.9445878611905
3,0.0
4,0.0
