reservoir,value
1,26662.092940579692
2,4805.922722709396
3,13525.585895538969
4,13045.022966192033
