reservoir,value
1,74972.83217223421
2,0.0
3,51756.591758057824
4,12744.9
