reservoir,value
1,85746.88670497474
2,2398.2520540785
3,15892.699870748207
4,21186.692798273358
