reservoir,value
1,1101.165921361855
2,0.0
3,0.0
4,10811.947482711268
