reservoir,value
1,200717.6
2,0.0
3,37131.43455416931
4,5475.640384922149
