reservoir,value
1,10406.689803957524
2,9927.743345804072
3,2990.007404161985
4,1956.2414067201703
