reservoir,value
1,48084.41087015718
2,0.0
3,20452.944890704657
4,11314.14140672017
