reservoir,value
1,24477.930149474163
2,8444.741987540143
3,2827.45239252603
4,1839.289842820273
