reservoir,value
1,149421.5008967504
2,0.0
3,12471.150673322492
4,3824.752833358678
