reservoir,value
1,41124.733978497425
2,2841.021921004536
3,12158.973389915704
4,4388.797229928652
