reservoir,value
1,21393.33020498389
2,0.0
3,7973.94219621096
4,0.0
