reservoir,value
1,46140.794004579395
2,9965.457964766681
3,11174.713897780319
4,21852.161769423044
