reservoir,value
1,155258.2150322231
2,16501.15796476666
3,26571.45536245114
4,12744.9
