reservoir,value
1,23195.47004850486
2,13434.565665552143
3,3323.9864901136825
4,2325.179143277976
