reservoir,value
1,66084.24174934204
2,11705.414885340128
3,11053.689696905443
4,11351.079143277975
