reservoir,value
1,62187.88702966235
2,6249.293524204865
3,10687.913697394468
4,19636.996495340987
