reservoir,value
1,105888.7647680062
2,0.0
3,15642.32630020853
4,12744.9
