reservoir,value
1,34970.550558242
2,18263.51041919548
3,5204.915467820059
4,7947.847059620378
