reservoir,value
1,125742.25466939138
2,5182.0104191954815
3,25146.35646720416
4,12744.9
