reservoir,value
1,25678.247966549305
2,9241.449251327374
3,4234.102864342594
4,2666.0331266019944
