reservoir,value
1,14583.519251494256
2,173.81927063506475
3,8068.573920814411
4,1953.04083013223
