reservoir,value
1,18531.88145008021
2,13976.432322823644
3,4700.077327975291
4,5112.264021804745
