reservoir,value
1,117868.97620965751
2,4134.802949882778
3,27846.772112145678
4,12744.9
