reservoir,value
1,19476.96672885367
2,11399.420973847054
3,3339.3839880195196
4,2870.584977379969
