reservoir,value
1,74304.79083788255
2,456.0061696363591
3,25020.207058152795
4,12373.484977379969
