reservoir,value
1,43947.7651297119
2,5554.726003168861
3,15917.749585807122
4,6077.149139245588
