reservoir,value
1,7840.278765102659
2,0.0
3,24451.70879320361
4,0.0
