from,to,value
1,1,0.0
1,2,4161.35421847812
1,3,185.2409120962567
1,4,0.0
1,5,0.0
2,1,0.0
2,2,0.0
2,3,0.0
2,4,0.0
2,5,0.0
3,1,0.0
3,2,0.0
3,3,0.0
3,4,0.0
3,5,0.0
4,1,0.0
4,2,0.0
4,3,0.0
4,4,0.0
4,5,385.5310666277545
5,1,0.0
5,2,0.0
5,3,385.53106662774644
5,4,0.0
5,5,0.0
