reservoir,value
1,18093.30618099104
2,10571.75421847812
3,3865.807215154997
4,2351.342315682375
