reservoir,value
1,13732.92522652605
2,8469.079750316212
3,2400.8095391891284
4,1701.6831106054585
