reservoir,value
1,42830.88893395369
2,0.0
3,2419.67857182427
4,2539.1702654705123
