reservoir,value
1,21154.018293624868
2,9841.662354675618
3,8159.1627239422605
4,5235.370367193178
