reservoir,value
1,60117.03820592366
2,2004.994316891487
3,6502.638917070132
4,360.76483004489273
