reservoir,value
1,64956.38448967807
2,8350.248712468567
3,14421.499725983074
4,17866.337638563135
