reservoir,value
1,140707.45685652824
2,0.0
3,22097.742353300586
4,5626.640145976358
