reservoir,value
1,43274.44519117669
2,15662.49091246946
3,3866.6583381215896
4,10719.387018990017
