reservoir,value
1,164842.29078795988
2,5004.810912469465
3,12903.640196514603
4,12744.9
