reservoir,value
1,29975.471186359275
2,11733.906542824761
3,3842.7149691813866
4,1698.1067522864691
