reservoir,value
1,95223.75349088112
2,15485.584254055639
3,85.51415683223865
4,5584.832923680616
