reservoir,value
1,29068.66432267687
2,9898.962163945816
3,8615.457667169223
4,12662.607158250894
