reservoir,value
1,115730.37433466958
2,0.0
3,34289.99178964
4,12744.9
