reservoir,value
1,55150.59425868832
2,13238.711860784846
3,9926.663821703698
4,3774.2447595113154
