reservoir,value
1,77830.82607891576
2,7584.261902969083
3,5813.533490964071
4,0.0
