reservoir,value
1,52952.35112921492
2,9884.82850695061
3,11314.51123705199
4,11220.822423180387
