reservoir,value
1,72528.18555267021
2,3482.8941215321156
3,9332.57413433459
4,3590.9224231803873
