reservoir,value
1,18896.84648260322
2,3713.617971092526
3,6835.805682366647
4,5401.022506520116
