reservoir,value
1,96672.82458340403
2,1270.30097351306
3,27096.57299140843
4,10516.022506520116
