reservoir,value
1,12539.147090542307
2,26126.074577038402
3,2910.9852180402286
4,2206.130548173607
