reservoir,value
1,75142.99535439606
2,19617.2
3,10595.193361332302
4,11335.25939635437
