reservoir,value
1,17109.039344353136
2,9688.104259183294
3,2986.6676147385942
4,2058.254336810829
