reservoir,value
1,64532.35140831873
2,5281.746518022646
3,11087.222212063498
4,10330.108074976659
