reservoir,value
1,23703.5286434768
2,5526.780445522598
3,9641.36459331185
4,15178.617578931198
