reservoir,value
1,44836.241156503376
2,19617.2
3,10864.116444966978
4,11831.91952272135
