reservoir,value
1,43791.21455478523
2,4506.698237935703
3,4261.17623944407
4,9198.434678884241
