reservoir,value
1,160226.17284483416
2,0.0
3,13019.291406916014
4,12744.9
