reservoir,value
1,21276.81575467189
2,32316.883721609986
3,3581.970658389284
4,1940.9584011240556
