reservoir,value
1,91695.13028717854
2,19617.2
3,33079.80067938465
4,5314.332824202103
