reservoir,value
1,60083.096166044044
2,7509.60302666215
3,13284.72314710654
4,17791.393817645556
