reservoir,value
1,136866.5347898379
2,8293.258510240667
3,23343.131396582172
4,4135.737144741488
