reservoir,value
1,29201.471869623358
2,6539.016766415172
3,10936.925859263052
4,4518.34081354602
