reservoir,value
1,25683.59664145181
2,9120.948214506987
3,4486.0187346681305
4,3644.5208224175194
