reservoir,value
1,168412.8102370664
2,6807.94068190537
3,19851.0797249475
4,6343.858413152071
