reservoir,value
1,30564.659044085696
2,5438.880772431648
3,11983.950627542594
4,6349.775851548516
