reservoir,value
1,16977.23878597006
2,0.0
3,4348.622892477235
4,660.1046281534173
