reservoir,value
1,82776.3962906383
2,5786.722120108878
3,29282.09681107315
4,29188.776310006957
