reservoir,value
1,136488.69852492365
2,0.0
3,44087.71887222639
4,0.0
