reservoir,value
1,51679.06169462035
2,2431.803995767762
3,15785.202374140845
4,16648.576776073915
