reservoir,value
1,168725.2105278237
2,0.0
3,34951.597107306894
4,12744.9
