reservoir,value
1,18284.285063839132
2,17506.605979611784
3,2482.4432743494945
4,1751.4425193113645
