reservoir,value
1,77530.80144309973
2,6381.1999117346895
3,5282.673840415879
4,7606.069637003584
