reservoir,value
1,33880.16094196512
2,2558.91285607954
3,14456.416258188025
4,5975.171489358883
