reservoir,value
1,15707.602909666262
2,8996.452769215466
3,3087.9137593439937
4,1653.3320963942197
