reservoir,value
1,51399.64448352136
2,0.0
3,23201.64948984593
4,6129.839955643991
