reservoir,value
1,52633.81113361973
2,3939.1882558841826
3,14318.452581336915
4,13420.575456050987
