reservoir,value
1,42854.73018860047
2,6395.853975398485
3,4446.052581336914
4,5985.597705646436
