reservoir,value
1,76867.94299066502
2,7431.415665446688
3,33351.168225329304
4,15793.921803964879
