reservoir,value
1,86636.02018867298
2,9890.741773813972
3,45279.0363801435
4,12744.9
