reservoir,value
1,50794.72538311451
2,10898.318888094756
3,10139.091007598076
4,11971.221809315062
