reservoir,value
1,136575.06900497558
2,14297.338074296324
3,24273.31028400815
4,7101.8342826786275
