reservoir,value
1,10824.20980331004
2,5496.254955979081
3,3067.8002545957324
4,1720.4810532564077
