reservoir,value
1,26297.323315325764
2,0.0
3,6645.1478411513635
4,5930.827953779806
