reservoir,value
1,56823.28563337639
2,5260.965321601855
3,5379.187309911803
4,16768.554898775164
