reservoir,value
1,104408.06942298042
2,10371.890085092193
3,22494.094184649428
4,9883.473998666253
