reservoir,value
1,48884.97362596459
2,5256.835344403101
3,13479.195642580704
4,9607.4109661248
