reservoir,value
1,9101.904314343607
2,0.0
3,6394.348477954274
4,2417.664318971347
