reservoir,value
1,26597.79839921389
2,4904.893025164763
3,8019.813395931267
4,11287.196130184331
