reservoir,value
1,66838.01865849704
2,0.0
3,26934.580423664585
4,12744.9
