reservoir,value
1,45927.68989838931
2,8998.721310074254
3,4485.01178321882
4,12477.093323995312
