reservoir,value
1,95617.81661402973
2,0.0
3,10345.517979674256
4,8643.995885656072
