reservoir,value
1,20389.30831678868
2,9270.240646650072
3,3721.6256895373986
4,3260.3019785903693
