reservoir,value
1,98764.71836722201
2,0.0
3,23781.34651540327
4,12744.9
