reservoir,value
1,40009.183959525166
2,5024.6540566136355
3,8679.307802016832
4,11801.890600055875
