reservoir,value
1,83175.63117543314
2,0.0
3,15324.924545181542
4,12744.9
