reservoir,value
1,62634.081572123374
2,9762.197356792167
3,10796.253899969102
4,12498.706879823032
