reservoir,value
1,95172.38157212338
2,2555.5973567921665
3,13754.553899969103
4,0.0
