reservoir,value
1,38824.10911955001
2,10399.198685742911
3,7231.140133848785
4,3890.878568351407
