reservoir,value
1,30042.50420504438
2,11406.224282757737
3,406.4501856904935
4,0.0
