reservoir,value
1,54678.02781673253
2,5978.785487131246
3,15716.389373217009
4,15784.304280417677
