reservoir,value
1,112253.59715859321
2,0.0
3,23244.7767574542
4,8154.404280418877
