reservoir,value
1,21940.510671419775
2,5689.806096638302
3,7257.427352504698
4,3342.5359323414746
