reservoir,value
1,5558.039319262472
2,601.2293441230504
3,2401.4484017970053
4,0.0
