reservoir,value
1,18932.133888969565
2,19307.868134344884
3,4099.534867265696
4,5339.983631262003
