reservoir,value
1,34573.12260684295
2,19617.2
3,35110.35828408322
4,12744.9
