reservoir,value
1,48219.708377913805
2,11424.251421312663
3,7757.336075286191
4,11645.095542180272
