reservoir,value
1,82447.50837791381
2,4217.651421312663
3,10951.136075286191
4,9286.695542180272
