reservoir,value
1,43924.88451405149
2,10673.845015022685
3,9568.752036254578
4,17057.82497940461
