reservoir,value
1,101435.76506133235
2,5420.120725847965
3,20876.18868216254
4,1749.8389629531996
