reservoir,value
1,16530.816660108445
2,11456.807676890654
3,3264.674292433954
4,1675.2793709597045
