reservoir,value
1,94435.93329555853
2,0.0
3,4328.14728580441
4,4830.923082385564
