reservoir,value
1,18443.01376971863
2,15040.668781886045
3,3605.1681742499395
4,3113.9874294582323
