reservoir,value
1,26621.136376561666
2,19617.2
3,29474.22645833347
4,12616.887429458231
