reservoir,value
1,65682.13150574763
2,4875.051827757445
3,15450.26116068121
4,18211.198974581326
