reservoir,value
1,125789.66409518858
2,6083.715994093043
3,6995.235791197718
4,11741.570230482146
