reservoir,value
1,15881.821041139607
2,3093.1054011714195
3,7479.677364128746
4,2933.2239276905266
