reservoir,value
1,5617.06462579393
2,0.0
3,8232.240511086558
4,0.0
