reservoir,value
1,14163.826865893276
2,13140.921266198056
3,3165.657959502651
4,1519.1527267266658
