reservoir,value
1,18973.99215164742
2,5295.42416838055
3,11253.211546246519
4,3595.488374060683
