reservoir,value
1,40698.28958108719
2,8111.367214060901
3,4158.5752110795565
4,2618.8282123473346
