reservoir,value
1,50157.851609544356
2,17445.89790799023
3,3623.406749033766
4,1657.4626431024842
