reservoir,value
1,44895.26122088701
2,3903.5985534674674
3,9720.063051709534
4,9410.375406228604
