reservoir,value
1,66902.15196010897
2,0.0
3,102.66305170953365
4,1780.4754062286047
