reservoir,value
1,43311.920925161656
2,10911.228675684957
3,10820.838346007991
4,9956.585237842415
