reservoir,value
1,99035.04029194804
2,0.0
3,919.9383460079916
4,2326.6852378424155
