reservoir,value
1,58953.57096984507
2,5039.501056913402
3,11283.517672044944
4,16033.242587874493
