reservoir,value
1,114797.74925288121
2,7105.1054436967015
3,14897.689442340445
4,12744.9
