reservoir,value
1,29209.988461248347
2,9175.215688825274
3,5676.499604771082
4,11578.76241065111
