reservoir,value
1,114353.12641156206
2,0.0
3,16143.22423920198
4,12744.9
