from,to,value
1,1,0.0
1,2,0.0
1,3,600.0
1,4,0.0
1,5,2162.289417341573
2,1,30.065149135383763
2,2,0.0
2,3,0.0
2,4,0.0
2,5,0.0
3,1,0.0
3,2,0.0
3,3,0.0
3,4,0.0
3,5,0.0
4,1,0.0
4,2,0.0
4,3,0.0
4,4,0.0
4,5,0.0
5,1,0.0
5,2,0.0
5,3,1727.599999999995
5,4,434.6894173415785
5,5,0.0
