reservoir,value
1,39953.192865043755
2,8282.934850864616
3,15368.475299606296
4,6609.6894173415785
