reservoir,value
1,20503.96630171777
2,19617.2
3,35369.37567978875
4,0.0
