reservoir,value
1,17978.503763920064
2,14568.59642499462
3,3496.4057754846176
4,2070.7092538705465
