reservoir,value
1,127492.41785393376
2,1487.0964249946192
3,19808.708238545503
4,6654.479502363945
