reservoir,value
1,21598.790422691236
2,20770.383857341996
3,3040.7303192326513
4,2625.8136774456093
