reservoir,value
1,69418.29132692091
2,7801.285132416211
3,6993.816202623733
4,11983.713677445608
