reservoir,value
1,30756.90506000559
2,10531.05300923312
3,7554.6751952425075
4,12836.504626177728
