reservoir,value
1,111639.5585598039
2,0.0
3,23253.487141169393
4,12744.9
