reservoir,value
1,16273.945277749968
2,10747.902200857421
3,3187.009705735592
4,1907.1431590773552
