reservoir,value
1,48900.39450613047
2,0.0
3,9448.591680309446
4,6325.661320045167
