reservoir,value
1,19512.79513578979
2,18787.43948039897
3,2587.750124707868
4,4730.322198826998
