reservoir,value
1,83613.17406079745
2,19617.2
3,12986.471915740409
4,1206.7058498772624
