reservoir,value
1,35877.5115919953
2,5339.543472222688
3,8842.74625689554
4,9765.720089344555
