reservoir,value
1,69055.25506421798
2,0.0
3,12414.546256895537
4,7407.3200893445555
