reservoir,value
1,15789.037590034139
2,20871.28997583502
3,3162.097205688608
4,2120.257547874153
