reservoir,value
1,39126.91626003129
2,7789.789975835021
3,9560.067494919696
4,6119.026341520291
