reservoir,value
1,41147.141283246485
2,9109.562124384376
3,9567.131826916235
4,11706.625893111603
