reservoir,value
1,76191.94128324586
2,1902.9621243850017
3,13138.931826916227
4,9348.225893111603
