region,depth,value
1,1,91.03
1,2,23.384
1,3,21.622000000000003
1,4,13.014000000000001
2,1,0.0
2,2,0.0
2,3,0.0
2,4,0.0
3,1,0.0
3,2,0.0
3,3,0.0
3,4,0.0
4,1,0.0
4,2,0.0
4,3,0.0
4,4,0.0
