from,to,value
1,1,0.0
1,2,1632.075435192027
1,3,313.16689412463325
1,4,0.0
1,5,1330.124542198343
2,1,2471.4653098435815
2,2,0.0
2,3,0.0
2,4,0.0
2,5,0.0
3,1,201.0165698121231
3,2,0.0
3,3,0.0
3,4,0.0
3,5,742.9810935848694
4,1,0.0
4,2,0.0
4,3,0.0
4,4,0.0
4,5,51.793116605269354
5,1,571.1812795384005
5,2,0.0
5,3,483.2241715096593
5,4,1070.4933013404284
5,5,0.0
