reservoir,value
1,57577.147143002876
2,8208.282055028243
3,14998.267623289315
4,10917.92040879814
