reservoir,value
1,0.0
2,319.071728152309
3,0.0
4,472.50179860523247
