reservoir,value
1,72115.34894041103
2,7644.756880925533
3,13696.570426679875
4,3802.4033228454464
