reservoir,value
1,51678.55761416374
2,4495.574051558564
3,11615.571885244275
4,7055.891684752389
