reservoir,value
1,51121.59489076825
2,8059.43662901606
3,5193.769201729401
4,0.0
