reservoir,value
1,38103.098182491216
2,12407.483877263347
3,9157.830352263023
4,12944.705350775163
