reservoir,value
1,99101.27859394207
2,3892.9524956711302
3,18196.331323736493
4,5314.805350775163
