from,to,value
1,1,0.0
1,2,0.0
1,3,127.67732283292396
1,4,0.0
1,5,0.0
2,1,4543.877322833271
2,2,0.0
2,3,0.0
2,4,0.0
2,5,0.0
3,1,0.0
3,2,0.0
3,3,0.0
3,4,0.0
3,5,0.0
4,1,0.0
4,2,0.0
4,3,0.0
4,4,0.0
4,5,524.9226771674439
5,1,0.0
5,2,0.0
5,3,524.9226771670764
5,4,0.0
5,5,0.0
