reservoir,value
1,46816.05175682186
2,5284.542677166729
3,5836.779368066975
4,6535.421051419955
