reservoir,value
1,200717.6
2,0.0
3,31537.714625454053
4,11020.919209187687
