region,depth,value
1,1,45.23400000000001
1,2,11.297
1,3,17.465749954535198
1,4,15.699325389733195
2,1,22.617000000000004
2,2,5.6485
2,3,10.914000000000001
2,4,8.234518982798955
3,1,0.0
3,2,4.4883012146936485
3,3,4.146026330758623
3,4,6.7010000000000005
4,1,0.0
4,2,0.0
4,3,0.0
4,4,0.0
