reservoir,value
1,40870.09179173151
2,8571.72652369409
3,10732.828802025242
4,6290.000407559358
