reservoir,value
1,50664.02646903097
2,7840.31134289385
3,7415.482339517367
4,746.8308973877068
