reservoir,value
1,30455.195808022007
2,13810.20127076196
3,8984.672365657801
4,3805.234942486552
