reservoir,value
1,28028.686707234803
2,728.7012707619597
3,32735.440291544845
4,319.2349424865652
