from,to,value
1,1,0.0
1,2,2811.7399999999993
1,3,0.0
1,4,0.0
1,5,0.0
2,1,0.0
2,2,0.0
2,3,0.0
2,4,0.0
2,5,0.0
3,1,432.1438469846503
3,2,0.0
3,3,0.0
3,4,0.0
3,5,98.45615301528997
4,1,0.0
4,2,0.0
4,3,0.0
4,4,0.0
4,5,0.0
5,1,0.0
5,2,0.0
5,3,0.0
5,4,98.45615301528997
5,5,0.0
