reservoir,value
1,30432.9837187525
2,15810.379295676734
3,6802.731702492667
4,4479.646209899543
