reservoir,value
1,4717.5181416272735
2,19617.2
3,515.0058691808396
4,0.0
