reservoir,value
1,15389.778931684705
2,11122.273140622285
3,3987.1257107120673
4,2643.2173124583287
