reservoir,value
1,73840.09811546528
2,2092.250139030648
3,37994.72188980379
4,7857.66190730628
