reservoir,value
1,21449.573552697162
2,23496.545281025334
3,4119.208588104538
4,1979.300194678658
