reservoir,value
1,75343.45333416096
2,10415.045281025248
3,10155.40095188536
4,6391.773212325162
