reservoir,value
1,19338.908033599844
2,6700.280269937308
3,3057.986412041122
4,4726.1824847901225
