reservoir,value
1,72038.94680051832
2,0.0
3,18411.314837283786
4,12744.9
