reservoir,value
1,32232.49974750034
2,6357.802119433331
3,9386.722286739212
4,11626.89924314047
