reservoir,value
1,29056.689350271372
2,0.0
3,11145.904065821149
4,4944.664950145406
