reservoir,value
1,52090.57785094107
2,13095.576263075684
3,19043.216156985996
4,6390.1017421245615
