reservoir,value
1,103817.8367847066
2,7681.625214429127
3,51806.1
4,139.11684402763058
