reservoir,value
1,51847.16205363118
2,7133.89216498533
3,17235.37651670022
4,15497.999514021743
