reservoir,value
1,72448.78563581538
2,5958.892164988362
3,14522.65610204305
4,10581.830610632802
