reservoir,value
1,22318.906712284304
2,13193.901275074215
3,3278.143992007771
4,3432.0600855093207
