reservoir,value
1,82315.44311053591
2,112.40127507421494
3,10412.385883391275
4,12744.9
