reservoir,value
1,22909.79000411435
2,10357.555918981152
3,3911.0843387799187
4,5955.214064860083
