reservoir,value
1,70212.11507822285
2,0.0
3,21755.007325098963
4,12744.9
