reservoir,value
1,43205.651471125886
2,7886.8907061976915
3,10085.980592810956
4,15288.234853698797
