reservoir,value
1,106479.95885150232
2,0.0
3,23515.118337024644
4,7658.3348536928925
