reservoir,value
1,29839.817966168506
2,3145.4477554936193
3,9177.6923513552
4,3592.1399299077025
