reservoir,value
1,45584.408863908044
2,9081.515652366239
3,17245.844209716684
4,19173.03772908655
