reservoir,value
1,115756.49712197455
2,3842.8724492122055
3,30345.257215841866
4,10095.163745858341
