reservoir,value
1,21904.667132496492
2,26725.88169948459
3,4251.334343474814
4,3737.693935258372
