reservoir,value
1,33087.53237779243
2,19617.2
3,0.0
4,382.4900789712182
