reservoir,value
1,37597.75982104955
2,15837.826275365307
3,7013.276347733146
4,5322.564166357507
