reservoir,value
1,11738.634335141638
2,6639.370612834002
3,3512.0620066070524
4,2053.979982771901
