reservoir,value
1,40707.67162751795
2,13175.070612834003
3,16902.726316364377
4,10610.968725276165
