reservoir,value
1,41060.9302996074
2,3870.0833879280763
3,16402.789049906954
4,8717.78265306109
