reservoir,value
1,30229.343892519362
2,0.0
3,14759.331246117914
4,1087.8826530610895
