reservoir,value
1,54051.38041145085
2,11773.568618407784
3,15612.600971473468
4,16076.422001522467
