reservoir,value
1,86589.68041145086
2,4566.968618407784
3,18570.90097147347
4,0.0
