reservoir,value
1,20189.68800992816
2,20429.96774963537
3,4200.533178660064
4,4697.421655035623
