reservoir,value
1,83966.5731387363
2,7348.467749635369
3,22956.089762279138
4,12744.9
