reservoir,value
1,76598.88463205102
2,4006.569486928607
3,13521.92287025412
4,17353.989573944655
