reservoir,value
1,177155.84347469435
2,0.0
3,24783.16291442231
4,12744.9
