reservoir,value
1,41330.38540034872
2,4112.147005717417
3,4884.812284529417
4,5530.845002450025
