reservoir,value
1,159959.8520472174
2,0.0
3,18378.296947526458
4,12744.9
