reservoir,value
1,14732.38499932873
2,2337.3867694491482
3,5544.186981957432
4,2591.8646609626685
