reservoir,value
1,67912.92785518222
2,0.0
3,42708.86131184168
4,3739.849138129799
