reservoir,value
1,24156.494492321817
2,6797.633301550324
3,4810.989621332868
4,3592.7139428134533
