reservoir,value
1,37185.512594613276
2,6945.80088609726
3,8468.17189352509
4,14608.365431339444
