reservoir,value
1,75195.56854492828
2,0.0
3,11955.61815042089
4,0.0
