reservoir,value
1,48297.2464696961
2,4406.647371147681
3,8398.14249707581
4,4814.530889268503
