reservoir,value
1,37477.350517176
2,3168.6295850384968
3,0.0
4,0.0
