reservoir,value
1,51405.9981859269
2,5669.1424056936185
3,22982.799537528044
4,20432.03649289067
