reservoir,value
1,0.0
2,0.0
3,13081.899537528041
4,19423.58566160042
