reservoir,value
1,193380.54357977508
2,9657.866359758758
3,51806.1
4,6123.450831290252
