reservoir,value
1,15172.715935625409
2,14351.441735390807
3,2566.806335965384
4,1918.826115152827
