reservoir,value
1,15929.482037195443
2,3815.6360490424067
3,3840.0145299406513
4,2783.3796747178635
