reservoir,value
1,49112.22465635391
2,2825.637590306728
3,13972.993802716122
4,19600.809089936716
