reservoir,value
1,86425.88811343175
2,0.0
3,16717.421700502688
4,12744.9
