reservoir,value
1,29793.304495692206
2,13841.678155674821
3,5870.944088114367
4,5390.506612166059
