reservoir,value
1,119640.08943143682
2,760.178155674821
3,29237.91012293049
4,12744.9
