reservoir,value
1,28764.20161094454
2,10492.41035635387
3,4030.937968095868
4,6963.140820883526
