reservoir,value
1,124900.3492336896
2,0.0
3,5263.693696440874
4,12078.140820888546
