reservoir,value
1,24184.983887608974
2,27911.600228521464
3,3715.2376910896483
4,4301.0550498427165
