reservoir,value
1,121227.38634237388
2,19617.2
3,18969.76930186698
4,12744.9
