reservoir,value
1,26998.70547328811
2,6802.970584632934
3,5121.5770351251
4,7576.267486075042
