reservoir,value
1,110340.73655960367
2,0.0
3,21104.425388111064
4,12744.9
