reservoir,value
1,20052.393278260057
2,4746.850457630682
3,5191.562669534582
4,6724.363440374772
