reservoir,value
1,78472.78085330111
2,0.0
3,5982.596720780475
4,2485.9053473506237
