reservoir,value
1,36509.69019022953
2,8719.391614508817
3,5189.380210120626
4,4948.4653222751385
