reservoir,value
1,159801.00123132518
2,199.8621793392831
3,15604.459117032078
4,12744.9
