reservoir,value
1,28257.079812337775
2,10653.11983577832
3,6214.7288801678405
4,10220.909058685465
