reservoir,value
1,90396.35829127496
2,0.0
3,9498.85030050979
4,8248.250837216
