reservoir,value
1,63348.200735517006
2,6428.802744065153
3,83821.2616405821
4,25229.49677938055
