reservoir,value
1,0.0
2,0.0
3,73920.36164058212
4,28148.987112895775
