reservoir,value
1,148450.5685343293
2,6865.120698195529
3,51806.1
4,2195.5096664808566
