reservoir,value
1,13053.431510654033
2,7445.509555709501
3,2528.364274936778
4,2345.8570902194365
