reservoir,value
1,0.0
2,0.0
3,3753.9064988859996
4,10908.310663062775
