from,to,value
1,1,0.0
1,2,5050.348998635385
1,3,600.0
1,4,0.0
1,5,1362.9984057094168
2,1,0.0
2,2,0.0
2,3,0.0
2,4,0.0
2,5,0.0
3,1,0.0
3,2,0.0
3,3,0.0
3,4,0.0
3,5,0.0
4,1,0.0
4,2,0.0
4,3,0.0
4,4,0.0
4,5,0.0
5,1,0.0
5,2,0.0
5,3,801.6000000000068
5,4,561.398405710722
5,5,0.0
