reservoir,value
1,20452.29411960666
2,12686.348998635385
3,3075.6976686143507
4,2241.0913301788246
