reservoir,value
1,52019.11974446328
2,0.0
3,3934.512975706907
4,1681.1451251828014
