reservoir,value
1,28995.773564508338
2,6798.733062778558
3,8090.025138948538
4,11061.42245977426
