reservoir,value
1,128777.40700953342
2,0.0
3,21365.52083088633
4,12744.9
