reservoir,value
1,67386.58333284539
2,5163.667552431645
3,23291.315170790578
4,20505.04491256085
