reservoir,value
1,141223.69303610682
2,18434.58755243161
3,48219.15357327416
4,12744.9
