reservoir,value
1,19954.726680239066
2,2671.92698831973
3,3373.1712397191504
4,2369.2041251028418
