reservoir,value
1,96777.93538125613
2,0.0
3,4710.553184518371
4,8693.896578240296
