reservoir,value
1,16695.473457991833
2,23653.112723186256
3,4701.396206295426
4,1882.1877862675165
