reservoir,value
1,61680.921391592
2,19368.25814266252
3,26452.74943062911
4,5605.391523794497
