reservoir,value
1,26592.649739233806
2,12545.798058941135
3,7490.877320364657
4,7784.4465851898685
