reservoir,value
1,92614.99581470445
2,0.0
3,21454.924257733925
4,12744.9
