reservoir,value
1,33044.91141980828
2,8727.676802168102
3,7744.254931835826
4,9612.904518298776
