reservoir,value
1,75876.12078619807
2,0.0
3,34356.930978038166
4,12744.9
