reservoir,value
1,14611.310375096058
2,29244.065918462307
3,3034.67586678997
4,1576.8749730860197
