reservoir,value
1,12762.907638214434
2,19617.2
3,1362.2468131627747
4,5367.587541065884
