reservoir,value
1,20070.056932323278
2,7549.89702099023
3,10171.230844964666
4,4074.7429541110278
