reservoir,value
1,134952.6103962617
2,5644.491841212877
3,40455.60584054944
4,7242.81978665396
