reservoir,value
1,14679.264600425558
2,7198.156801608033
3,3763.137410271943
4,2102.8732203553554
