reservoir,value
1,14195.960987003513
2,0.0
3,15488.477452761872
4,1503.451010869282
