from,to,value
1,1,0.0
1,2,418.67128002000345
1,3,0.0
1,4,0.0
1,5,0.0
2,1,0.0
2,2,0.0
2,3,0.0
2,4,0.0
2,5,0.0
3,1,460.60000000000036
3,2,0.0
3,3,0.0
3,4,0.0
3,5,0.0
4,1,0.0
4,2,0.0
4,3,0.0
4,4,0.0
4,5,2596.2612800200036
5,1,2596.2612800200036
5,2,0.0
5,3,0.0
5,4,0.0
5,5,0.0
