reservoir,value
1,12277.544108388043
2,6725.228258138593
3,5017.21434065788
4,1979.8480633271818
