reservoir,value
1,39359.70067082901
2,7589.286744676998
3,33178.3735149782
4,1956.0248035086393
