reservoir,value
1,12875.714676467796
2,7346.561640997663
3,3524.8703408888487
4,1769.6813618264734
