reservoir,value
1,2653.6504479836394
2,15022.861640997662
3,24454.21141389859
4,7639.49077724668
