reservoir,value
1,24368.9641867863
2,2229.578269570696
3,4782.790851171285
4,8063.398240619615
