reservoir,value
1,69722.06791126853
2,0.0
3,7132.825382461408
4,8086.5561710932625
