reservoir,value
1,34658.52685607849
2,25549.80235001994
3,6207.274541993487
4,4984.131926247608
