reservoir,value
1,196213.35562973056
2,19617.2
3,48112.474541993484
4,12744.9
