reservoir,value
1,13179.247914444904
2,11092.780572843738
3,2362.080296821413
4,1650.6139084346657
