reservoir,value
1,0.0
2,0.0
3,407.48679570695214
4,4929.024571496977
