reservoir,value
1,18015.531274433575
2,9571.216582960442
3,3557.9456120465848
4,3641.3240875200427
