reservoir,value
1,92673.62237479669
2,0.0
3,25173.013289575167
4,8756.324087520043
