reservoir,value
1,18624.747609591283
2,3542.224492466485
3,5189.886016364942
4,7375.53743043256
