reservoir,value
1,134019.9717011288
2,2958.2374031462555
3,22762.9799944861
4,12744.9
