reservoir,value
1,50423.873778782356
2,8392.042304095354
3,15418.557049961706
4,15162.745505413393
