reservoir,value
1,84003.17377878245
2,1185.4423040953534
3,18376.857049961705
4,12744.9
