reservoir,value
1,14483.979341141008
2,3563.4207426773173
3,4596.376422673038
4,3813.228328729016
