reservoir,value
1,81571.1141795574
2,0.0
3,14597.105217793734
4,12744.9
