reservoir,value
1,66890.7562565704
2,5251.784457620903
3,27739.744302901694
4,15578.771075288338
