reservoir,value
1,75728.86083670758
2,2912.210694417179
3,34884.76541923567
4,9277.142492884577
