reservoir,value
1,12892.705724215444
2,29713.58399075939
3,5590.292369749963
4,2445.883083954394
