reservoir,value
1,53920.992802238194
2,19617.2
3,28846.40879867314
4,11459.808106630886
