reservoir,value
1,39624.2499998112
2,4014.001579001869
3,10279.075869130626
4,13102.519660106878
