reservoir,value
1,119113.00627539099
2,0.0
3,21973.46531147107
4,12206.10511317644
