reservoir,value
1,23988.57738444735
2,8824.51911304518
3,6801.5895142548825
4,7116.904629685678
