reservoir,value
1,71004.83329941162
2,0.0
3,48657.281272312706
4,12744.9
