reservoir,value
1,30735.196135124337
2,16683.144003248486
3,5776.963170705451
4,6855.005877613895
