reservoir,value
1,117527.93367148357
2,3601.6440032487153
3,31055.797636269468
4,12744.9
