reservoir,value
1,20929.262325690357
2,32716.27396169027
3,2866.3696961808737
4,2662.1961276217075
