reservoir,value
1,80649.1313542084
2,19617.2
3,270.6868069730508
4,6748.196611509999
