reservoir,value
1,17925.08696296485
2,8644.954576276737
3,2441.691829094985
4,1193.388002788553
