reservoir,value
1,20157.694310606952
2,0.0
3,3612.3355888731567
4,362.29296730186024
