reservoir,value
1,17895.092359541806
2,6775.487250801212
3,3792.0754688683915
4,3514.5599610412373
