reservoir,value
1,81077.51844821779
2,0.0
3,22631.48511152696
4,12685.459961041237
