reservoir,value
1,17455.713826143256
2,20899.959416244532
3,2742.603065151251
4,2640.3953348937425
