reservoir,value
1,29644.92710735787
2,19617.2
3,25823.538381285278
4,12143.295334893743
