reservoir,value
1,54965.87793398854
2,5610.441137683039
3,11410.180070235385
4,13989.68133773106
