reservoir,value
1,96648.85024710474
2,0.0
3,23393.804615416928
4,12744.9
