reservoir,value
1,56411.637808795
2,8138.789656143943
3,18694.703017392552
4,17057.95473550905
