reservoir,value
1,68407.09935688318
2,0.0
3,26206.52561804202
4,4679.303564107522
