reservoir,value
1,9477.174286101757
2,38169.35004383931
3,1779.1954487630976
4,1119.9093774045227
