reservoir,value
1,22263.85543274352
2,19617.2
3,12563.920997742005
4,4476.703247346133
