reservoir,value
1,26014.8678822913
2,16321.370627059134
3,6765.0485590014105
4,10342.030711952815
