reservoir,value
1,126254.73073777251
2,3239.8706270591338
3,33047.59478417039
4,12744.9
