reservoir,value
1,17106.188240349755
2,7767.077508293431
3,2158.7712417394887
4,1340.9399057432001
