reservoir,value
1,1441.0611190451518
2,0.0
3,3266.8287298939376
4,4397.074274760554
