from,to,value
1,1,0.0
1,2,0.0
1,3,600.0
1,4,0.0
1,5,0.0
2,1,2343.629993843836
2,2,0.0
2,3,0.0
2,4,0.0
2,5,0.0
3,1,0.0
3,2,0.0
3,3,0.0
3,4,0.0
3,5,0.0
4,1,0.0
4,2,0.0
4,3,0.0
4,4,0.0
4,5,2499.137962731039
5,1,263.1379627310862
5,2,0.0
5,3,2236.0
5,4,0.0
5,5,0.0
