reservoir,value
1,18418.404338929275
2,5105.370006156164
3,3443.8857685127646
4,3384.518837992934
