reservoir,value
1,80368.54859067418
2,0.0
3,19051.671912900812
4,10045.667993768182
