reservoir,value
1,48593.813604532435
2,5584.294126140676
3,9133.471242367852
4,9934.164116128639
