reservoir,value
1,82016.30773067311
2,0.0
3,12705.271242367851
4,7575.764116131265
