reservoir,value
1,58046.61436808177
2,6402.93925286106
3,19644.904505804727
4,19614.326700979545
