reservoir,value
1,154888.42502275095
2,0.0
3,38214.34384349148
4,12744.9
