reservoir,value
1,22365.533806184845
2,8412.438826375794
3,2742.949389786699
4,3485.4237660208246
