reservoir,value
1,130659.58517781072
2,1113.4988263757896
3,16010.78145916874
4,3886.3764017080134
