reservoir,value
1,15539.084042929717
2,7426.784828362075
3,4211.685398112765
4,1950.336174258441
