reservoir,value
1,35367.873784330855
2,3735.3125687905194
3,15422.644431253666
4,6140.531537002276
