reservoir,value
1,23159.464994900824
2,3701.6849400880465
3,6968.237372960396
4,7781.426438400693
