reservoir,value
1,89125.17052373412
2,0.0
3,24769.294328914013
4,12744.9
