reservoir,value
1,46210.57388285188
2,6134.349359943932
3,5726.313367832492
4,11196.154471155975
