reservoir,value
1,103667.26169703391
2,12670.049359943932
3,13222.979520686864
4,7903.724698174184
