reservoir,value
1,30608.148402845618
2,42231.27433349683
3,5730.481985505843
4,3103.677686567603
