reservoir,value
1,2798.0050516054926
2,19617.2
3,2068.179675645859
4,919.2913163831108
