reservoir,value
1,41471.45368876157
2,5390.884415489715
3,13118.833413105069
4,8224.829352258996
