reservoir,value
1,2843.6218959769685
2,0.0
3,8443.90260190035
4,849.1454857487297
