reservoir,value
1,23100.040402430215
2,15024.096327091731
3,4621.753154498514
4,4100.6263729040475
