reservoir,value
1,83801.53621713466
2,1942.596327091731
3,24272.37741223244
4,10557.52637290405
