reservoir,value
1,26705.12903197806
2,18227.428198695903
3,3317.9211261941264
4,1403.4200066248068
