reservoir,value
1,135412.489928726
2,5145.928198695903
3,5888.171799516619
4,1466.1728399860099
