reservoir,value
1,14710.453080635243
2,3913.6718730465886
3,4426.7521988479975
4,1863.7566279228352
