reservoir,value
1,60630.06354995647
2,0.0
3,17934.537445671136
4,5167.2678507125975
