reservoir,value
1,61478.385478877215
2,3654.611399427943
3,13132.822211518705
4,16522.615053876347
