reservoir,value
1,90634.03346818883
2,0.0
3,16091.122211518707
4,12744.9
