reservoir,value
1,41130.598385067555
2,13450.533223904502
3,12602.169717707318
4,6521.0159612107
