reservoir,value
1,2642.385275153645
2,4530.597209042302
3,8695.997733079857
4,1488.4252887617567
