reservoir,value
1,43959.48941409492
2,17455.56452297568
3,8243.16608499844
4,4926.741528155188
