reservoir,value
1,2967.5673102387063
2,19617.2
3,410.4457606442993
4,0.0
