reservoir,value
1,59795.11632244585
2,4400.300133598257
3,11436.984741914443
4,7596.139351513715
