reservoir,value
1,69569.53527796108
2,4830.594857556354
3,8011.684741914365
4,0.0
