reservoir,value
1,19187.88822000134
2,10805.705034495875
3,4995.768851291499
4,3590.7917521930985
