reservoir,value
1,98236.45918378039
2,4051.476998408363
3,43908.49617909172
4,8933.444594847952
