reservoir,value
1,19380.974478534627
2,34082.82210016952
3,4741.041184597453
4,3269.7034106925335
