reservoir,value
1,20106.382504490433
2,19617.2
3,36681.44703862972
4,9175.488466656217
