reservoir,value
1,41428.653754409956
2,4684.502118561461
3,11716.26713624373
4,14215.959502991915
