reservoir,value
1,130955.40038224653
2,0.0
3,23176.39569193779
4,12744.9
