reservoir,value
1,81378.93196187462
2,11266.08501714942
3,16948.755867118198
4,17823.67835499449
