reservoir,value
1,110121.23196187464
2,4059.48501714942
3,19907.0558671182
4,12744.9
