reservoir,value
1,79322.4524683577
2,7874.171186023868
3,14618.842627317506
4,14759.053878130906
