reservoir,value
1,109568.7524683577
2,667.571186023868
3,17577.14262731751
4,12400.653878130252
