reservoir,value
1,25837.57296548205
2,4370.147568974746
3,3085.7225351314837
4,3270.061878611732
