reservoir,value
1,116019.61159474336
2,0.0
3,17459.01876777515
4,9369.332927306063
