from,to,value
1,1,0.0
1,2,0.0
1,3,0.0
1,4,0.0
1,5,0.0
2,1,3284.039867185086
2,2,0.0
2,3,0.0
2,4,0.0
2,5,0.0
3,1,1000.0
3,2,0.0
3,3,0.0
3,4,0.0
3,5,88.18159711126464
4,1,0.0
4,2,0.0
4,3,0.0
4,4,0.0
4,5,175.9785357036535
5,1,264.16013281491814
5,2,0.0
5,3,0.0
5,4,0.0
5,5,0.0
