reservoir,value
1,47881.29790749164
2,4403.419618929747
3,8824.844992958242
4,6525.021464296348
