reservoir,value
1,30464.914586281986
2,7087.646863850765
3,5947.690409184829
4,8726.262616523696
