reservoir,value
1,83190.9789431768
2,0.0
3,29079.01001226517
4,12744.9
