reservoir,value
1,15944.187593355959
2,4066.1796466997375
3,4495.208213206829
4,4304.429733376082
