reservoir,value
1,54478.91083693241
2,0.0
3,29703.546359740838
4,12744.9
