reservoir,value
1,49844.078976246914
2,7561.698197656049
3,14057.48665072753
4,31785.419864233107
