reservoir,value
1,78467.83968855784
2,12695.155356792035
3,17608.233210954484
4,12744.9
