reservoir,value
1,41005.650471570916
2,15676.626488958438
3,12942.0745531644
4,16141.012035052805
