reservoir,value
1,0.0
2,2595.126488958438
3,0.0
4,4751.572948894024
