reservoir,value
1,120333.57659337233
2,19617.2
3,25665.89160233929
4,6789.638557822841
