reservoir,value
1,89316.02484330088
2,8680.9739690327
3,12115.54148706737
4,8574.069363476565
