reservoir,value
1,173803.60991802995
2,7524.778388662141
3,24955.728942707006
4,1767.2103402450393
