reservoir,value
1,28106.940210735684
2,12030.69102637021
3,4370.6979603121645
4,3054.7667554709196
