reservoir,value
1,11531.44240940996
2,11399.60380734539
3,1272.4483706760202
4,1226.7084897521163
