reservoir,value
1,18269.23388344229
2,10588.40419760848
3,3054.920804206224
4,1854.368351713309
