reservoir,value
1,55471.34007170184
2,1027.0745234756123
3,20029.76885144572
4,8416.183854555793
