reservoir,value
1,65508.850025514854
2,3704.756623780163
3,14462.153862027528
4,26256.500060361384
