reservoir,value
1,137357.00788327446
2,0.0
3,27150.915301190158
4,12744.9
