reservoir,value
1,41483.89677878475
2,5706.648202685806
3,6926.647487390064
4,4140.30499029398
