reservoir,value
1,36786.180861860346
2,0.0
3,22287.866605766103
4,0.0
