reservoir,value
1,18654.972499804117
2,13024.820658026292
3,4062.297765352472
4,3034.285610238662
