reservoir,value
1,90696.71564050493
2,3596.3186020926587
3,11037.969262941757
4,12537.185610238661
