reservoir,value
1,40095.378510909155
2,17238.324738687195
3,5397.086411314842
4,4215.057738947302
