reservoir,value
1,24887.34033363183
2,6526.992842902091
3,6768.063648918634
4,9123.21048912896
