reservoir,value
1,120257.67988173709
2,0.0
3,15679.634917582305
4,12744.9
