reservoir,value
1,59888.145683046954
2,10725.080901588393
3,7521.618268401953
4,13947.783296561029
