reservoir,value
1,121953.37737421684
2,5240.380901588315
3,6750.787566073009
4,6317.883296561029
