reservoir,value
1,25446.897864158447
2,1300.916067633591
3,19421.5719336574
4,12101.222473165382
