reservoir,value
1,0.0
2,0.0
3,3918.840848526399
4,4471.322473165383
