reservoir,value
1,29719.410706076156
2,5019.260663677991
3,4641.010780911931
4,4357.785528947956
