reservoir,value
1,150467.97812367408
2,0.0
3,22436.77554780399
4,12744.9
