reservoir,value
1,19530.698799786387
2,14812.960912859024
3,10935.71564126093
4,5041.020627948171
