reservoir,value
1,114790.89087018704
2,10879.70021230253
3,51806.1
4,12744.9
