reservoir,value
1,47327.276485655464
2,3229.1072023136076
3,12062.999947529768
4,18403.231775510925
