reservoir,value
1,73242.38304485223
2,0.0
3,35347.22556557178
4,12744.9
