reservoir,value
1,14601.925025968962
2,7455.6209639587705
3,2773.057906857398
4,2102.735971973166
