reservoir,value
1,11157.396141514939
2,0.0
3,10809.834585765726
4,0.0
