reservoir,value
1,17244.760519733965
2,5447.915229518414
3,8617.320260771981
4,3147.5859166113796
