reservoir,value
1,7361.77563349739
2,0.0
3,25017.320627708134
4,281.7614734142319
