reservoir,value
1,29278.466602819102
2,7407.743950380851
3,8700.778622320648
4,3449.803290400093
