reservoir,value
1,39796.33870761811
2,10875.079381327974
3,1447.386494356986
4,99.38647713434483
