reservoir,value
1,13740.513390991384
2,4433.334739117463
3,3624.5792970116718
4,2361.602953282945
