reservoir,value
1,42484.43868536275
2,0.0
3,13480.787860213994
4,6057.863716095327
