reservoir,value
1,28518.406759296748
2,14493.570090486226
3,3928.377552153863
4,10105.969419838777
