reservoir,value
1,98044.00361499973
2,1412.070090486226
3,27894.16785988432
4,11080.61162341995
