from,to,value
1,1,0.0
1,2,0.0
1,3,600.0
1,4,0.0
1,5,1441.472338479081
2,1,432.11673000174414
2,2,0.0
2,3,0.0
2,4,0.0
2,5,0.0
3,1,0.0
3,2,0.0
3,3,0.0
3,4,0.0
3,5,0.0
4,1,0.0
4,2,0.0
4,3,0.0
4,4,0.0
4,5,423.12766151933175
5,1,0.0
5,2,0.0
5,3,1864.6000000013962
5,4,0.0
5,5,0.0
