reservoir,value
1,15345.740452517508
2,6987.637842701657
3,2555.3955099226596
4,2657.730986248495
