reservoir,value
1,50608.85544831217
2,0.0
3,15200.010040014964
4,9385.758647767827
