reservoir,value
1,27968.4442904558
2,2569.0092772052208
3,7149.256437651842
4,10216.690752682725
