reservoir,value
1,120220.7781986813
2,0.0
3,34462.03502643846
4,12744.9
