from,to,value
1,1,0.0
1,2,4455.5
1,3,0.0
1,4,0.0
1,5,809.047843076371
2,1,0.0
2,2,0.0
2,3,0.0
2,4,0.0
2,5,0.0
3,1,0.0
3,2,0.0
3,3,0.0
3,4,0.0
3,5,646.8521569236286
4,1,0.0
4,2,0.0
4,3,0.0
4,4,0.0
4,5,0.0
5,1,0.0
5,2,0.0
5,3,0.0
5,4,1455.8999999999996
5,5,0.0
