reservoir,value
1,38638.1950911581
2,11250.305341342
3,16030.180579644992
4,14504.443871216481
