reservoir,value
1,81953.52857004973
2,4127.697506330496
3,23710.388838611645
4,12744.9
