reservoir,value
1,13523.389829245381
2,3063.6694431004353
3,2966.0485903508793
4,2018.5434366032455
