reservoir,value
1,48804.82976207502
2,4321.538726687283
3,17920.317882222917
4,10909.051804271066
