reservoir,value
1,21627.98423611529
2,9454.809026285377
3,2371.2538561734946
4,2006.4042136335893
