reservoir,value
1,101346.8230073083
2,3059.5294508509287
3,0.0
4,0.0
