reservoir,value
1,17734.31970292722
2,12583.810409980371
3,2756.8423742003906
4,1998.6395466209938
