reservoir,value
1,37371.146902703265
2,0.0
3,2929.152850920301
4,6661.8214441392
