reservoir,value
1,29978.40403532356
2,4029.3318292387567
3,7119.845255399836
4,2909.4177014698607
