reservoir,value
1,11262.826221986645
2,0.0
3,670.9910913514013
4,5.963116699208513
