reservoir,value
1,15022.421427374851
2,2362.5837549089965
3,3971.7432708955444
4,2367.971319122096
