reservoir,value
1,15318.558063643275
2,0.0
3,18097.797794744936
4,8026.021319122031
