reservoir,value
1,26011.28915896229
2,20621.550783132818
3,3293.841832480017
4,1609.9720390362597
