reservoir,value
1,50259.114706477616
2,14974.684793764922
3,23989.013363661004
4,4675.800405187233
