reservoir,value
1,22274.199463535457
2,12215.288559301254
3,3661.0552313572903
4,2663.6708450922756
