reservoir,value
1,90545.48580762392
2,5820.142270202701
3,5735.007838922042
4,5167.409262748459
