reservoir,value
1,36055.97100019228
2,6777.648319377339
3,4753.480161170138
4,4130.444344397929
