reservoir,value
1,97096.08119305289
2,0.0
3,22643.55096170658
4,12744.9
