reservoir,value
1,39644.23055643282
2,11625.256897965028
3,19278.93785017179
4,16557.73504863074
