reservoir,value
1,73500.03055643282
2,4418.656897965027
3,22336.737850171434
4,1023.7165558681143
