reservoir,value
1,18839.059880847253
2,19107.50470619995
3,3575.622438594742
4,1848.8613692524584
