reservoir,value
1,44576.92998418356
2,7084.587475440549
3,17299.00284576843
4,10412.004230154638
