reservoir,value
1,36366.242511270604
2,6339.834246602123
3,8704.881948031307
4,9491.398120361044
