reservoir,value
1,0.0
2,0.0
3,1592.279553088526
4,4616.095400021328
