reservoir,value
1,14564.529307757017
2,15668.531429523147
3,2018.566171934387
4,1788.3226396481423
