reservoir,value
1,23692.756593986614
2,2732.531429523253
3,10868.887784922652
4,5892.756606596474
