reservoir,value
1,33926.24876047123
2,4514.227940697433
3,10452.613669519153
4,4934.0482761739995
