reservoir,value
1,46556.387480332145
2,10015.092890419774
3,9988.701120680007
4,0.0
