from,to,value
1,1,0.0
1,2,2330.286029280169
1,3,0.0
1,4,0.0
1,5,0.0
2,1,0.0
2,2,0.0
2,3,0.0
2,4,0.0
2,5,0.0
3,1,0.0
3,2,0.0
3,3,0.0
3,4,0.0
3,5,0.0
4,1,0.0
4,2,0.0
4,3,0.0
4,4,0.0
4,5,1683.4778928704027
5,1,1599.0778928699394
5,2,0.0
5,3,84.39999998480904
5,4,0.0
5,5,0.0
