reservoir,value
1,32544.880171484994
2,11812.781379551734
3,10412.035175952708
4,6498.420814974782
