reservoir,value
1,141188.55905043037
2,18840.935350271608
3,36101.57073171984
4,12744.9
