reservoir,value
1,20992.185870094865
2,10095.734525824757
3,2925.0417225534534
4,3727.0083342756316
