reservoir,value
1,69520.63451862204
2,0.0
3,20284.428916812263
4,12744.9
