reservoir,value
1,74173.2974667738
2,9315.473148236213
3,7536.315968210565
4,9763.88380078648
