reservoir,value
1,157752.70741131098
2,0.0
3,9513.2420105499
4,5154.335594498051
