reservoir,value
1,28785.83804895551
2,4086.2261118254487
3,7701.959970724351
4,12220.645024466197
