reservoir,value
1,113770.77469690911
2,0.0
3,23371.1409610348
4,12744.9
