reservoir,value
1,70954.07003693827
2,13749.416199503514
3,14631.848090656962
4,12370.824509284716
