reservoir,value
1,101640.37003693827
2,6542.816199503513
3,17590.148090656963
4,0.0
