reservoir,value
1,26350.853002557044
2,8544.906984657058
3,7137.691614925491
4,6504.98784638158
