reservoir,value
1,138733.8640422634
2,0.0
3,49042.891614932996
4,12744.9
