reservoir,value
1,52829.911517950146
2,6249.908136371957
3,6896.118631372763
4,9593.52420828706
