reservoir,value
1,142988.16906811972
2,2532.8096890219185
3,23706.975987357233
4,7863.510344697694
