reservoir,value
1,30213.220016194904
2,11481.063047575553
3,4861.640998038991
4,2682.0399255678253
