reservoir,value
1,27629.808950148592
2,0.0
3,0.0
4,508.2297609016182
