reservoir,value
1,51793.30385892169
2,8499.135700216995
3,13619.02692450739
4,7219.767078881974
