reservoir,value
1,47804.990373378794
2,8031.84707194642
3,5210.689083637913
4,0.0
