reservoir,value
1,28077.795698957285
2,5545.001933515826
3,6558.828326309589
4,7224.539250594775
