reservoir,value
1,11882.171359340438
2,0.0
3,13.885895304038968
4,496.4480779429068
