reservoir,value
1,22684.878800139075
2,8109.350697991846
3,4491.651709856675
4,6511.656520093792
