reservoir,value
1,72797.11386349997
2,0.0
3,34877.332885972726
4,12744.9
