reservoir,value
1,39821.31828318782
2,10184.328002727456
3,4961.878082632289
4,2774.3920952819144
