reservoir,value
1,16574.549011988387
2,25234.887326608696
3,2456.149499062205
4,1529.9396461078854
