reservoir,value
1,40082.71265362593
2,19617.2
3,0.0
4,776.2134768115147
