reservoir,value
1,30282.36841403865
2,4104.499870867413
3,4571.912655505191
4,2634.0468546185193
