reservoir,value
1,48449.50757418446
2,1294.0781928747083
3,0.0
4,0.0
