reservoir,value
1,44261.24552357379
2,8743.810591325433
3,9020.576496544521
4,5159.136436172678
