reservoir,value
1,9921.722714966003
2,0.0
3,15060.573889986492
4,0.0
