region,depth,value
1,1,232.14500000000004
1,2,53.74199999999999
1,3,47.650499999999994
1,4,29.502000000000002
2,1,46.429
2,2,11.478
2,3,10.589
2,4,6.556
3,1,0.0
3,2,0.0
3,3,0.0
3,4,0.0
4,1,0.0
4,2,0.0
4,3,0.0
4,4,0.0
