from,to,value
1,1,0.0
1,2,1724.604876647161
1,3,163.7804459949006
1,4,0.0
1,5,799.6787144470609
2,1,1418.520264292437
2,2,0.0
2,3,0.0
2,4,0.0
2,5,0.0
3,1,490.0
3,2,0.0
3,3,0.0
3,4,0.0
3,5,1852.6064919137834
4,1,0.0
4,2,0.0
4,3,0.0
4,4,0.0
4,5,31.99999999999954
5,1,1305.5640030716936
5,2,0.0
5,3,222.63782615579422
5,4,1156.0833771320363
5,5,0.0
