reservoir,value
1,41617.54847122291
2,9130.34684171914
3,13342.687134576496
4,16707.577240076527
