reservoir,value
1,595.0916623171913
2,1335.7993394301236
3,2842.560817800425
4,7008.559342518553
