reservoir,value
1,115906.49053885188
2,4541.283081172218
3,31491.370718930604
4,10852.257887332393
