reservoir,value
1,23106.69404900653
2,14936.146291462323
3,3775.9046044593906
4,3568.0824392107857
