reservoir,value
1,145914.79224754052
2,10608.847889392417
3,12326.515264585254
4,12738.982439210786
