reservoir,value
1,22257.14262422453
2,14802.665466222004
3,5042.481173162792
4,7930.5198682714845
