reservoir,value
1,122334.66566744847
2,2442.5661686732165
3,36408.20689032384
4,12744.9
