reservoir,value
1,63626.18591009283
2,6070.528030691583
3,18152.358352642852
4,12780.675892797462
