reservoir,value
1,95028.4139407844
2,0.0
3,21110.65835264285
4,9671.139587448828
