reservoir,value
1,27821.02576810248
2,6670.112517378074
3,3139.805994886368
4,3970.2575770845606
