reservoir,value
1,161585.91274510935
2,0.0
3,8490.121320306806
4,12744.9
