reservoir,value
1,35745.395641332114
2,6243.390160579062
3,13001.308230489853
4,18136.376719943444
