reservoir,value
1,87011.29483757843
2,0.0
3,13366.195693985626
4,10506.476719939328
