reservoir,value
1,33634.25738679734
2,18772.423861665127
3,5738.441611406076
4,10936.973097342418
