reservoir,value
1,113738.48650824843
2,5690.923861665127
3,15360.261089448704
4,12744.9
