reservoir,value
1,13083.89522964381
2,10257.051097753809
3,3881.4734730564405
4,2707.088668200109
