reservoir,value
1,65119.01991229878
2,5244.831962215869
3,8244.376193127871
4,2755.294462851712
