reservoir,value
1,13948.394493309974
2,6566.948678671678
3,8455.438550363006
4,3071.475601467575
