reservoir,value
1,54179.98083370157
2,398.8786786724022
3,50360.63855036315
4,5763.296894379358
