reservoir,value
1,53815.66959566818
2,2497.336914081629
3,17550.21371552559
4,11431.306487701939
