reservoir,value
1,55544.30061309648
2,9337.173792242258
3,40683.42743259711
4,4733.64149634583
