reservoir,value
1,13439.084014933836
2,8421.440053805523
3,2870.9343413860715
4,3030.709247925908
