reservoir,value
1,27944.54654354997
2,0.0
3,1470.4765434390824
4,2488.7955376717005
