reservoir,value
1,38446.3825331739
2,27553.940941883782
3,3118.333460738656
4,14372.822122063284
