reservoir,value
1,53317.86093599486
2,19617.2
3,22426.525306446096
4,11416.161036288155
