reservoir,value
1,62461.21723835742
2,3827.9885829857085
3,12773.670867208613
4,5249.323770841151
