reservoir,value
1,69684.10884790176
2,10863.126490975941
3,6496.177616242379
4,205.78641394363513
