reservoir,value
1,32492.24374058485
2,10807.504223695141
3,4632.405946089049
4,5829.668403825351
