reservoir,value
1,184307.58259502842
2,19617.2
3,40901.836292328015
4,12744.9
