reservoir,value
1,69383.29224289407
2,10419.129890483186
3,20660.93469700956
4,15387.76638176816
