reservoir,value
1,95248.95565024202
2,0.0
3,30980.024936167436
4,6186.051750924
