reservoir,value
1,46452.80425581867
2,7440.447493539471
3,6386.17214536716
4,20133.6071178894
