reservoir,value
1,15124.48209506999
2,1863.2642074753514
3,3646.366806985627
4,3309.645239129918
