reservoir,value
1,101988.77616503101
2,0.0
3,11163.399385713205
4,12744.9
