from,to,value
1,1,0.0
1,2,0.0
1,3,223.60000000000036
1,4,0.0
1,5,0.0
2,1,3100.4934150452636
2,2,0.0
2,3,0.0
2,4,0.0
2,5,0.0
3,1,0.0
3,2,0.0
3,3,0.0
3,4,0.0
3,5,0.0
4,1,0.0
4,2,0.0
4,3,0.0
4,4,0.0
4,5,2995.608966619886
5,1,759.6089666197969
5,2,0.0
5,3,2236.0
5,4,0.0
5,5,0.0
