reservoir,value
1,20400.394704731552
2,4575.506584954755
3,4657.5725776617455
4,3299.391033380114
