reservoir,value
1,96371.87862230244
2,0.0
3,5348.232934477517
4,12744.9
