reservoir,value
1,32211.70878155386
2,6106.5390729146775
3,13849.124968467971
4,18808.675323599145
