reservoir,value
1,93135.38534654073
2,0.0
3,37526.328127253684
4,12744.9
