reservoir,value
1,17044.50600141702
2,5670.342821436551
3,4033.3385812832066
4,3453.396622605083
