reservoir,value
1,90648.08064694428
2,3732.188475504047
3,23817.196730033917
4,12624.296622604974
