reservoir,value
1,21801.074391788094
2,6856.525085793567
3,3800.7401594896232
4,3178.320021994845
