reservoir,value
1,101431.80772476629
2,0.0
3,20877.578310423152
4,12681.220021994604
