reservoir,value
1,69465.51638599936
2,19075.610825868225
3,16361.76970858201
4,15180.549568956976
