reservoir,value
1,0.0
2,0.0
3,4796.300913238709
4,1295.806728280273
