reservoir,value
1,161538.95006713184
2,13539.02462924071
3,51806.1
4,12744.9
