reservoir,value
1,21964.680575111815
2,7151.218007626164
3,3250.6159750486504
4,2555.0050470057245
