reservoir,value
1,1728.3114481957762
2,0.0
3,466.30610575476203
4,1051.3575088193165
