reservoir,value
1,17433.122141027816
2,9971.250909230139
3,3321.3462745292445
4,3320.7837687164492
