reservoir,value
1,81092.78551003043
2,0.0
3,6238.693306992049
4,8435.78376871645
