reservoir,value
1,15346.40827469113
2,19095.907117147748
3,2614.5865558571318
4,2629.7875298086706
