reservoir,value
1,56994.14423247676
2,6014.407117147748
3,6512.656226371867
4,7863.453203694253
