reservoir,value
1,24440.859059181435
2,12086.800185923774
3,10026.626191765687
4,4286.250396745747
