reservoir,value
1,33206.53989288329
2,4413.398864596211
3,50486.36474212884
4,2419.647291124783
