reservoir,value
1,56778.29136241949
2,3067.041751440959
3,9457.17137759605
4,18616.460092576293
