reservoir,value
1,98789.9025605416
2,0.0
3,11208.432578613134
4,448.2797449111399
