reservoir,value
1,26534.717975823616
2,7918.736911753145
3,8903.174778335002
4,6348.308710945626
