reservoir,value
1,45372.62607722156
2,20309.387145625893
3,11619.611706496566
4,18293.534199925674
