reservoir,value
1,108591.74751480558
2,18221.888274293888
3,22366.797329825647
4,12744.9
