reservoir,value
1,76259.19198957752
2,2628.851412806882
3,20323.116300601265
4,15090.451963271167
