reservoir,value
1,83212.32286145934
2,6521.857295665669
3,47101.50388643158
4,12744.9
