reservoir,value
1,14230.15106999508
2,36508.564479547866
3,2539.315179010097
4,2465.055092627714
