reservoir,value
1,89806.74551811982
2,19617.2
3,5218.867916682298
4,8818.955092627788
