reservoir,value
1,13659.565154793108
2,2282.01791478142
3,2534.693652778443
4,3154.1055586302027
