reservoir,value
1,54119.26312218613
2,0.0
3,17987.318195540756
4,8269.105558630203
