from,to,value
1,1,0.0
1,2,1923.3586006235237
1,3,25.74905542736716
1,4,0.0
1,5,0.0
2,1,0.0
2,2,0.0
2,3,0.0
2,4,0.0
2,5,0.0
3,1,0.0
3,2,0.0
3,3,0.0
3,4,0.0
3,5,0.0
4,1,0.0
4,2,0.0
4,3,0.0
4,4,0.0
4,5,786.8509445726294
5,1,0.0
5,2,0.0
5,3,786.8509445726332
5,4,0.0
5,5,0.0
