reservoir,value
1,24756.343450371074
2,9700.358600623524
3,5795.598501889017
4,3191.367440209325
