reservoir,value
1,993.5601120849836
2,0.0
3,11432.14213882935
4,76.8580410811527
