reservoir,value
1,42898.20202796079
2,18726.846540829603
3,10646.935594839792
4,16060.404258812381
