reservoir,value
1,0.0
2,0.0
3,746.0355948397919
4,8430.504258812382
