reservoir,value
1,164824.07209509262
2,19184.371170070324
3,51806.1
4,12744.9
