reservoir,value
1,28477.551408796004
2,6425.039793251824
3,5070.903401608943
4,8343.565102936569
