reservoir,value
1,126082.36040923983
2,0.0
3,15046.526896744539
4,12744.9
