reservoir,value
1,38150.80826467888
2,4383.300732315274
3,13492.816795368988
4,14234.148293833674
