reservoir,value
1,139948.0917767228
2,0.0
3,31864.914965944645
4,12744.9
