reservoir,value
1,29676.869071241985
2,3439.6325156267762
3,6390.862021021273
4,2949.9472231239256
