reservoir,value
1,0.0
2,9975.332515626636
3,3109.983595661499
4,0.0
