reservoir,value
1,35122.38737873926
2,14062.417832226427
3,7674.769320507089
4,5082.750359900329
