reservoir,value
1,182849.86969699472
2,980.917832226427
3,49560.03664739149
4,12744.9
