reservoir,value
1,23426.957727662142
2,7204.980161487088
3,3759.3194675200134
4,4404.256503559349
