reservoir,value
1,76418.4191371623
2,0.0
3,5675.89930931499
4,12744.9
