reservoir,value
1,48673.5032419442
2,6750.923786797555
3,16435.58756235726
4,5372.541949762242
