reservoir,value
1,86116.0901413326
2,7810.192064560606
3,33332.964785733406
4,0.0
