reservoir,value
1,66612.1314201992
2,9580.0395885951
3,10108.499508802603
4,10256.046767514012
