reservoir,value
1,87902.20059767427
2,12135.29792679677
3,16475.62439227886
4,7299.134638074995
