reservoir,value
1,20059.10344561195
2,4249.58426575547
3,4106.340241276918
4,5469.684485973023
