reservoir,value
1,56957.22273624741
2,0.0
3,3452.748510118585
4,10605.690657066287
