region,depth,value
1,1,148.65726925925506
1,2,36.79995906322784
1,3,42.34138901052591
1,4,67.83277070393169
2,1,68.59699157229701
2,2,22.312
2,3,18.226031586013857
2,4,35.67649793448493
3,1,92.07
3,2,22.312
3,3,30.811294838028786
3,4,35.06346997324666
4,1,41.254041588870805
4,2,0.0
4,3,14.539533190244562
4,4,35.621674516801825
