from,to,value
1,1,0.0
1,2,2615.382181039271
1,3,103.9269094672786
1,4,0.0
1,5,291.10595519286477
2,1,1544.7382961526987
2,2,0.0
2,3,0.0
2,4,0.0
2,5,0.0
3,1,404.61319665531596
3,2,0.0
3,3,0.0
3,4,0.0
3,5,707.5966588828244
4,1,0.0
4,2,0.0
4,3,0.0
4,4,0.0
4,5,1425.5748625178812
5,1,1822.020918188234
5,2,0.0
5,3,380.25399343236967
5,4,222.0025649730664
5,5,0.0
