reservoir,value
1,26471.92550969523
2,10602.960303192518
3,5863.819526671363
4,3200.81296272889
