reservoir,value
1,45138.29195959915
2,8245.724747109412
3,5574.252215099449
4,538.5772060279589
