reservoir,value
1,14988.591443174799
2,9268.595528874073
3,3230.444258650673
4,5154.752499777249
