reservoir,value
1,61094.52227513514
2,0.0
3,10687.641561511362
4,11738.419765884106
