reservoir,value
1,36580.8681087098
2,7996.108807233692
3,4933.178608723846
4,3017.5312902112587
