reservoir,value
1,11074.777191392219
2,0.0
3,15940.89739344197
4,0.0
