reservoir,value
1,20996.53605009252
2,14137.884975578745
3,3712.8017025646122
4,3073.368872485356
