reservoir,value
1,12893.243993596918
2,2213.1938643249377
3,3060.7069492284672
4,961.8099164644569
