reservoir,value
1,65847.39339193114
2,15468.274835013613
3,13353.504466444678
4,11811.113299917219
