reservoir,value
1,144657.5661284144
2,19617.2
3,29861.13316820853
4,7681.866530829915
