reservoir,value
1,29586.851025109077
2,6271.910512618679
3,6577.933341584892
4,16027.935297898963
