reservoir,value
1,83154.05503447544
2,0.0
3,12652.319871356704
4,9756.48194553658
