reservoir,value
1,15158.44058044978
2,12800.760188845148
3,3633.749399256973
4,1799.0734553010188
