reservoir,value
1,20028.61704259601
2,0.0
3,5637.402733853351
4,1588.2524799912007
