reservoir,value
1,70454.43939650316
2,5532.4765033292315
3,30898.6103413084
4,24456.2874548118
