reservoir,value
1,25040.139396503193
2,0.0
3,59864.81705437107
4,16826.387454811804
