reservoir,value
1,200717.6
2,4732.437532425283
3,12938.993286937392
4,12744.9
