reservoir,value
1,50288.01383721449
2,3201.8138337606674
3,23408.26213405067
4,17481.572221512306
