reservoir,value
1,102365.3292531662
2,0.0
3,37034.869882741266
4,1551.3552218468449
