reservoir,value
1,33077.78647882434
2,23249.59961264831
3,7041.8586444641605
4,7899.081486398496
