reservoir,value
1,32208.6206541858
2,19617.2
3,35656.25490455939
4,522.0063542079561
