reservoir,value
1,13671.544067379275
2,6990.904981940254
3,2511.1975979460904
4,6255.585441826721
