reservoir,value
1,32944.649222670894
2,0.0
3,1333.26321227083
4,12744.9
