reservoir,value
1,19462.104899350645
2,16654.136576492583
3,3390.2455978864523
4,3355.711647400295
