reservoir,value
1,129650.02617703822
2,15889.384804425796
3,15314.38425019238
4,12186.973809567238
