reservoir,value
1,18620.31348957079
2,6222.629280764227
3,3018.1157715870545
4,3702.3416576314303
