reservoir,value
1,17058.510488518124
2,0.0
3,6033.890669629007
4,10863.941657633533
