reservoir,value
1,33009.656939545894
2,9859.72621981091
3,6806.022198136152
4,4364.979421778165
