reservoir,value
1,101043.39198553731
2,13511.261931964153
3,2970.0580825876414
4,1247.817318739475
