reservoir,value
1,23848.86853413556
2,8053.756757095274
3,3474.7952536638695
4,1650.1623538964432
