reservoir,value
1,2916.5241030172274
2,0.0
3,1284.990893388741
4,782.4924973017091
