reservoir,value
1,60075.07697401525
2,4894.151044399136
3,22887.875575989154
4,13717.240307107422
