reservoir,value
1,116671.51352622604
2,0.0
3,30372.469148576587
4,6087.340307106112
