reservoir,value
1,18100.087917433688
2,6778.280687257835
3,2639.7385400607595
4,1821.1819369568639
