reservoir,value
1,30446.84794110845
2,0.0
3,1608.1815194544547
4,914.5622118860462
