reservoir,value
1,19896.738061418226
2,4611.708948588537
3,4101.8262464354075
4,2503.2222531695634
