reservoir,value
1,44280.2702542522
2,0.0
3,22543.325000119028
4,11529.122253169564
