reservoir,value
1,11721.437079138972
2,17501.57132852253
3,3217.75585177418
4,1897.5336589003175
