reservoir,value
1,46716.39519460424
2,6512.321467553176
3,31311.577741577967
4,5965.1955662065975
