reservoir,value
1,28633.505565069878
2,6349.48642790992
3,9480.296810191408
4,5315.168619335385
