reservoir,value
1,18257.131625753704
2,5489.849186806257
3,4403.8434905001
4,2017.6189007796777
