reservoir,value
1,32626.674758601046
2,0.0
3,36617.33210399069
4,6276.915341226526
