from,to,value
1,1,0.0
1,2,4309.0599999999995
1,3,0.0
1,4,0.0
1,5,0.0
2,1,0.0
2,2,0.0
2,3,0.0
2,4,0.0
2,5,0.0
3,1,0.0
3,2,0.0
3,3,0.0
3,4,0.0
3,5,0.0
4,1,0.0
4,2,0.0
4,3,0.0
4,4,0.0
4,5,2526.6199235286012
5,1,2391.01992352861
5,2,0.0
5,3,135.59999999999656
5,4,0.0
5,5,0.0
