reservoir,value
1,24484.995061972913
2,15348.633834777898
3,6540.54907988149
4,3524.157922545945
