reservoir,value
1,84794.8833972897
2,19617.2
3,3320.3328680423438
4,2984.9694959623566
