reservoir,value
1,28671.83051197308
2,9118.195513621064
3,5284.608413473625
4,2597.6055324771814
