reservoir,value
1,49024.677390911645
2,6802.967918770057
3,0.0
4,0.0
