reservoir,value
1,31429.963704141577
2,5285.667164178329
3,11841.85527284422
4,7112.708198847553
