reservoir,value
1,4001.05139368205
2,0.0
3,33737.42630832405
4,411.7081988475529
