reservoir,value
1,52484.49013432233
2,5347.405678180639
3,10292.456274451271
4,15192.321310343383
