reservoir,value
1,128684.29985221692
2,0.0
3,18758.600880086415
4,12744.9
