reservoir,value
1,59466.57985105273
2,10417.500869572323
3,32325.30961033679
4,25657.025586574164
