reservoir,value
1,101965.62388671064
2,16953.200869572323
3,48687.80407371195
4,0.0
