reservoir,value
1,31067.33627200016
2,11981.237188015992
3,3660.4927927816434
4,3661.2040265997052
