reservoir,value
1,162598.38650911176
2,4137.0865357855655
3,14778.345570812467
4,12744.9
