reservoir,value
1,41452.03898636255
2,3258.1031503409736
3,11934.194471071352
4,15445.259259563561
