reservoir,value
1,122027.52138426415
2,0.0
3,36643.668423379204
4,11277.29778763033
