reservoir,value
1,23987.001921306437
2,15596.885475454068
3,10312.342754091795
4,4002.3928905603466
