reservoir,value
1,0.0
2,2515.385475454068
3,8643.683265178353
4,0.0
