reservoir,value
1,26111.092750731612
2,12930.244604225154
3,2569.863457530391
4,1713.2396308706545
