reservoir,value
1,102390.65685113004
2,5093.004604225726
3,0.0
4,3084.9386612633753
