reservoir,value
1,15955.16818545651
2,14535.512214888884
3,2547.3535778206483
4,2299.4679594581953
