reservoir,value
1,12376.250305176422
2,2715.212214888885
3,1988.8535778204505
4,28.79268137791701
