reservoir,value
1,15786.884922425386
2,5048.663503330174
3,3250.4167205844037
4,2344.616326067518
