reservoir,value
1,76355.32459078656
2,0.0
3,8704.516106297608
4,11702.516326067534
