reservoir,value
1,42193.58459618308
2,8756.839137238954
3,4718.5431299850825
4,3442.4050535276115
