reservoir,value
1,52102.510005852295
2,18104.27913723897
3,14967.586087685928
4,841.8419899386506
