reservoir,value
1,53877.06037812357
2,11310.8122603248
3,10570.921340127103
4,9097.832402279628
