reservoir,value
1,87732.8603781123
2,4104.212260336419
3,13628.721340127102
4,6477.882996964173
