reservoir,value
1,51008.004049594485
2,7773.088507876209
3,9529.836685598895
4,14533.195371117636
