reservoir,value
1,106578.25235669718
2,0.0
3,10829.572760885087
4,12744.9
