reservoir,value
1,23999.357351298364
2,10662.105106669665
3,3542.4301287054227
4,3132.941216657529
