reservoir,value
1,125039.48835677741
2,10944.146787096231
3,11198.328866242451
4,10697.274359574494
