reservoir,value
1,43826.07935920597
2,12678.864844611386
3,8575.543174504597
4,3514.069285245988
