reservoir,value
1,12808.607893952481
2,15204.07817864529
3,3061.5507622877817
4,1509.7971564258307
