reservoir,value
1,20145.1553026637
2,2292.07817864529
3,4547.828602154796
4,5443.951474271346
