reservoir,value
1,18367.917329738273
2,11851.405388950672
3,3600.0591733374526
4,1917.4271378800224
