reservoir,value
1,67847.94590321265
2,0.0
3,10241.310086655443
4,7107.924834060335
