reservoir,value
1,38604.9400414026
2,14302.007067268207
3,14406.383729716632
4,12069.146459988897
