reservoir,value
1,43018.90482935826
2,1220.5070672682068
3,17761.879861182046
4,4807.421755010641
