reservoir,value
1,23325.519376203294
2,8362.157744101023
3,8754.803503954743
4,6207.816442770295
