reservoir,value
1,108357.25438581692
2,3655.790455059794
3,39562.44369340904
4,12744.9
