reservoir,value
1,27305.56396422971
2,44115.52056608167
3,2440.612306510713
4,1902.2560384421663
