reservoir,value
1,33040.31134094564
2,19617.2
3,12914.730665460447
4,9397.555678021032
