reservoir,value
1,22485.773672165687
2,11919.887096578366
3,3852.001113287405
4,3337.367729159935
