reservoir,value
1,164311.70015957748
2,13557.943532283023
3,0.0
4,11184.129369522203
