reservoir,value
1,24824.653114086737
2,15860.978194775966
3,3695.407285960949
4,2392.848642260273
