reservoir,value
1,25120.684020411623
2,19617.2
3,0.0
4,2553.8571801109165
