reservoir,value
1,22323.756537491518
2,10478.7543711311
3,3355.331992730673
4,2919.546937228261
