reservoir,value
1,166071.54010333944
2,10923.43051953805
3,1152.488367460618
4,12090.4469372287
