reservoir,value
1,22213.37046782068
2,6929.444223363141
3,5945.833617914047
4,6915.447626029854
