reservoir,value
1,96451.45312934913
2,2342.9671728025105
3,47851.03361791404
4,12744.9
