reservoir,value
1,22578.89964336212
2,5922.178873192601
3,4423.974134360882
4,6073.594085382244
