reservoir,value
1,98655.05315081068
2,0.0
3,11759.795115806593
4,12594.30015196191
