reservoir,value
1,21250.43955541289
2,9836.580977146503
3,6691.206783950366
4,9789.414206512227
