reservoir,value
1,96676.38512880815
2,0.0
3,22808.43492858383
4,12744.9
