reservoir,value
1,15021.33671233767
2,4348.042009981815
3,5646.090229285142
4,1890.7174871698423
