reservoir,value
1,53529.07995395911
2,0.0
3,44677.25896860883
4,7917.19147714291
