from,to,value
1,1,0.0
1,2,0.0
1,3,0.0
1,4,0.0
1,5,307.0318865915738
2,1,6296.531886591465
2,2,0.0
2,3,0.0
2,4,0.0
2,5,0.0
3,1,0.0
3,2,0.0
3,3,0.0
3,4,0.0
3,5,248.2355182229354
4,1,0.0
4,2,0.0
4,3,0.0
4,4,0.0
4,5,0.0
5,1,0.0
5,2,0.0
5,3,0.0
5,4,555.2674048144463
5,5,0.0
