reservoir,value
1,54351.9777433943
2,3347.9363847039394
3,9785.06448177708
4,6292.896556259999
