reservoir,value
1,114628.43339927326
2,7235.066322392249
3,0.0
4,0.0
