reservoir,value
1,45129.00910068932
2,12241.417867929584
3,9852.918820353567
4,15699.86078250764
