reservoir,value
1,99775.30965333676
2,1593.019992405376
3,12247.318399026313
4,12744.9
