reservoir,value
1,27955.835292649488
2,24080.88957094829
3,3569.919448643909
4,3491.6355318386127
