reservoir,value
1,101911.0236924002
2,19617.2
3,37256.6767080954
4,12662.535531838615
