reservoir,value
1,24249.516031500414
2,4729.908558715411
3,9353.142816360154
4,10534.41580483355
