reservoir,value
1,97020.82144378564
2,0.0
3,44209.41266335502
4,12744.9
