reservoir,value
1,35657.74979275656
2,10191.791786711376
3,19286.392856850616
4,15002.222884278412
