reservoir,value
1,156264.71083832666
2,6512.458508952975
3,51806.1
4,9032.828056193523
