reservoir,value
1,48012.977434008266
2,3343.6791767400255
3,11522.900983208294
4,11418.520630692768
