reservoir,value
1,79194.85661074829
2,0.0
3,15094.700983208291
4,9060.120630692769
