reservoir,value
1,13358.804577488627
2,11287.945562361696
3,2881.482904099765
4,1692.0163613364566
