reservoir,value
1,48241.41811499975
2,0.0
3,16692.488984308595
4,5415.383404867255
