reservoir,value
1,59356.89622664625
2,6471.017653889774
3,12364.213743770484
4,10837.054247582219
