reservoir,value
1,102569.73157791852
2,369.6706376966741
3,11531.294585179305
4,3207.154247582219
