reservoir,value
1,33900.3381598899
2,9497.838577158607
3,5205.571366695481
4,11721.447600331572
