reservoir,value
1,118531.63028151612
2,0.0
3,19118.6504108243
4,12744.9
