reservoir,value
1,49817.59168393424
2,2589.753817736746
3,12881.188446437747
4,17378.86120905759
