reservoir,value
1,108593.77879028587
2,0.0
3,22525.23083813752
4,12214.239372468639
