reservoir,value
1,19923.825758436367
2,7625.884346314838
3,2895.410633288155
4,2740.9489956624593
