reservoir,value
1,51027.53428401515
2,14161.584346314838
3,25170.67953159917
4,12243.848995662458
