reservoir,value
1,72669.53922078523
2,17621.057302816633
3,5658.559848366847
4,5650.539074036608
