reservoir,value
1,37848.313574763044
2,5847.109301488713
3,6111.371687413795
4,7150.054157288679
