reservoir,value
1,71533.62287625176
2,0.0
3,9683.171687413793
4,4791.654157288679
