reservoir,value
1,20920.248673238173
2,37553.92160487582
3,2733.3253772040207
4,2404.9828826766766
