reservoir,value
1,50245.11737671697
2,19617.2
3,18629.61835890947
4,11285.299639618106
