reservoir,value
1,11177.098891442201
2,7161.937982047105
3,2683.117300745477
4,1680.8442406049921
