reservoir,value
1,50060.2614642754
2,0.0
3,9037.333407043086
4,5753.460566673002
