reservoir,value
1,36558.92448013577
2,8646.152388966031
3,8547.892578371859
4,10549.036878453127
