reservoir,value
1,98876.41790525071
2,0.0
3,50453.092578371856
4,12744.9
