reservoir,value
1,30659.736781394404
2,8310.534142683586
3,6148.391893401812
4,12527.838280758207
