reservoir,value
1,159826.8315678047
2,7468.108003981632
3,21870.39397811955
4,12744.9
