reservoir,value
1,20802.050993871242
2,11318.31177481127
3,4608.571249361328
4,2385.0111406266956
