reservoir,value
1,15246.257178410411
2,0.0
3,0.0
4,827.2054076439625
