reservoir,value
1,9943.366219036501
2,8679.851747966444
3,5248.67366449795
4,1874.8519414415607
