reservoir,value
1,72496.45656244096
2,11411.489766558407
3,38062.059174320326
4,4194.915460161454
