reservoir,value
1,30245.390127158505
2,14828.233229119956
3,6561.597928813657
4,5580.945766299879
