reservoir,value
1,41851.14269877581
2,1746.7332291199564
3,3908.243695113536
4,0.0
