reservoir,value
1,17106.290453606158
2,10549.7303241294
3,4022.4600497294687
4,2510.9443623346415
