reservoir,value
1,50885.35903053629
2,9483.768488712252
3,16623.182932428357
4,10418.340647745006
