reservoir,value
1,33228.851961931075
2,3986.2270494311615
3,8304.986095969285
4,4393.467177829448
