reservoir,value
1,57847.24274933646
2,25958.97206339687
3,15173.954258820955
4,17782.444296385976
