reservoir,value
1,88533.54274933646
2,18752.37206339687
3,18132.254258820954
4,0.0
