reservoir,value
1,48786.75979511825
2,2888.5850246292684
3,7944.352851466203
4,5330.518313863364
