reservoir,value
1,40158.64065697859
2,0.0
3,20331.319457232305
4,0.0
