reservoir,value
1,53317.25094151908
2,22732.686572358067
3,16004.732918366652
4,18266.398374784876
