reservoir,value
1,0.0
2,1555.6093868005737
3,0.0
4,8955.76357548401
