reservoir,value
1,155093.69673946698
2,19617.2
3,22673.25487078444
4,8046.429193358561
