reservoir,value
1,55725.8917660437
2,7705.312845110096
3,9986.356113602043
4,14527.924577318174
