reservoir,value
1,159241.3951908945
2,3846.9212896591216
3,11137.268120922061
4,10105.445866099602
