reservoir,value
1,26365.7759767561
2,9941.79582097765
3,4051.354375450817
4,2522.9155401005987
