reservoir,value
1,146529.43520839827
2,0.0
3,12870.513492482896
4,11693.815540100599
