reservoir,value
1,51807.27838196965
2,7741.075356929901
3,7057.788166201976
4,11039.565469721416
