reservoir,value
1,86035.07838197006
2,534.4753569293449
3,10251.588166203337
4,8681.165469721436
