reservoir,value
1,12479.726669474552
2,19847.024431386828
3,2959.928851038541
4,1698.0904420895388
