reservoir,value
1,55401.76364761281
2,9036.997733570983
3,1464.1034398202657
4,9636.322446047305
