reservoir,value
1,27195.40447277734
2,6198.659063223133
3,4835.916543769241
4,9151.545646964503
