reservoir,value
1,144363.26257478519
2,0.0
3,15977.338658120256
4,12744.9
