reservoir,value
1,19932.76121463471
2,5320.279397344048
3,4825.627883309855
4,1525.266195899985
