reservoir,value
1,602.259126325532
2,5314.279397343845
3,16987.32309912959
4,2162.315500624703
