reservoir,value
1,48127.51109928804
2,4540.616496365985
3,11449.421326182495
4,15724.104101428966
