reservoir,value
1,0.0
2,0.0
3,1548.5213261824956
4,7651.750403310294
