reservoir,value
1,120279.05789250109
2,5656.022640415567
3,51806.1
4,11193.879197682996
