reservoir,value
1,20241.00239241438
2,31023.64163123799
3,3446.2655216020107
4,2765.5077455263745
