reservoir,value
1,87233.46137252107
2,17942.14163123799
3,10858.558263948185
4,11791.407745526483
