reservoir,value
1,13933.982206886329
2,7815.496210889551
3,3358.389022658366
4,1899.9672264456465
