reservoir,value
1,20690.451670943694
2,0.0
3,7270.2210298396585
4,6285.550927402948
