reservoir,value
1,14429.990814735993
2,13289.113218407641
3,3725.6640696410927
4,1892.6925848888825
