reservoir,value
1,11672.702114966618
2,12833.484606845012
3,26595.236653715045
4,5757.613028631084
