from,to,value
1,1,0.0
1,2,0.0
1,3,600.0
1,4,0.0
1,5,249.41035386808053
2,1,4972.600353868181
2,2,0.0
2,3,0.0
2,4,0.0
2,5,0.0
3,1,0.0
3,2,0.0
3,3,0.0
3,4,0.0
3,5,0.0
4,1,0.0
4,2,0.0
4,3,0.0
4,4,0.0
4,5,0.0
5,1,0.0
5,2,0.0
5,3,52.600000000000364
5,4,196.8103538679186
5,5,0.0
