reservoir,value
1,30084.901094419958
2,5204.823790203504
3,5055.28731547871
4,6196.490596012645
