reservoir,value
1,122795.50036827577
2,1831.7321697832338
3,31147.691320879425
4,12075.580242144724
