reservoir,value
1,31021.272554805837
2,3490.4457498947468
3,5279.006954372202
4,5067.6944222359325
