reservoir,value
1,13147.372686681301
2,11360.303778590707
3,3362.9472839283944
4,1996.9757883148295
