reservoir,value
1,83254.58053121911
2,0.0
3,29542.810228072754
4,5994.109046554142
