reservoir,value
1,21491.84141206711
2,6500.119859246622
3,4115.678665481645
4,4820.301832331836
