reservoir,value
1,93472.24169461877
2,0.0
3,21990.39386167952
4,12744.9
