reservoir,value
1,45163.83030496211
2,52722.00179587828
3,5043.099392131959
4,1705.1398826451925
