reservoir,value
1,28876.75822363159
2,10139.594519760529
3,3070.356434479482
4,2424.550426504624
