reservoir,value
1,132704.88286760368
2,0.0
3,9714.483349607493
4,6539.70948673736
