reservoir,value
1,27303.73077146627
2,52709.6387931852
3,4459.3332225833165
4,9781.298969352922
