reservoir,value
1,110380.91047674182
2,19617.2
3,25911.924824922604
4,10063.937527175764
