reservoir,value
1,13244.485864425324
2,4226.628689907308
3,3035.5859844020633
4,1424.1061047511353
