reservoir,value
1,32284.325028585732
2,0.0
3,11963.709575475816
4,1460.247125793205
