reservoir,value
1,28323.576485552003
2,29891.769735640733
3,5948.931778610504
4,3824.8082749607547
