reservoir,value
1,124993.9037960622
2,17571.973621401998
3,42862.59293830534
4,10534.579726015923
