reservoir,value
1,29331.617408622555
2,16451.445298156807
3,8810.657044758744
4,4416.414061696061
