reservoir,value
1,6776.238558720124
2,19617.2
3,25386.451030551434
4,204.43364254882655
