reservoir,value
1,21663.45501516897
2,15653.56736896056
3,3176.35758315617
4,2375.7306826740705
