reservoir,value
1,122192.49222839366
2,9554.247079254314
3,8204.8119466501
4,3070.014406962749
