reservoir,value
1,18103.194221665395
2,10083.871983160863
3,5319.014115881135
4,7660.497951447746
