reservoir,value
1,96783.52476462885
2,0.0
3,27232.501257050528
4,12744.9
