reservoir,value
1,34555.31002454438
2,49651.48467267177
3,11692.091554751003
4,8226.67961678169
