reservoir,value
1,0.0
2,36569.98467267177
3,1791.1915547510098
4,596.7796167816905
