reservoir,value
1,30004.959116384583
2,6895.520667197821
3,13029.04142636981
4,15280.967403013672
