reservoir,value
1,0.0
2,0.0
3,3128.141426369835
4,860.5760818960443
