reservoir,value
1,31488.85961246406
2,20043.325040707976
3,3503.9548166334043
4,3495.779553831914
