reservoir,value
1,16592.06257861374
2,13516.333082659718
3,5094.368907433046
4,2176.9242721639657
