reservoir,value
1,23023.874246551466
2,1677.2302217864756
3,10653.463146957813
4,1596.5793749651637
