reservoir,value
1,57670.37724678453
2,3867.6956679292125
3,7193.550757834721
4,8943.939715440632
