reservoir,value
1,71275.07915830956
2,8002.479392972635
3,0.0
4,3164.199585369098
