reservoir,value
1,32503.71779199128
2,11765.167183318174
3,13787.143432012166
4,3629.181998249877
