reservoir,value
1,101840.34627072203
2,6112.517285811216
3,43886.55369328879
4,2381.7850295089456
