reservoir,value
1,16802.17169226314
2,7088.610273718381
3,3263.509968434889
4,1799.261780183229
