reservoir,value
1,56862.072600790394
2,0.0
3,16193.745186845015
4,9927.23847269161
