reservoir,value
1,21185.224523735793
2,12811.457636979812
3,3443.9804595487917
4,1821.3981087765285
