reservoir,value
1,43834.99627307747
2,11435.37252231994
3,9346.170156454831
4,5542.577252054259
