reservoir,value
1,24807.794333913047
2,4707.71033028053
3,7011.303944324771
4,3903.3450790092097
