reservoir,value
1,52984.5286730746
2,6159.826720334662
3,9436.987451160854
4,0.0
