reservoir,value
1,59777.23258224061
2,3851.93401645265
3,9203.336361115107
4,11215.935696509565
