reservoir,value
1,86964.62754159825
2,15147.1043867833
3,13171.600948135361
4,8590.53788248665
