reservoir,value
1,23863.06258193
2,2925.451352172492
3,11179.763062076923
4,17117.53775644486
