reservoir,value
1,126073.68810210892
2,0.0
3,38385.912756635335
4,9487.637756444861
