reservoir,value
1,25680.662328184575
2,7594.3637029923575
3,4972.040092810008
4,6199.968630161277
