reservoir,value
1,58234.07068845694
2,14545.543725043422
3,84.04046523337638
4,1850.159869928465
