reservoir,value
1,15027.935801679874
2,11559.804277117044
3,4149.836115381004
4,1811.053110293309
