reservoir,value
1,40203.06528575414
2,5236.002902182494
3,17988.45358674398
4,5838.335647333819
