reservoir,value
1,24250.289730992696
2,20251.505016706637
3,3733.7725050369268
4,1605.6197338183454
