reservoir,value
1,39451.06869566732
2,19617.2
3,331.0298705743153
4,5091.166686139343
