reservoir,value
1,13624.108949700014
2,7645.146798310854
3,3002.999168240853
4,2434.509785512124
