reservoir,value
1,24193.200186994625
2,14192.346798310857
3,17034.971836816207
4,11792.409785512114
