reservoir,value
1,18129.58687612329
2,6156.994816688446
3,3635.1493477205304
4,3318.0110573936886
