reservoir,value
1,71672.38531276712
2,1267.9157657468131
3,25063.27702277034
4,8433.011057393689
