reservoir,value
1,50466.69951854723
2,2006.9325676689218
3,13801.176700119357
4,7961.231281698992
