reservoir,value
1,64169.06944326116
2,7264.201318060185
3,31319.139120849446
4,716.1647053640418
