reservoir,value
1,43353.344675942295
2,6800.938942586361
3,11839.053327676735
4,16728.53692509108
