reservoir,value
1,79292.23621035481
2,0.0
3,30519.5231344853
4,12744.9
