reservoir,value
1,21777.320016562182
2,11972.253558118644
3,4102.320872674751
4,9899.066673824935
