reservoir,value
1,89216.9377109363
2,3180.656361307092
3,29427.95392229128
4,12744.9
