reservoir,value
1,52704.97633118689
2,5247.505652560117
3,14611.821974250339
4,12585.892241068825
