reservoir,value
1,111973.69189661616
2,0.0
3,17978.47055287518
4,5971.163762643557
