reservoir,value
1,33239.62009205963
2,7617.154360329398
3,8315.519210805409
4,10226.179703647043
