reservoir,value
1,143775.22707188508
2,0.0
3,50220.71921080541
4,12744.9
