reservoir,value
1,31978.64085453612
2,4785.506809746805
3,7335.871792790016
4,10693.315454084732
