reservoir,value
1,110711.62444406403
2,0.0
3,16073.88498774579
4,12744.9
