reservoir,value
1,25879.097211454275
2,12441.47148299817
3,4420.573767278861
4,3187.7702484915253
