reservoir,value
1,143978.81409001307
2,0.0
3,26213.202463060887
4,8302.770248494016
