reservoir,value
1,32679.37548846539
2,4531.452727828744
3,10869.442422948523
4,15339.154610450578
