reservoir,value
1,88370.62892484774
2,0.0
3,29925.057884736547
4,12744.9
