from,to,value
1,1,0.0
1,2,2460.395927715641
1,3,0.0
1,4,0.0
1,5,0.0
2,1,0.0
2,2,0.0
2,3,0.0
2,4,0.0
2,5,0.0
3,1,0.0
3,2,0.0
3,3,0.0
3,4,0.0
3,5,0.0
4,1,0.0
4,2,0.0
4,3,0.0
4,4,0.0
4,5,1325.0541407409612
5,1,48.454140742998
5,2,0.0
5,3,1276.6000000006854
5,4,0.0
5,5,0.0
