reservoir,value
1,20756.793559656737
2,9970.319794215278
3,3422.2527313709907
4,3135.4864326047114
