reservoir,value
1,82482.08399152495
2,0.0
3,11024.806315940365
4,10433.440573345673
