reservoir,value
1,15220.07470015006
2,3772.584328576068
3,3263.8733699993963
4,2214.8488114508646
