reservoir,value
1,143490.27485972692
2,4249.027860859091
3,1335.573369999334
4,7007.978180973067
