reservoir,value
1,20074.749276199716
2,22057.26208676136
3,4130.462247297733
4,2022.956445499548
