reservoir,value
1,36741.81857340913
2,8975.762086763873
3,1579.0850065973864
4,227.99254903938436
