reservoir,value
1,33941.54668917468
2,4254.433112726064
3,7655.697670648133
4,8050.922461693148
