reservoir,value
1,128253.43771044508
2,7143.650647057197
3,34799.80913206223
4,12744.9
