reservoir,value
1,41272.00184874581
2,4143.29466210727
3,20478.135374570436
4,27926.9685481726
