reservoir,value
1,89789.27623180303
2,0.0
3,43083.38705881206
4,7742.85325658901
