reservoir,value
1,47342.20943428287
2,5836.684140574779
3,11242.881748420203
4,15372.657511789359
