reservoir,value
1,0.0
2,0.0
3,1341.981748420203
4,7744.467769759956
