reservoir,value
1,148499.98221239896
2,10402.934723108392
3,51806.1
4,11570.222372969021
