reservoir,value
1,20881.99551876707
2,7794.172290401936
3,3447.619889376435
4,2348.6686678439473
