reservoir,value
1,55800.03693691722
2,6173.472290401941
3,120.3706977127504
4,2924.6156788142634
