reservoir,value
1,46435.99710114451
2,4983.884398647067
3,20065.01256857752
4,18099.746386678802
