reservoir,value
1,126630.47744913431
2,0.0
3,41513.73752458048
4,6997.251074148027
