reservoir,value
1,49825.58993947963
2,6276.87304328755
3,16260.41561195831
4,16487.239110464627
