reservoir,value
1,115641.73140928667
2,487.4057447725927
3,28573.19134909642
4,12744.9
