reservoir,value
1,55170.080729752895
2,5266.957676487104
3,14456.024583084203
4,15357.383806589689
