reservoir,value
1,117590.86644318898
2,0.0
3,27057.29183756093
4,7727.483806589944
