reservoir,value
1,63187.72696269328
2,2174.9911779647855
3,22360.461250867767
4,11772.361086960902
