reservoir,value
1,26527.199608825977
2,0.0
3,39406.474233988985
4,5089.648922879613
