reservoir,value
1,53536.13262678517
2,6502.6180643969365
3,12404.278845806843
4,17153.608949979505
