reservoir,value
1,149157.87992495752
2,0.0
3,23299.79957202271
4,12744.9
