reservoir,value
1,80758.66614118498
2,5016.235937283562
3,16532.92584145945
4,20009.690707217385
