reservoir,value
1,132746.01186516028
2,4454.899536647798
3,28470.339337700338
4,12744.9
