reservoir,value
1,13523.409962012782
2,12036.892017236827
3,3206.780198982929
4,1933.5083324753082
