reservoir,value
1,53335.4069682401
2,0.0
3,3580.0415672966183
4,6164.519134519549
