reservoir,value
1,33403.66770770741
2,5393.531671885959
3,4749.162594901865
4,5088.642500367344
