reservoir,value
1,103527.82382365738
2,0.0
3,16880.390083014998
4,12744.9
