reservoir,value
1,46232.626772212054
2,4227.018105814986
3,18524.055702268488
4,19701.234051554602
