reservoir,value
1,122233.8367746432
2,0.0
3,26601.626255143667
4,12744.9
