reservoir,value
1,38809.949274856524
2,2009.416396932681
3,28582.20305022996
4,19374.957768286884
