reservoir,value
1,194113.24927485653
2,1119.5739293579788
3,31620.296337167354
4,12744.9
