reservoir,value
1,26913.833329546324
2,16148.498426821141
3,9437.184252357654
4,14990.162695666879
