reservoir,value
1,44556.168436690234
2,17013.91860538815
3,37002.94081852089
4,12744.9
