reservoir,value
1,34117.68501150439
2,4930.048724800297
3,7299.965366663588
4,10403.932830603424
