reservoir,value
1,115079.87529477593
2,0.0
3,27006.081966389065
4,12744.9
