reservoir,value
1,38777.54063014325
2,3867.411774095139
3,14397.597864695326
4,17290.909108511387
