reservoir,value
1,118647.3394249872
2,0.0
3,28204.14399581647
4,12744.9
