reservoir,value
1,23996.82972854399
2,10154.097135805661
3,6102.271479801062
4,13605.95925162649
