reservoir,value
1,114592.30026473533
2,0.0
3,19105.99535859678
4,12744.9
