reservoir,value
1,63128.76348868893
2,7520.70524952543
3,17944.73399684992
4,16615.681885805516
