reservoir,value
1,0.0
2,0.0
3,1202.0220485193895
4,8985.781885805516
