reservoir,value
1,197782.6902881877
2,7593.449129004464
3,51806.1
4,12744.9
