region,depth,value
1,1,147.02671683161034
1,2,32.751
1,3,26.6875
1,4,27.372000000000003
2,1,34.4845953225377
2,2,10.917
2,3,10.675
2,4,6.843000000000001
3,1,3.2644776956047776
3,2,10.917
3,3,10.675
3,4,10.72515911124487
4,1,0.0
4,2,0.0
4,3,0.0
4,4,3.3292174657608844
