from,to,value
1,1,0.0
1,2,3314.5964701703356
1,3,71.24200000000141
1,4,0.0
1,5,161.6490787143864
2,1,449.17129219797613
2,2,0.0
2,3,0.0
2,4,0.0
2,5,0.0
3,1,506.750200292161
3,2,0.0
3,3,0.0
3,4,0.0
3,5,1272.903424589604
4,1,0.0
4,2,0.0
4,3,0.0
4,4,0.0
4,5,1585.4536689245565
5,1,2415.719923091272
5,2,0.0
5,3,342.76897272690405
5,4,261.5172764101008
5,5,0.0
