reservoir,value
1,17479.70058151979
2,13765.625657760154
3,3177.176012515891
4,1936.6048776180571
