reservoir,value
1,69922.99690328338
2,5097.671920727601
3,11711.165041155682
4,5484.600165310311
