reservoir,value
1,13852.265386736544
2,24768.857366965178
3,3020.169391130422
4,3240.43078454081
