reservoir,value
1,80164.38204712959
2,11687.357366965716
3,22898.278752416205
4,12701.330784540809
