reservoir,value
1,51226.10132140927
2,3671.4403499928558
3,21639.93666399506
4,26318.17702148211
