reservoir,value
1,111975.21707829593
2,5044.601668323611
3,47811.71492825424
4,12744.9
