reservoir,value
1,90200.6509390575
2,2664.2303951703047
3,15088.512912141035
4,23495.192812205973
