reservoir,value
1,114991.20405410115
2,13364.91017827208
3,5187.612912141036
4,12744.9
