reservoir,value
1,57353.206577943536
2,3000.8455261478966
3,20099.035493328178
4,22475.867458046494
