reservoir,value
1,152776.5530177594
2,0.0
3,49885.673342725364
4,12744.9
