reservoir,value
1,19753.45831374255
2,11115.732831236703
3,5705.976063686694
4,1933.6710473771645
