reservoir,value
1,136289.97377629325
2,17651.432831236703
3,32560.550430768417
4,6481.691055944836
