reservoir,value
1,58049.99906899305
2,6406.847421041013
3,8752.856963983877
4,11542.234415716845
