reservoir,value
1,111180.13269584658
2,0.0
3,12537.683795050885
4,10469.417941577047
