reservoir,value
1,26774.64312119715
2,3313.6236485136837
3,6360.94641933659
4,11760.129440248678
