reservoir,value
1,104101.96457685306
2,0.0
3,29053.99844782665
4,12744.9
