reservoir,value
1,38377.033987083756
2,13868.557115436484
3,16782.977773704046
4,12997.51348149034
