reservoir,value
1,181477.85763283388
2,15574.873016428559
3,38666.38924848447
4,12744.9
