reservoir,value
1,47510.642140928736
2,21354.446170916963
3,11435.22295728241
4,9183.983597303268
