reservoir,value
1,11351.920699648857
2,19617.2
3,26920.773987833847
4,2687.417239852095
