region,depth,value
1,1,164.96900000000002
1,2,42.0175
1,3,37.5445
1,4,22.771
2,1,47.13400000000001
2,2,12.005
2,3,10.727
2,4,6.506
3,1,0.0
3,2,0.0
3,3,0.0
3,4,0.0
4,1,0.0
4,2,0.0
4,3,0.0
4,4,0.0
