from,to,value
1,1,0.0
1,2,1954.3830673793946
1,3,181.91451323207505
1,4,0.0
1,5,883.7861872579663
2,1,1231.8719610066057
2,2,0.0
2,3,0.0
2,4,0.0
2,5,0.0
3,1,367.1689013616549
3,2,0.0
3,3,0.0
3,4,0.0
3,5,1471.330403109944
4,1,0.0
4,2,0.0
4,3,0.0
4,4,0.0
4,5,0.0
5,1,899.2712209530215
5,2,0.0
5,3,170.64399023523544
5,4,1285.2013791794948
5,5,0.0
