reservoir,value
1,55888.594539909165
2,8368.211028642165
3,16197.06913090156
4,16926.70230942805
