reservoir,value
1,946.8513325499334
2,385.87588114747734
3,2354.697059225621
4,8804.717167797517
