reservoir,value
1,112703.5872810708
2,5852.550070881461
3,27643.348197696967
4,8681.065366906352
