reservoir,value
1,37229.203510347674
2,8630.159691060595
3,5908.459049948364
4,12570.080255254758
