reservoir,value
1,99780.36737612306
2,0.0
3,15395.589937933368
4,11919.926206756463
