reservoir,value
1,65552.25909935855
2,6699.04503920595
3,20360.821929089074
4,17007.30987928609
