reservoir,value
1,90648.29776697067
2,6512.117285153729
3,29065.375312359145
4,12744.9
