reservoir,value
1,30843.168653067398
2,4607.964726804949
3,23873.469814351138
4,15753.091834148714
