reservoir,value
1,83881.9395171373
2,0.0
3,39991.34968680829
4,8123.191834148714
