reservoir,value
1,18625.451417442535
2,6445.057441478872
3,3100.4764406951754
4,1303.5531567992443
