reservoir,value
1,27766.74272649201
2,19617.2
3,3160.9261244128456
4,2246.7902334595524
