reservoir,value
1,88253.54975176413
2,3096.5114515294918
3,46116.588029629114
4,35800.92981072688
