reservoir,value
1,0.0
2,0.0
3,18379.55393150008
4,28171.029810726875
