reservoir,value
1,48786.9491607785
2,4515.525059252282
3,9885.739498211318
4,13072.089237813429
