reservoir,value
1,95166.46398098202
2,0.0
3,14344.972845792054
4,12744.9
