reservoir,value
1,38693.88933257747
2,15797.755441396701
3,12365.079257961122
4,16265.364243223052
