reservoir,value
1,118440.65410058366
2,2716.255441396701
3,18106.50555816965
4,12744.9
