reservoir,value
1,38552.28440011684
2,6226.894000995977
3,15715.177238677543
4,5658.264990626681
