reservoir,value
1,219.14939074321063
2,5687.894000996427
3,19564.33353690902
4,0.0
