reservoir,value
1,71290.5141580849
2,5943.2797368238125
3,13053.884537255628
4,10896.90242352197
