reservoir,value
1,100473.21849953629
2,5586.021030068372
3,14643.684049375926
4,3267.00242352197
