reservoir,value
1,14665.077460586126
2,29421.605889428418
3,3189.9349861150545
4,1600.8567640393849
