reservoir,value
1,32449.63000945942
2,19617.2
3,3987.8809974428823
4,8963.702516909932
