reservoir,value
1,62780.54859979905
2,10773.740306823158
3,20471.57935208804
4,12302.887870560982
