reservoir,value
1,52445.64050428012
2,15636.75833820167
3,14543.45355667139
4,4672.987870560983
