reservoir,value
1,17203.4929200231
2,6172.298177236511
3,2450.8976458786015
4,1309.5082563790254
