reservoir,value
1,25059.453195608832
2,0.0
3,3743.3910705631483
4,5288.983040015876
