reservoir,value
1,20343.005876304793
2,21254.39850583356
3,2722.3437255629965
4,1714.1343320284227
