reservoir,value
1,24133.055633106043
2,8172.89850583356
3,1888.403483459887
4,0.0
