reservoir,value
1,37525.92272670827
2,7828.568611093344
3,7637.988102397987
4,13302.451011270416
