reservoir,value
1,192829.22272670825
2,1470.2341552685384
3,30980.944995567243
4,11010.620087742476
