reservoir,value
1,30393.942401629683
2,9033.367912938766
3,8041.848723652907
4,9178.79955879822
