reservoir,value
1,122456.3316988326
2,0.0
3,34784.61714703211
4,12744.9
