reservoir,value
1,43115.868822834025
2,7210.582297414083
3,9869.821943875882
4,6621.590437494826
