reservoir,value
1,84527.56202230803
2,1465.2705211825323
3,6421.67663299736
4,0.0
