reservoir,value
1,28209.493440479204
2,5396.471019848417
3,4508.78626361179
4,4558.173952729243
