reservoir,value
1,148347.92484729356
2,0.0
3,14358.433878299507
4,12744.9
