reservoir,value
1,22213.2135617241
2,11024.08952380914
3,4361.186852133372
4,2550.998090045281
