reservoir,value
1,107399.55853456417
2,103.98398160416048
3,22126.919456270512
4,11576.89809004528
