reservoir,value
1,25145.096276467542
2,13969.44911507574
3,4279.915118739157
4,4200.7382514984365
