reservoir,value
1,76749.60305543005
2,887.9491150757403
3,6967.72857288487
4,12744.9
