reservoir,value
1,32179.43938876346
2,17357.56346935797
3,9743.078691919976
4,9882.678045376393
