reservoir,value
1,98195.30138736416
2,4276.063469357967
3,30481.13395889784
4,12744.9
