from,to,value
1,1,0.0
1,2,4773.003610109492
1,3,0.0
1,4,0.0
1,5,0.0
2,1,0.0
2,2,0.0
2,3,0.0
2,4,0.0
2,5,0.0
3,1,992.9581058513853
3,2,0.0
3,3,0.0
3,4,0.0
3,5,1867.0999999985358
4,1,0.0
4,2,0.0
4,3,0.0
4,4,0.0
4,5,0.0
5,1,0.0
5,2,0.0
5,3,0.0
5,4,1867.1000000025233
5,5,0.0
