reservoir,value
1,16237.153403624789
2,8538.09593307001
3,2376.7418941462224
4,2845.0967417896704
