reservoir,value
1,22907.833181635306
2,0.0
3,0.0
4,4323.673660004284
