reservoir,value
1,27758.4666966692
2,8780.605246344892
3,5524.3031917430935
4,5663.827980326007
