reservoir,value
1,134562.05152994697
2,0.0
3,25690.40366653084
4,10778.827980326865
