reservoir,value
1,31051.29971345559
2,3500.9571965277064
3,6983.816380869335
4,14551.807930473635
