reservoir,value
1,75894.17545491157
2,0.0
3,10957.584531290224
4,6921.907930473635
