reservoir,value
1,15766.350955009284
2,12314.382041452689
3,3217.591973851473
4,1919.0600350056493
