reservoir,value
1,35457.66763770244
2,8716.65053016491
3,13370.517254122802
4,8950.400682750656
