from,to,value
1,1,0.0
1,2,1075.2530659027434
1,3,189.38795184461472
1,4,0.0
1,5,0.0
2,1,0.0
2,2,0.0
2,3,0.0
2,4,0.0
2,5,0.0
3,1,0.0
3,2,0.0
3,3,0.0
3,4,0.0
3,5,0.0
4,1,0.0
4,2,0.0
4,3,0.0
4,4,0.0
4,5,1007.2120481553584
5,1,0.0
5,2,0.0
5,3,1007.2120481553584
5,4,0.0
5,5,0.0
