reservoir,value
1,18872.446235682513
2,8857.253065902743
3,7124.700903465386
4,5661.787951844642
