reservoir,value
1,103459.19808626785
2,0.0
3,33041.331872955474
4,12744.9
