reservoir,value
1,73060.51566275534
2,3518.161227426835
3,59452.74983613542
4,23713.773448797783
