reservoir,value
1,0.0
2,0.0
3,44157.70317295884
4,16083.873448797784
