reservoir,value
1,149023.30363702477
2,3260.716092367247
3,51806.1
4,12744.9
