reservoir,value
1,56041.37479599868
2,4545.911383293229
3,17896.916995116
4,17966.97470791483
