reservoir,value
1,92931.29456259891
2,0.0
3,30333.69640325696
4,8508.952118384015
