reservoir,value
1,26124.76462414402
2,10825.970540174747
3,5398.181521321715
4,4609.952232727475
