reservoir,value
1,63663.699530423706
2,11739.966101181939
3,0.0
4,1667.9499122095604
