reservoir,value
1,22011.913932941017
2,20814.21132165558
3,3318.7288822068526
4,3231.4717627269833
