reservoir,value
1,83340.27112190484
2,7732.711321655581
3,23759.916273493138
4,12734.371762726983
