reservoir,value
1,24279.712335096614
2,5389.278481897578
3,5188.230460768798
4,1909.117938936308
