reservoir,value
1,0.0
2,0.0
3,6143.724661411246
4,365.46167742054894
