reservoir,value
1,38581.06777604257
2,5503.820925834706
3,12554.42074473336
4,6295.3910587768805
