reservoir,value
1,90377.11139399227
2,3727.5719846115203
3,22081.519860037577
4,0.0
