reservoir,value
1,33337.10582464649
2,7288.762922881737
3,10935.692352366797
4,13703.489708132593
