reservoir,value
1,106179.09983714143
2,0.0
3,19687.62367610329
4,11388.395058907756
