reservoir,value
1,65270.288972681716
2,2694.619864139743
3,18393.282131031716
4,19869.748401977664
