reservoir,value
1,112128.82306131182
2,0.0
3,42081.52295015415
4,6114.854956793049
