reservoir,value
1,20065.7329842689
2,9745.078478646017
3,3170.796320814533
4,1789.818237679819
