reservoir,value
1,82427.7813826981
2,6679.742866471004
3,9170.563237063036
4,9660.1879557534
