reservoir,value
1,72407.4560924899
2,7659.7085935246905
3,14789.75435483259
4,18288.13805161818
