reservoir,value
1,165067.7842090479
2,14934.124239778259
3,25089.911420253058
4,12744.9
