reservoir,value
1,17879.168098835165
2,23684.518389852426
3,5051.369743346756
4,2641.515779437029
