reservoir,value
1,13549.049999964162
2,19617.2
3,32457.36829617403
4,0.0
