reservoir,value
1,35607.1708281686
2,6557.2068299204475
3,9468.031460054317
4,4423.288533366006
