reservoir,value
1,17018.322714287548
2,4860.208951221781
3,3172.4823996688137
4,655.6365096099963
