reservoir,value
1,19484.12161516377
2,12453.931253118135
3,4216.399776833912
4,4786.864064576963
