reservoir,value
1,79006.50482449046
2,18989.631253118154
3,28298.088139481137
4,12744.9
