reservoir,value
1,43893.834096472674
2,5406.879102464755
3,20261.615279108904
4,15013.775914818285
