reservoir,value
1,52346.33254890394
2,0.0
3,30967.032674943424
4,12744.9
