reservoir,value
1,35017.78795899863
2,7698.993712454515
3,14927.083207510312
4,11840.830361369057
