reservoir,value
1,0.0
2,0.0
3,5026.183207510362
4,66.4063580893926
