reservoir,value
1,116158.69418221193
2,5131.759443765398
3,51806.1
4,12744.9
