reservoir,value
1,17548.872643410923
2,19228.939172857135
3,3755.76157043109
4,2242.79774078676
