reservoir,value
1,108827.87761251499
2,6147.439172857143
3,10678.283180809129
4,8850.050724291088
