reservoir,value
1,24503.79969287144
2,9276.89981675725
3,4642.4164691260185
4,1890.9209534903737
