reservoir,value
1,4446.746890086094
2,1490.8239851378003
3,5994.728015372538
4,1668.4093275510565
