reservoir,value
1,45420.42093595161
2,8381.197797501398
3,16082.032511709655
4,7433.013388959039
