reservoir,value
1,37532.25557158291
2,0.0
3,11396.422120888888
4,0.0
