reservoir,value
1,44725.301893038966
2,6761.275377113291
3,23701.872019319817
4,17578.99043197481
