reservoir,value
1,102029.75120981835
2,8691.211591242954
3,38024.192020111586
4,12744.9
