reservoir,value
1,27541.82379111588
2,5289.3222835404995
3,13140.381724929897
4,16317.87350743409
