reservoir,value
1,57812.01534559185
2,11825.022283542652
3,14956.11338798554
4,12231.456929878927
