reservoir,value
1,11413.101628292166
2,6175.333792543364
3,3416.910706262149
4,3268.982652845618
