reservoir,value
1,67808.97772039557
2,0.0
3,27363.837486542674
4,12744.9
