reservoir,value
1,15133.423015597666
2,8602.409200030505
3,3971.1351427292075
4,2539.702736951059
