reservoir,value
1,55727.85201345369
2,5758.5071409137145
3,14814.871398846513
4,11430.873587372722
