reservoir,value
1,47124.84886096472
2,10797.662286763276
3,11472.174484177182
4,12349.924054237217
