reservoir,value
1,103106.4377760107
2,0.0
3,16738.104415880513
4,12744.9
