reservoir,value
1,44949.26194112934
2,5761.702380505897
3,14828.621350105623
4,8189.604490085435
