reservoir,value
1,81680.88017045056
2,12297.402380505897
3,4927.721350105624
4,4039.0570827140737
