reservoir,value
1,15460.6624700557
2,8850.326903738443
3,2383.4303877842785
4,1788.7687734493943
