reservoir,value
1,14562.823225461489
2,15386.026903738444
3,22662.73512102164
4,10545.064108343136
