reservoir,value
1,14480.000434907102
2,6732.556811021377
3,2856.7002738919064
4,2270.857000195423
