reservoir,value
1,58710.18422104419
2,0.0
3,4655.695625350118
4,6185.497259360429
