reservoir,value
1,60824.7730061183
2,8877.519029705169
3,20248.801864520847
4,12160.610211859985
