reservoir,value
1,100639.63130740271
2,7305.164594938937
3,51230.76361097903
4,7815.759664276761
