reservoir,value
1,62238.81092716663
2,3046.4449596589516
3,11694.680034288882
4,9740.424222001413
