reservoir,value
1,103820.39740208545
2,8455.010627319096
3,15050.71219788943
4,7046.077214326429
