reservoir,value
1,20971.423314231717
2,8929.734478147386
3,5543.491248109874
4,4381.759081223639
