reservoir,value
1,89453.38246769168
2,0.0
3,44479.21478590104
4,9496.759081225659
