reservoir,value
1,18528.567371402292
2,11353.21170472015
3,2539.00561502288
4,2138.4161898896186
