reservoir,value
1,54306.358698323194
2,6072.996837136361
3,6243.521817646614
4,7660.129867336652
