reservoir,value
1,34741.10745911385
2,9427.826662931671
3,5897.870629115757
4,2590.8598568280368
