reservoir,value
1,124739.29738783985
2,5582.798254529913
3,1885.1424286323763
4,239.0326968140705
