reservoir,value
1,20559.942087681193
2,71590.03398144477
3,3114.6298451188254
4,3136.6634426304295
