reservoir,value
1,77155.60607930942
2,19617.2
3,13759.649300952153
4,12307.56344263043
