reservoir,value
1,21762.69814492806
2,9026.136754577554
3,2492.1173578517664
4,3088.8665073245343
