reservoir,value
1,70505.941595604
2,0.0
3,20058.809560092286
4,12591.766507324533
