reservoir,value
1,44801.284310490206
2,8277.605485207701
3,11808.842930027731
4,16306.094412325356
