reservoir,value
1,101020.64004280261
2,0.0
3,30989.347545444663
4,11476.520454553152
