reservoir,value
1,54815.16767358473
2,7083.275912587529
3,10764.647349681072
4,12682.709327203898
