reservoir,value
1,127581.07458817925
2,0.0
3,16148.117483165137
4,8586.88719354661
