reservoir,value
1,8235.063797789693
2,10831.9752011495
3,2158.71874099968
4,1444.3304179902673
