reservoir,value
1,20765.380328689458
2,0.0
3,5050.351111886391
4,6347.490320577357
