reservoir,value
1,43142.64289197711
2,18706.251035238733
3,12376.96894313557
4,4357.29398563928
