reservoir,value
1,27559.523321402783
2,5624.751035238733
3,2476.0689431355695
4,0.0
