reservoir,value
1,22630.524152349353
2,2921.9006418650947
3,6764.52876992477
4,3528.751787204042
