reservoir,value
1,50156.758730506095
2,7203.094691621514
3,0.0
4,0.0
