reservoir,value
1,44061.38334985419
2,6007.16470329352
3,11129.260391862561
4,17554.628053856875
