reservoir,value
1,143267.7986719514
2,0.0
3,24933.70854843119
4,12744.9
