reservoir,value
1,41138.947468019534
2,6106.49111092249
3,7183.666682207981
4,7523.8153370268155
