reservoir,value
1,105991.64206325906
2,341.1997626679941
3,41332.55953089776
4,12744.9
