reservoir,value
1,29621.547258610593
2,23354.802278539533
3,4393.403739125593
4,2233.1136383353783
