reservoir,value
1,47306.89688717757
2,11774.66682608056
3,2647.5078720363376
4,970.62700922225
