reservoir,value
1,25397.71108741753
2,8786.134902719068
3,3779.5035211145714
4,9916.365841624594
