reservoir,value
1,87957.79752817267
2,0.0
3,10761.979675864588
4,12744.9
