reservoir,value
1,28893.727118815805
2,16248.403624852082
3,4084.6196336540843
4,5373.18791897723
