reservoir,value
1,178523.42648741178
2,14719.556435704657
3,221.72929288035266
4,12185.623541946135
