reservoir,value
1,80127.7727444448
2,3724.153147111827
3,38037.18439618546
4,19864.84928763714
