reservoir,value
1,121377.08797426944
2,6147.565407185308
3,46411.95333682342
4,12744.9
