reservoir,value
1,20602.59423602133
2,21751.32458203911
3,2720.2770606496515
4,2553.9506956835994
