reservoir,value
1,114960.61274735931
2,19617.2
3,1110.9505817646464
4,0.0
