reservoir,value
1,13203.993626172878
2,9236.89175156433
3,2672.3708068008946
4,2101.1818644680884
