reservoir,value
1,18539.509088395982
2,0.0
3,5568.708987007072
4,6847.834278483962
