reservoir,value
1,22062.820494029154
2,13807.515105303079
3,4000.4967698078813
4,5475.046817021124
