reservoir,value
1,87207.32410902888
2,2138.0851957893046
3,26955.123070133275
4,12744.9
