reservoir,value
1,40137.515754786684
2,8851.733881589718
3,11809.824787168498
4,5952.244873267742
