reservoir,value
1,23032.81322069435
2,0.0
3,1908.9247871684984
4,0.0
