reservoir,value
1,50874.603657208914
2,5043.5336072372065
3,9867.523986890006
4,5702.654593429758
