reservoir,value
1,11018.342976471387
2,0.0
3,2368.072388687012
4,0.0
