reservoir,value
1,85795.53878608247
2,8405.198010218508
3,8919.526042339334
4,10618.171598721707
