reservoir,value
1,116481.83878608246
2,1198.5980102185076
3,11877.826042339335
4,3020.351793711444
