reservoir,value
1,29700.334797465366
2,11452.088665892792
3,2615.6521593362913
4,4566.9056941514245
