reservoir,value
1,95921.86903170908
2,0.0
3,1734.5744786555224
4,12744.9
