reservoir,value
1,25557.677003795936
2,23197.880563864215
3,4160.884715116911
4,2129.891055381815
