reservoir,value
1,0.0
2,17331.551455297886
3,1577.171666318436
4,0.0
