reservoir,value
1,58524.50405527513
2,6893.030008795038
3,16352.907622258856
4,10967.009116751338
