reservoir,value
1,51577.53087188195
2,5155.005882858787
3,36679.287585830316
4,5530.588181674404
