reservoir,value
1,63444.264684669324
2,5627.1423263527395
3,22204.823683064737
4,24941.09770729173
