reservoir,value
1,132004.28604654167
2,5391.596472628458
3,37074.001035702524
4,1872.7921075314116
