reservoir,value
1,21232.703263108768
2,14914.879900696958
3,3625.460507764012
4,3294.5973756362714
