reservoir,value
1,111381.67193102525
2,1866.9967921962216
3,7569.2594073460505
4,12744.9
