reservoir,value
1,66438.47236437896
2,6766.341915785828
3,27153.442774214658
4,19201.832630939618
