reservoir,value
1,131158.77626568478
2,17647.750582533612
3,51806.1
4,11571.932630939618
