reservoir,value
1,65757.73094594838
2,7140.355750833226
3,15650.707620832733
4,11362.077930906895
