reservoir,value
1,99680.26834166718
2,8214.873725473635
3,13691.294354044263
4,3732.177930906895
