reservoir,value
1,20097.407407897594
2,5477.354086445219
3,3500.8498742162274
4,3196.6187053130257
