reservoir,value
1,41230.58423059022
2,0.0
3,3349.448384334831
4,10891.659362379312
