reservoir,value
1,20411.5249656537
2,30385.37748227913
3,3568.9773570586303
4,4931.059568352144
