reservoir,value
1,50406.19921404848
2,19617.2
3,24744.46962607432
4,12744.9
