reservoir,value
1,24127.942721654636
2,7679.496140356605
3,4386.12815151108
4,1868.453126292741
