reservoir,value
1,2438.269863241352
2,0.0
3,0.0
4,513.646575904711
