reservoir,value
1,24576.49200429502
2,2491.22028931241
3,4699.532779049219
4,5116.999168209318
