reservoir,value
1,112380.60381609676
2,0.0
3,27786.391614298573
4,10231.999168209317
