reservoir,value
1,15895.646920587991
2,3952.1348063361
3,4164.154329061084
4,3992.0549855250424
