reservoir,value
1,64559.80960667292
2,0.0
3,1786.2010498449931
4,788.7633064279412
