reservoir,value
1,20073.34811665797
2,8247.800330360991
3,3770.9082974530434
4,4043.4957418067943
