reservoir,value
1,83699.08697462252
2,0.0
3,11178.713930235455
4,12744.9
