reservoir,value
1,57268.46143602568
2,0.0
3,10969.456331986152
4,11477.984083755133
