reservoir,value
1,23311.976026404478
2,8179.971803719096
3,3695.753669197063
4,6443.221253237887
