reservoir,value
1,104506.18378789077
2,789.3956653842233
3,16593.714758645263
4,12744.9
