reservoir,value
1,17669.49469957102
2,7208.178200049288
3,3587.8510022425935
4,3813.7859378956855
