reservoir,value
1,52889.789713608196
2,0.0
3,12103.09270830599
4,12744.9
