reservoir,value
1,25071.843049621213
2,5406.78958968123
3,7461.696955578025
4,8475.51562101826
