reservoir,value
1,80693.39321431107
2,0.0
3,27485.85484031457
4,12744.9
