reservoir,value
1,42972.163592792014
2,6383.5358813917865
3,14009.723174916791
4,19023.205797601844
