reservoir,value
1,116710.45183088117
2,0.0
3,14938.39593580169
4,12744.9
