reservoir,value
1,44275.62204125631
2,16201.160868504634
3,3499.3079754236837
4,5977.003291080072
