reservoir,value
1,163703.6128292158
2,10009.401780974715
3,12463.648171938315
4,12101.903291080063
