reservoir,value
1,20184.923738367936
2,10628.74599876591
3,4128.534134863248
4,2221.2452838170843
