reservoir,value
1,1977.7479377067684
2,0.0
3,0.0
4,1648.583089864729
