reservoir,value
1,19364.111157431747
2,31084.47294896582
3,2157.333840608989
4,2388.9620655964436
