reservoir,value
1,72002.06319573135
2,19617.2
3,11981.759857776025
4,11559.862065596444
