reservoir,value
1,78268.28916119329
2,5917.050488186925
3,21315.899151709775
4,18626.757484431015
