reservoir,value
1,128152.73040004964
2,6677.165822567114
3,18831.575770331903
4,12744.9
