reservoir,value
1,70684.21715935005
2,6038.037714302061
3,11478.309869191435
4,5200.365705510509
