reservoir,value
1,103100.74323826574
2,8926.325322781879
3,7390.943360155506
4,0.0
