reservoir,value
1,16689.49350964056
2,6477.441002848495
3,2984.8228889876586
4,2809.0436229009456
