reservoir,value
1,77979.88516378187
2,0.0
3,9999.003078985897
4,7924.043622900946
