reservoir,value
1,18310.029273067885
2,5913.3665680450395
3,3251.24668097554
4,3198.360326204501
