reservoir,value
1,28293.492072295914
2,63425.82094796729
3,8407.788533146742
4,11398.787376297565
