reservoir,value
1,0.0
2,49911.49211803761
3,0.0
4,3768.8873762975654
