reservoir,value
1,154127.24416738912
2,19617.2
3,50312.98853314674
4,12744.9
