reservoir,value
1,21380.69513201215
2,4298.305403462922
3,6090.234054886807
4,4430.4305996008225
