reservoir,value
1,101545.81981190667
2,0.0
3,28110.68948709673
4,9545.430599600822
