reservoir,value
1,48056.90877611449
2,12856.193052928009
3,6685.47778662436
4,19139.138724525532
