reservoir,value
1,150743.43060672563
2,4934.036630774954
3,10435.843183712957
4,12744.9
