reservoir,value
1,92334.93736520222
2,17162.939264711706
3,18634.151920562428
4,11130.553230908074
