reservoir,value
1,118912.04273648324
2,18293.68275986158
3,26408.528701763847
4,3500.653230908074
