reservoir,value
1,21936.662845156166
2,9011.739685151362
3,3096.093353299085
4,2726.522504605146
