reservoir,value
1,71714.9952794034
2,0.0
3,20793.172681315573
4,7457.301365009676
