reservoir,value
1,29651.70697567662
2,11076.811911590876
3,3673.661586631841
4,2019.6362325797802
