reservoir,value
1,46894.40864492422
2,0.0
3,8934.77761813252
4,3910.149271031856
