reservoir,value
1,38541.22448071583
2,8359.325180038948
3,9281.969373448585
4,13421.42062074674
