reservoir,value
1,126334.84670520316
2,0.0
3,18812.47126866367
4,12744.9
