reservoir,value
1,57433.62209235881
2,6633.337206571889
3,20563.84642666244
4,9823.379064923065
