reservoir,value
1,31277.502690670437
2,0.0
3,30227.279963571462
4,2193.4790649230654
