reservoir,value
1,20482.65185703364
2,4206.818866595071
3,2834.7540854999643
4,1604.544276926369
