reservoir,value
1,13890.868304829055
2,0.0
3,16153.07688239154
4,1000.4058966796238
