reservoir,value
1,18708.951548376543
2,52038.19391825808
3,3363.361204354728
4,1513.983816235285
