reservoir,value
1,24986.741532560096
2,19617.2
3,10761.464050123159
4,8135.988046389923
