reservoir,value
1,16570.953378269292
2,4611.8230338270505
3,6072.649230306914
4,4902.8623250283745
