reservoir,value
1,125637.27573007061
2,0.0
3,47977.849230306914
4,10017.862325028374
