reservoir,value
1,72128.01543829798
2,10902.081442300198
3,18354.85566534465
4,14354.519536076245
