reservoir,value
1,200717.6
2,12483.616504829068
3,27212.121322858962
4,10765.041887977708
