reservoir,value
1,20036.780675049158
2,17937.388246216782
3,4447.500216823987
4,3186.0167228476357
