reservoir,value
1,71535.36210896663
2,19617.2
3,3412.933188253969
4,6099.81435954468
