reservoir,value
1,55960.12509306663
2,6427.625436632283
3,12601.567338111132
4,7082.037798548487
