reservoir,value
1,111589.21707860394
2,14719.81736859631
3,5670.725420698774
4,699.9551172879628
