reservoir,value
1,14377.341025810027
2,37010.630352826025
3,2681.2678666022466
4,2248.069906496896
