reservoir,value
1,23391.5763552746
2,19617.2
3,5788.231098817236
4,8940.569906496909
