reservoir,value
1,31682.102016165
2,13882.7353448649
3,3558.093321399104
4,3492.3794365401855
