reservoir,value
1,152711.91406338237
2,801.2353448648992
3,15151.090268925735
4,12663.279436540186
