reservoir,value
1,14758.260299066751
2,6798.625008156421
3,2359.154009389346
4,2113.7873653744196
