reservoir,value
1,46247.1062508864
2,0.0
3,18392.66140477129
4,6879.054565499763
