reservoir,value
1,65871.26986880494
2,12690.508978228121
3,12031.965049233937
4,13995.59439405674
