reservoir,value
1,134241.78579794787
2,11521.622814442506
3,16569.42195241779
4,6365.694394057694
