reservoir,value
1,17883.197841996614
2,28554.1810275507
3,2085.661000106233
4,6835.309444146526
