reservoir,value
1,96095.60831873922
2,19617.2
3,23942.632796349928
4,12744.9
