reservoir,value
1,58659.955422533865
2,3730.70849620428
3,11810.417474590431
4,13649.226991704218
