reservoir,value
1,88763.36391873888
2,0.0
3,14768.717474590432
4,11290.826991704218
