reservoir,value
1,43814.78485927102
2,14331.629269159916
3,5254.256014946352
4,4180.840281988402
