reservoir,value
1,176835.87489414535
2,18232.450428160184
3,26256.80888643716
4,10645.108840737044
