reservoir,value
1,48155.455091138945
2,8270.603181694383
3,13671.780465037094
4,14826.403125631645
