reservoir,value
1,122333.82512807721
2,1731.9193811978967
3,21361.028555694058
4,7196.503125632126
