reservoir,value
1,26491.11832055553
2,2856.0983677218023
3,4165.688034898863
4,11313.4853486188
