reservoir,value
1,133157.4501089788
2,0.0
3,7233.766069491035
4,12744.9
