reservoir,value
1,30808.22780412284
2,17332.2668900132
3,3798.836543807078
4,5025.931597956936
