reservoir,value
1,180445.28356584793
2,13526.17614840695
3,4582.456374729955
4,12744.9
