reservoir,value
1,94913.03890449597
2,5440.538472831542
3,14931.26090561799
4,15042.942407152652
