reservoir,value
1,110439.83890449602
2,10140.438472831542
3,17889.56090561799
4,5195.905801538098
