reservoir,value
1,25169.418135963104
2,21817.830074530895
3,3302.6202090192446
4,7587.484073961861
