reservoir,value
1,49137.34436485733
2,8736.330074530895
3,28307.2382095566
4,12744.9
