reservoir,value
1,18371.839963979553
2,6431.5443148876075
3,2718.041100118481
4,2266.333219131772
