reservoir,value
1,47655.0187974892
2,0.0
3,17012.170016930744
4,11624.233219131771
