reservoir,value
1,65543.4343600226
2,2705.1905220982217
3,14075.011931055822
4,14731.920583426254
