reservoir,value
1,93580.32488212083
2,0.0
3,17033.311931055825
4,0.0
