reservoir,value
1,19466.72898096545
2,11347.758162350528
3,3998.3654981997397
4,2750.7096928526944
