reservoir,value
1,29427.71132513963
2,0.0
3,0.0
4,3255.8143679602954
