reservoir,value
1,50996.152653170066
2,13401.438192531019
3,27975.984081228038
4,15181.686701858951
