reservoir,value
1,0.0
2,319.938192531019
3,0.0
4,8258.315968850624
