reservoir,value
1,102555.68720411192
2,19617.2
3,43513.443676223775
4,6633.989154186859
