reservoir,value
1,53359.16450777808
2,7563.863013567017
3,15122.530084296104
4,6268.407446145185
