reservoir,value
1,31980.206956836315
2,14099.563013567018
3,24053.023567961493
4,0.0
