reservoir,value
1,27303.53433132977
2,3126.1053286329216
3,7012.981565792578
4,11025.185262502933
