reservoir,value
1,84779.90837393994
2,0.0
3,17167.499030988292
4,12744.9
