reservoir,value
1,25213.325481338386
2,17338.18349388761
3,5913.974340606124
4,3686.566521189932
