reservoir,value
1,57147.04915268024
2,10304.256646368358
3,0.0
4,0.0
