reservoir,value
1,17041.07749602214
2,9352.444078924005
3,3799.5503403848757
4,2748.5078592485715
