reservoir,value
1,67539.64016449085
2,0.0
3,29948.035730501942
4,7863.507859249771
