reservoir,value
1,30942.04160884466
2,3732.3208158196585
3,4825.78431232942
4,13293.638881999374
