reservoir,value
1,82121.80248995047
2,0.0
3,11782.094963201185
4,12744.9
