reservoir,value
1,64938.72062251637
2,11104.570654417517
3,11388.993695974288
4,20769.54541571191
