reservoir,value
1,140322.25839746953
2,758.3410629211215
3,24849.256196575756
4,4021.37216715786
