reservoir,value
1,17330.4109061469
2,22262.86651612302
3,2961.450718619972
4,1532.3357068728353
