reservoir,value
1,51537.85680935954
2,9181.36651612302
3,6909.460805275642
4,5182.26054093317
