region,depth,value
1,1,101.19988265254484
1,2,30.700047125964556
1,3,20.292435742733613
1,4,16.7525
2,1,42.526476136135955
2,2,16.945500000000003
2,3,7.44493708444574
2,4,3.3505000000000003
3,1,37.78068641981535
3,2,0.0
3,3,10.914000000000001
3,4,6.7010000000000005
4,1,0.0
4,2,0.0
4,3,0.0
4,4,0.0
