from,to,value
1,1,0.0
1,2,807.978937012424
1,3,75.53099995676737
1,4,0.0
1,5,184.51324089097594
2,1,1231.621260432043
2,2,0.0
2,3,0.0
2,4,0.0
2,5,0.0
3,1,393.8901867465158
3,2,0.0
3,3,0.0
3,4,0.0
3,5,361.333406977836
4,1,0.0
4,2,0.0
4,3,0.0
4,4,0.0
4,5,832.1383036646324
5,1,1011.2173361769026
5,2,0.0
5,3,206.34306415283262
5,4,160.42455120370897
5,5,0.0
