reservoir,value
1,41244.39736288727
2,9073.406912763947
3,10519.480743582311
4,6131.363533510541
