reservoir,value
1,0.0
2,1588.540765484021
3,281.98300294907165
4,0.0
