reservoir,value
1,13818.65816549388
2,5857.312738739751
3,8120.337617579611
4,935.3875550533147
