reservoir,value
1,46762.7855085678
2,12575.050367265128
3,12065.333176356691
4,7998.075295021744
