reservoir,value
1,28728.46478795566
2,0.0
3,12296.59613146541
4,368.1752950217442
