from,to,value
1,1,0.0
1,2,0.0
1,3,0.0
1,4,0.0
1,5,0.0
2,1,2871.136367942141
2,2,0.0
2,3,0.0
2,4,0.0
2,5,0.0
3,1,1000.0
3,2,0.0
3,3,0.0
3,4,0.0
3,5,1111.5279860387723
4,1,0.0
4,2,0.0
4,3,0.0
4,4,0.0
4,5,1798.4733050252817
5,1,2910.001291064054
5,2,0.0
5,3,0.0
5,4,0.0
5,5,0.0
