reservoir,value
1,26023.267243031474
2,4895.863632057859
3,4381.495584703745
4,4870.526694974718
