reservoir,value
1,98088.42558380752
2,0.0
3,21091.108134469156
4,12744.9
