reservoir,value
1,16745.784164959394
2,3215.0235366318966
3,3990.0474896397086
4,2713.3771499185045
