reservoir,value
1,54479.83615745291
2,0.0
3,18734.443252110857
4,10548.68064965143
