reservoir,value
1,16978.141851310625
2,10180.390622987772
3,3847.225693411744
4,1652.3696824750075
