reservoir,value
1,17995.45750289371
2,0.0
3,5910.03526888756
4,326.20952597084596
