reservoir,value
1,18361.481371421105
2,4891.665622672349
3,3306.6943744795676
4,2438.416437220044
