reservoir,value
1,131135.3736189618
2,2419.0135120647656
3,5732.309639064694
4,11458.398876430765
