reservoir,value
1,14231.860891725999
2,10628.112047551724
3,4228.117497710742
4,4017.8013688973915
