reservoir,value
1,110836.40352041356
2,3210.487551313987
3,28758.16526071066
4,9132.80136889743
