reservoir,value
1,62207.77783294402
2,6444.988094289367
3,24495.541934021152
4,16140.117136220593
