reservoir,value
1,60952.53340452693
2,5269.988094289367
3,25991.064054910043
4,8510.217136220454
