reservoir,value
1,60387.20762547913
2,8737.24894527279
3,16416.81802559034
4,14701.71835211718
