reservoir,value
1,165443.66612811806
2,9766.893104661147
3,51806.1
4,7071.8183521171795
