reservoir,value
1,20091.32890809752
2,11837.643462542299
3,4526.100907889543
4,3432.6829138129897
