reservoir,value
1,80279.6885422638
2,0.0
3,22453.504465133075
4,12603.582913812988
