reservoir,value
1,31945.498296344835
2,3637.3585034910775
3,6945.48389244364
4,6512.968838337865
