reservoir,value
1,139697.67894969098
2,0.0
3,28787.650139760288
4,12744.9
