reservoir,value
1,21524.672866270732
2,1917.1085280511961
3,5254.758491297026
4,11954.288208578904
