reservoir,value
1,71201.18912506191
2,0.0
3,15817.74730286069
4,11669.763444131218
