reservoir,value
1,15253.680525961077
2,9985.33389932878
3,5475.231234727424
4,8009.845829797047
