reservoir,value
1,57019.59816817488
2,16521.03389932878
3,11123.651851655128
4,4283.201943790151
