reservoir,value
1,54367.835413976994
2,7404.270723287943
3,22432.97987245763
4,13978.696149886711
