reservoir,value
1,86906.135413977
2,197.67072328794256
3,25391.279872457628
4,0.0
