reservoir,value
1,10037.341843196435
2,19152.120322903364
3,3225.434144393281
4,4278.291099868777
