reservoir,value
1,67921.9176422138
2,19617.2
3,15549.320616927704
4,3903.256113993103
