reservoir,value
1,54460.14093712322
2,8966.858999189193
3,12244.274076656637
4,13645.776694883138
