reservoir,value
1,131215.62923377537
2,0.0
3,20796.42072621587
4,8641.494254810032
