reservoir,value
1,85573.24463135641
2,4364.042487582987
3,19631.36143916263
4,26199.239885273775
