reservoir,value
1,102409.04463129173
2,9063.94248764816
3,22589.661439162628
4,0.0
