reservoir,value
1,73325.39987743627
2,5340.239594751345
3,16565.224416351775
4,15217.21418134692
