reservoir,value
1,117332.04415805909
2,14214.918454538576
3,21837.10501498061
4,12744.9
