reservoir,value
1,17334.827579391113
2,10188.530791244066
3,3810.2273070382016
4,2136.137960104735
