reservoir,value
1,101232.92416025323
2,0.0
3,16529.623726040976
4,8898.242433808018
