reservoir,value
1,29947.960196215798
2,3743.0966476147933
3,11543.752274030454
4,16985.829928612464
