reservoir,value
1,106318.45190937164
2,8495.02294943937
3,51806.1
4,10898.98312612695
