region,depth,value
1,1,2316.8
1,2,545.85
1,3,533.75
1,4,342.15000000000003
2,1,385.6812342562072
2,2,0.0
2,3,533.75
2,4,342.15000000000003
3,1,0.0
3,2,0.0
3,3,0.0
3,4,684.3000000000001
4,1,0.0
4,2,0.0
4,3,0.0
4,4,332.9217465760884
