reservoir,value
1,11213.366643391484
2,10674.673691160435
3,2917.72716308683
4,1412.8968490146008
