reservoir,value
1,24840.94385896158
2,34531.57290878333
3,3031.6979689193704
4,1302.911405628321
