reservoir,value
1,109290.80398548789
2,19617.2
3,1171.2953401820437
4,911.0823276400989
