reservoir,value
1,23931.00479420746
2,10161.369857730104
3,3890.9385905508243
4,2554.997030981599
