reservoir,value
1,62902.222883172784
2,6793.196817653384
3,37849.08225336579
4,11580.897030981549
