reservoir,value
1,40123.28106382073
2,4553.544802951092
3,8446.027897786018
4,12804.80417168058
