reservoir,value
1,72515.0258667715
2,0.0
3,12017.827897786183
4,10446.40417168058
