reservoir,value
1,33784.22591428206
2,3062.661895927869
3,8102.985508842479
4,10489.197404250244
