reservoir,value
1,137796.47958693275
2,0.0
3,30067.000474787128
4,12744.9
