reservoir,value
1,23038.012643874037
2,9501.281600678625
3,3082.3692282384286
4,2479.4410580207077
