reservoir,value
1,10889.2190781967
2,3438.593169666338
3,2064.3448499581145
4,4286.750604126166
