reservoir,value
1,17425.232826700212
2,4340.042877395683
3,3491.5926115690577
4,3084.8765251332225
