reservoir,value
1,78914.98010776847
2,4083.042877395683
3,0.0
4,2101.937755050564
