reservoir,value
1,43553.72597923498
2,1258.3960233776772
3,10769.439356410881
4,7733.312938447292
