reservoir,value
1,16477.859243721905
2,1159.9960233737393
3,2623.2393564108816
4,103.41293844729262
