from,to,value
1,1,0.0
1,2,2606.301451656638
1,3,600.0
1,4,0.0
1,5,12.302492228866868
2,1,0.0
2,2,0.0
2,3,0.0
2,4,0.0
2,5,0.0
3,1,0.0
3,2,0.0
3,3,0.0
3,4,0.0
3,5,0.0
4,1,0.0
4,2,0.0
4,3,0.0
4,4,0.0
4,5,1875.2975077711335
5,1,0.0
5,2,0.0
5,3,1887.6000000000004
5,4,0.0
5,5,0.0
