reservoir,value
1,14919.353200573103
2,10373.301451656638
3,3921.5532155796855
4,4461.7024922288665
