reservoir,value
1,90230.55964671445
2,0.0
3,33447.22678028051
4,12744.9
