reservoir,value
1,13941.410004839821
2,38291.42148136426
3,2042.9902616877664
4,1864.5217517645349
