reservoir,value
1,45616.13574625559
2,19617.2
3,1221.4253427818855
4,2717.5659564916386
