reservoir,value
1,19252.00363246551
2,23391.43463817633
3,3456.851102723038
4,3237.805460457601
