reservoir,value
1,12585.173043722094
2,17360.199158459363
3,22985.84197883974
4,4630.730219715259
