reservoir,value
1,26183.850689037936
2,18912.099451081052
3,3065.7831058760066
4,1468.9835314097702
