reservoir,value
1,118365.9710617517
2,9616.61290526313
3,5050.85078586801
4,4331.447979527218
