reservoir,value
1,19364.632609061722
2,15724.624223207356
3,3710.4439113916874
4,2973.8708432996286
