reservoir,value
1,108439.70881871923
2,6777.927173090135
3,21656.316023537365
4,12476.770843299628
