reservoir,value
1,10976.09827239785
2,24732.374396885796
3,3367.521211823766
4,3294.5776514328377
