reservoir,value
1,86141.57579901736
2,14861.361948199783
3,22224.786472534423
4,7254.865014124326
