reservoir,value
1,18982.13317632443
2,24875.50671380449
3,2741.535345139029
4,1383.2043409867943
