reservoir,value
1,48023.72122281248
2,12821.081237280103
3,12870.404196584748
4,2738.240220756387
