reservoir,value
1,48343.569630727645
2,11656.724763490336
3,7981.393295679909
4,10632.264414135534
