reservoir,value
1,81606.38378960403
2,18192.424763490337
3,20456.206874737625
4,3002.3644141355344
