reservoir,value
1,33911.08215987925
2,8168.30932022949
3,13998.491892271282
4,21019.91325238896
