reservoir,value
1,129833.64012145848
2,0.0
3,19648.61032947886
4,8178.945592773329
