reservoir,value
1,16766.882609791242
2,2667.713360703317
3,3663.4640949355626
4,3322.513536673112
