reservoir,value
1,104902.44074752743
2,0.0
3,14199.44375614724
4,8437.51353667307
