reservoir,value
1,37583.45602611392
2,9154.051665542249
3,17745.310110192295
4,4003.606709323654
