reservoir,value
1,94662.21893376551
2,4996.808951353442
3,51730.963803481085
4,450.0151019030733
