reservoir,value
1,20917.837387569758
2,7869.243740895661
3,4477.413490376648
4,3682.5502156650336
