reservoir,value
1,100635.80818968671
2,624.8654768377717
3,25724.204811256073
4,12184.130457809759
