reservoir,value
1,15551.484109624551
2,10315.611147288939
3,3099.4695196944126
4,1703.0375313140555
