reservoir,value
1,89358.57430196638
2,751.2516817037613
3,8902.130991366437
4,2615.555784181126
