reservoir,value
1,31553.9434191107
2,5311.221605853606
3,11182.52048518998
4,15283.045813085017
