reservoir,value
1,0.0
2,0.0
3,1281.6204851899802
4,2430.2130895470036
