reservoir,value
1,19453.919426879234
2,6997.50817023305
3,4876.61735981284
4,2408.6797469769517
