reservoir,value
1,22184.53626288737
2,0.0
3,4645.859371754023
4,2452.3247316298757
