reservoir,value
1,21836.106222406255
2,4418.7645911770505
3,3795.805334245561
4,6222.112537688655
