reservoir,value
1,115387.22092256212
2,0.0
3,9089.271403736595
4,11337.112537688656
