reservoir,value
1,47442.20294926095
2,5240.441437307869
3,6848.666936940097
4,4459.707477476673
