reservoir,value
1,18758.93614613343
2,4187.071821532319
3,3940.4000352737903
4,2318.368354163007
