reservoir,value
1,55356.57341606585
2,0.0
3,34550.88788310308
4,7782.845208267484
