reservoir,value
1,18684.76923173286
2,16705.83289021971
3,4048.8081667176752
4,5020.8226619505685
