reservoir,value
1,141835.13665015963
2,5438.697364071297
3,28217.299451200768
4,12744.9
