reservoir,value
1,34744.64774876647
2,7312.408298801973
3,11890.048803079062
4,18025.472035476985
