reservoir,value
1,111898.76272808442
2,6322.741761854933
3,51806.1
4,10395.572035476986
