reservoir,value
1,42466.722362724104
2,7641.79940363686
3,28506.317436143723
4,16193.084968425766
