reservoir,value
1,15065.765965572715
2,3357.2290466217437
3,51806.1
4,12170.023650458581
