reservoir,value
1,33582.99916089655
2,7975.1514058048015
3,9573.636736668239
4,13356.143363099505
