reservoir,value
1,119649.28772076062
2,0.0
3,28447.42808576438
4,12744.9
