from,to,value
1,1,0.0
1,2,0.0
1,3,77.73301978573984
1,4,0.0
1,5,0.0
2,1,1842.0320158663671
2,2,0.0
2,3,0.0
2,4,0.0
2,5,0.0
3,1,0.0
3,2,0.0
3,3,0.0
3,4,0.0
3,5,0.0
4,1,0.0
4,2,0.0
4,3,0.0
4,4,0.0
4,5,1090.866980214709
5,1,0.0
5,2,0.0
5,3,1090.8669802142606
5,4,0.0
5,5,0.0
