reservoir,value
1,19838.817780449834
2,5833.967984135487
3,5198.895759726411
4,2681.2136429742313
