reservoir,value
1,84764.33859627543
2,0.0
3,23408.685246823137
4,6690.5112227897625
