reservoir,value
1,16875.453196121067
2,6403.212860877941
3,2532.402484077903
4,2525.0124888335913
