reservoir,value
1,21489.901579366426
2,8764.218124218583
3,3406.710108278734
4,6005.560686493796
