reservoir,value
1,97862.34536890747
2,0.0
3,28297.741518926206
4,12744.9
