reservoir,value
1,21919.14991774098
2,7623.82279442175
3,3999.7839955043
4,2731.2171019279904
