reservoir,value
1,80387.02318452513
2,0.0
3,16542.15091331799
4,8577.497696182385
