reservoir,value
1,21232.24365158441
2,6685.9103445181945
3,3575.9575627290837
4,11816.531526743023
