reservoir,value
1,20785.52895802926
2,9467.866867522236
3,4278.71118659069
4,3276.276493376637
