reservoir,value
1,120980.04735549846
2,0.0
3,20068.21485312153
4,10481.104473703503
