reservoir,value
1,17981.180778247523
2,5034.145588440474
3,3803.628433837446
4,2574.010802043148
