reservoir,value
1,73957.10498899061
2,0.0
3,6165.561368313689
4,7689.01080204424
