reservoir,value
1,19263.787764831413
2,7637.45661918899
3,5975.205552380978
4,2756.0400023961165
