reservoir,value
1,3850.989529643553
2,0.0
3,2236.2929295033537
4,0.0
