reservoir,value
1,30080.998858004576
2,2310.798039317572
3,4664.087587233684
4,12843.423135888343
