reservoir,value
1,95912.7501511323
2,0.0
3,11447.97289263188
4,12744.9
