reservoir,value
1,31803.89817556852
2,3466.632303804902
3,5697.682064169965
4,3990.840463003052
