reservoir,value
1,185580.5573071319
2,3772.5705041358597
3,39018.137052670085
4,12744.9
