reservoir,value
1,20612.161842837766
2,4432.925442501714
3,4848.600214307212
4,3597.3974491918416
