reservoir,value
1,64490.223244245455
2,0.0
3,28342.39875368362
4,12744.9
