reservoir,value
1,12499.568716039823
2,36623.501790307455
3,2402.2487097407325
4,1823.2551186870705
