reservoir,value
1,7984.314584456442
2,19617.2
3,3964.274770513198
4,7990.125025183977
