reservoir,value
1,42688.155734710046
2,11867.724920418086
3,14668.974825306468
4,14058.13361431503
