reservoir,value
1,98651.40199860134
2,0.0
3,30638.955266977224
4,12744.9
