reservoir,value
1,16040.465004441478
2,4928.983887691624
3,5300.690160773056
4,4355.487919970892
