reservoir,value
1,69591.28955388287
2,0.0
3,20169.08448968707
4,12744.9
