reservoir,value
1,31728.33921189651
2,5693.550108760084
3,15589.111518806825
4,22129.844366772006
