reservoir,value
1,89028.66555245963
2,0.0
3,48771.59857761889
4,7475.196555568168
