reservoir,value
1,8258.904283555712
2,4429.541516235641
3,4058.3142418010298
4,2289.725840767812
