reservoir,value
1,21833.099157340894
2,0.0
3,9596.322369791695
4,9288.632524635264
