from,to,value
1,1,0.0
1,2,1285.861384919665
1,3,0.0
1,4,0.0
1,5,0.0
2,1,0.0
2,2,0.0
2,3,0.0
2,4,0.0
2,5,0.0
3,1,0.0
3,2,0.0
3,3,0.0
3,4,0.0
3,5,0.0
4,1,0.0
4,2,0.0
4,3,0.0
4,4,0.0
4,5,3053.0
5,1,2661.4000000001906
5,2,0.0
5,3,391.59999999999786
5,4,0.0
5,5,0.0
