reservoir,value
1,19593.59808270329
2,11057.456185432611
3,4498.552722260255
4,2162.831637415075
