reservoir,value
1,16948.290903995294
2,2135.5948005135597
3,5646.979454571799
4,1583.270883254849
