reservoir,value
1,18812.761777831085
2,13952.177905161014
3,3069.2273366861587
4,2019.246890339857
