reservoir,value
1,48501.02889590764
2,882.1779051610138
3,1762.4419862995255
4,7406.146890339856
