reservoir,value
1,50156.802189118775
2,10240.507737328022
3,6993.047772367596
4,8250.10199985211
