reservoir,value
1,199190.95913156337
2,5533.437737327994
3,43221.35498850012
4,12744.9
