reservoir,value
1,21083.68182746339
2,8232.121832457147
3,3246.361730191851
4,3542.792743928576
