reservoir,value
1,79755.21790421952
2,0.0
3,13651.227075787996
4,12472.052084794535
