reservoir,value
1,37325.03672299533
2,6266.805028463503
3,8519.497663530514
4,3584.1326569098374
