reservoir,value
1,70292.6966640078
2,7542.309403361157
3,10863.50039693545
4,18399.547618013166
