reservoir,value
1,125633.53953555778
2,0.0
3,17053.722608454154
4,0.0
