reservoir,value
1,18603.431338724076
2,4953.68315314255
3,4770.352595711221
4,2308.3190726365897
