reservoir,value
1,75828.19137393108
2,4017.2229303467184
3,33199.76497164709
4,1293.9557025666622
