reservoir,value
1,17479.264190591497
2,9866.533605707173
3,3298.4453960723285
4,2789.528096534053
