reservoir,value
1,65781.44297081976
2,6047.573152480748
3,3541.184211648517
4,458.88001066969537
