reservoir,value
1,94529.33799716357
2,4863.111583176913
3,34078.132949193016
4,21885.196366958917
