reservoir,value
1,16691.4894705942
2,0.0
3,0.0
4,9773.903375066413
