reservoir,value
1,199180.3255958436
2,10213.954133676501
3,49360.815622924034
4,12744.9
