reservoir,value
1,25693.24657270398
2,16524.13134929604
3,6638.644857314615
4,9045.96463460168
