reservoir,value
1,0.0
2,3442.63134929604
3,0.0
4,1416.0646346025937
