reservoir,value
1,86765.41914474983
2,19617.2
3,33982.58836264699
4,12744.9
