reservoir,value
1,32090.5879163369
2,2992.984218907114
3,7772.950284954075
4,5740.740688314959
