reservoir,value
1,21022.43980845143
2,8986.246038948491
3,2526.749099220619
4,2763.7805991768478
