reservoir,value
1,106267.72498626214
2,0.0
3,12078.230558389361
4,2949.9238275606476
