reservoir,value
1,38166.305274323044
2,4722.881946269076
3,5269.430444409075
4,9731.730744955563
