reservoir,value
1,187604.2692207602
2,0.0
3,18133.625379113382
4,12744.9
