reservoir,value
1,66255.45423315294
2,6110.173803796033
3,19543.867254476725
4,14040.855994110558
