reservoir,value
1,97697.32803694898
2,0.0
3,22502.167254476728
4,0.0
