reservoir,value
1,21148.71447631067
2,30237.783782051756
3,3488.9860439542135
4,1707.4772473888006
