reservoir,value
1,7340.3697789742855
2,19448.361960697046
3,2423.5146461091085
4,3721.428721660147
