reservoir,value
1,87906.11827830729
2,16635.367370538777
3,17066.28720584987
4,24850.86203554744
