reservoir,value
1,0.0
2,2689.0394339356462
3,0.0
4,17220.96203554744
