reservoir,value
1,140379.42102764372
2,19617.2
3,25297.64146467082
4,0.0
