reservoir,value
1,29228.645194406345
2,14286.502209805138
3,3978.5769474913386
4,5504.6524234057215
