reservoir,value
1,139728.95278808012
2,1205.0022098051377
3,19679.88139601919
4,12744.9
