reservoir,value
1,27663.56170595706
2,31022.551436679263
3,4375.637970657293
4,4390.451271205092
