reservoir,value
1,112411.25537744106
2,19617.2
3,25530.53560692676
4,9505.451271204533
