reservoir,value
1,102156.9517529548
2,10044.153639131147
3,27100.9994461507
4,21430.482323603195
