reservoir,value
1,116161.9517529548
2,13748.613639131174
3,30059.299446150704
4,5253.885943752683
