from,to,value
1,1,0.0
1,2,0.0
1,3,0.0
1,4,0.0
1,5,0.0
2,1,2472.057300367165
2,2,0.0
2,3,0.0
2,4,0.0
2,5,0.0
3,1,1000.0
3,2,0.0
3,3,0.0
3,4,0.0
3,5,2958.993668235083
4,1,0.0
4,2,0.0
4,3,0.0
4,4,0.0
4,5,385.30963979091484
5,1,3344.303308025998
5,2,0.0
5,3,0.0
5,4,0.0
5,5,0.0
