reservoir,value
1,19286.7408987445
2,4737.602930562605
3,3807.306331764923
4,3491.0619631958693
