reservoir,value
1,13489.720467461957
2,6282.575876948671
3,3459.461036826715
4,3339.2723261130905
