reservoir,value
1,61395.243835755966
2,0.0
3,18470.6268478797
4,12744.9
