reservoir,value
1,17280.19506723827
2,8908.876674849944
3,6227.377048071241
4,3768.169849145687
