reservoir,value
1,98422.61658296504
2,0.0
3,35888.920741480164
4,8883.169849145686
