reservoir,value
1,17648.576622267836
2,6340.029227171881
3,3282.303669446732
4,2659.6772612911573
