reservoir,value
1,104200.06615628194
2,0.0
3,5220.488513216456
4,6646.961229917331
