reservoir,value
1,51467.94399920087
2,9488.593362306452
3,10612.489955576035
4,8139.160800169358
