reservoir,value
1,64329.152233729095
2,2663.1622679232205
3,24454.343987052293
4,509.26080016935794
