reservoir,value
1,47530.96615368785
2,4893.447790361235
3,9216.589766801682
4,19515.012756563916
