reservoir,value
1,120844.47247904245
2,0.0
3,17962.25821670825
4,12744.9
