reservoir,value
1,53279.084337239365
2,3509.528912785545
3,16205.390535286166
4,12188.39663921695
