reservoir,value
1,122621.2177365126
2,8736.155235177794
3,6304.490535286166
4,4558.49663921695
