reservoir,value
1,15007.685068731229
2,2467.646239541053
3,3126.355061963166
4,2882.532628692286
