reservoir,value
1,105627.18222560793
2,0.0
3,15243.26512664692
4,7800.1363908168005
