reservoir,value
1,65037.45558197699
2,8292.60054829871
3,22951.789350753366
4,22725.856845439477
