reservoir,value
1,0.0
2,0.0
3,13050.889350753334
4,15095.956845439523
