reservoir,value
1,187388.8453938481
2,11269.003954065425
3,51806.1
4,12744.9
