reservoir,value
1,13597.517640246984
2,4129.3496609952235
3,4563.6832389895235
4,3205.212354857893
