reservoir,value
1,39645.34704072921
2,0.0
3,28064.090675834443
4,12563.112354857893
