reservoir,value
1,19210.76436341077
2,17753.43907162915
3,1784.704047213425
4,2317.009487561818
