reservoir,value
1,0.0
2,19617.2
3,247.24456471247558
4,2437.2156692858025
