reservoir,value
1,20678.016332799354
2,33952.40591680946
3,5190.385401847589
4,1476.7631151224164
