reservoir,value
1,14593.286250663275
2,19617.2
3,3614.415867984341
4,1712.7772238232264
