reservoir,value
1,21111.803009499086
2,5268.848906933339
3,4185.089910183349
4,3700.7600182881115
