reservoir,value
1,55669.59593143322
2,0.0
3,7585.777915711107
4,12744.9
