reservoir,value
1,16023.685937853737
2,7168.708291133124
3,3024.2089911521925
4,2513.0116273695953
