reservoir,value
1,58952.47822051181
2,0.0
3,10759.715307092556
4,6484.452200714699
