reservoir,value
1,29347.999325829194
2,6618.404194501856
3,8507.271775381101
4,11011.649767130682
