reservoir,value
1,27421.29287057218
2,0.0
3,19172.075841232498
4,8326.41471727609
