reservoir,value
1,65163.340119826964
2,5784.358594394329
3,19208.142101754867
4,8854.22162413467
