reservoir,value
1,29055.00639884507
2,14990.798594394328
3,43988.788657040015
4,2153.2216241346705
