reservoir,value
1,29661.41684452886
2,19609.646345763093
3,3967.4591433506093
4,4312.150076668374
