reservoir,value
1,137517.70414839548
2,13363.541680426566
3,17556.79873753703
4,12744.9
