reservoir,value
1,32773.42912937401
2,15875.430616080152
3,9025.36319486436
4,15407.240226510658
