reservoir,value
1,63927.81780222739
2,2793.9306160801516
3,27131.508216636048
4,11514.633601938613
