reservoir,value
1,49030.79477580702
2,2864.48332347595
3,8832.085864855559
4,11881.269003046365
