reservoir,value
1,32467.797986241225
2,0.0
3,4964.06215580478
4,4251.369003046366
