reservoir,value
1,33530.82353729596
2,13813.969118544588
3,5654.686597639013
4,4250.825428528216
