reservoir,value
1,18332.505257749424
2,732.469118544645
3,0.0
4,0.0
