reservoir,value
1,28791.076988847715
2,19916.895334663943
3,4944.054735570329
4,8258.15525920644
