reservoir,value
1,144174.277227199
2,6835.3953346634735
3,23490.23959418642
4,12744.9
