reservoir,value
1,27364.816813093617
2,11129.143293609945
3,3962.542647724801
4,2181.7854127967944
