reservoir,value
1,478.70751307573664
2,586.8847908256694
3,0.0
4,1202.4222748357524
