reservoir,value
1,28292.290343463173
2,7765.856308417263
3,5361.080038792231
4,9146.597636950346
