reservoir,value
1,86034.27923555233
2,0.0
3,7499.332598939225
4,0.0
