reservoir,value
1,82163.72899325192
2,6439.20603258805
3,33275.867058652424
4,25344.51778185736
