reservoir,value
1,140976.03065386653
2,0.0
3,47701.387220859935
4,12744.9
