reservoir,value
1,40915.91513406823
2,8919.144087944404
3,5348.929774409944
4,14224.904624200795
