reservoir,value
1,61754.52302508976
2,15454.844087944404
3,42774.82886217842
4,9656.01564158028
