reservoir,value
1,50193.72668650465
2,6798.3964601568805
3,17613.69283449558
4,9893.248657602495
