reservoir,value
1,119251.40970326144
2,19617.2
3,34828.738402483585
4,2602.38193545746
