reservoir,value
1,20228.79128269829
2,17593.73498732978
3,3177.9651836374196
4,2903.3608185979083
