reservoir,value
1,117374.55768518292
2,10850.922599076092
3,23757.764634838193
4,12074.2608185979
