reservoir,value
1,18997.500032516415
2,2333.858719729759
3,4825.557643295922
4,5008.355240456256
