reservoir,value
1,82507.00450544615
2,18932.98018540859
3,34469.52774551659
4,10123.35524045676
