reservoir,value
1,66509.63015059078
2,4825.878092523059
3,13883.328126344746
4,8319.619042125752
