reservoir,value
1,144681.0083307639
2,1630.0332487962032
3,3982.4281263447465
4,689.7190421257528
