reservoir,value
1,44472.3290612285
2,5204.777571759761
3,10379.933450894418
4,13465.548702150805
