reservoir,value
1,0.0
2,0.0
3,479.03345089438255
4,5835.648702150806
