reservoir,value
1,35308.770867593645
2,9236.135645600361
3,9986.57467859451
4,6667.66686813065
