reservoir,value
1,49006.26292047675
2,7029.715026928336
3,1533.0611729514967
4,0.0
