reservoir,value
1,29521.375572001016
2,9867.252587156543
3,11364.23755898443
4,13919.706396977672
