reservoir,value
1,89061.4256394855
2,5639.573991488838
3,37646.31698443909
4,7485.9817875913795
