reservoir,value
1,15050.472625548533
2,15004.618888169376
3,3600.4205600312034
4,2206.095940389125
