reservoir,value
1,69373.6921114595
2,5655.3073636734225
3,17516.71729006512
4,9455.68417330634
