reservoir,value
1,37687.20567259385
2,3658.7793235141176
3,6847.399893478558
4,13561.832761482508
