reservoir,value
1,91510.60660189728
2,0.0
3,32739.609027557937
4,7386.832761482508
