reservoir,value
1,24689.4350579741
2,8117.623770558896
3,4287.848333460231
4,2069.98806743245
