reservoir,value
1,39710.12295801003
2,0.0
3,33354.98843823388
4,4804.682097693483
