reservoir,value
1,32243.28746556861
2,5099.726502289606
3,16054.90460092161
4,18165.216109121186
