reservoir,value
1,0.0
2,0.0
3,6154.004600921611
4,1012.7658173575146
