reservoir,value
1,94152.49070333994
2,0.0
3,51806.1
4,9522.550291763673
