reservoir,value
1,55396.41532369233
2,12545.322340399998
3,13464.320161499652
4,10647.623360311065
