reservoir,value
1,87934.71532369233
2,5338.722340399998
3,16422.620161499653
4,2763.4666603456735
