reservoir,value
1,18316.271025804603
2,2844.039736448137
3,4843.465302248127
4,5012.578071874252
