reservoir,value
1,68410.47780578778
2,0.0
3,18560.03236756572
4,12744.9
