reservoir,value
1,37494.0525563314
2,8392.167581399335
3,7443.831982780872
4,13047.291188262365
