reservoir,value
1,125683.19472591301
2,0.0
3,19701.64946594601
4,12744.9
