reservoir,value
1,12223.858442460081
2,10493.828668077993
3,4958.4331716886945
4,1988.8323417609906
