reservoir,value
1,25547.666517042147
2,799.4640676930522
3,26300.900366936155
4,936.5448563126645
