reservoir,value
1,20176.603258557
2,20079.728703130124
3,2278.5621991326107
4,1891.2029302401377
