reservoir,value
1,15724.03386915689
2,19617.2
3,5292.392864593058
4,4878.777326273605
