reservoir,value
1,39144.811027937845
2,11710.60682918567
3,8252.442707903303
4,11791.859583277635
