reservoir,value
1,74189.61102793827
2,4504.00682918525
3,11824.242707903284
4,9433.459583277636
