reservoir,value
1,54007.56215467832
2,13806.81050905587
3,14088.214133741467
4,18244.79755542507
