reservoir,value
1,100576.12738832318
2,1680.4152638186242
3,30105.28768756339
4,12744.9
