reservoir,value
1,65493.656752669034
2,3183.46260932977
3,29967.9388980663
4,21328.775187253385
