reservoir,value
1,0.0
2,0.0
3,24924.280866686197
4,13698.875187253385
