reservoir,value
1,177418.4648498317
2,0.0
3,46948.85803138011
4,12744.9
