reservoir,value
1,62545.47167615949
2,10694.200952939995
3,16807.05732742659
4,17123.09800877692
