reservoir,value
1,0.0
2,0.0
3,3319.2109007007284
4,9493.19800877692
