reservoir,value
1,163824.08471226634
2,16047.288505371605
3,51806.1
4,12744.9
