reservoir,value
1,39019.58218530884
2,11364.901549277894
3,4459.109336030668
4,15843.160777867495
