reservoir,value
1,66069.39106285825
2,0.0
3,3448.5593360301427
4,12744.9
