reservoir,value
1,27314.667949232753
2,31140.314568983416
3,2613.008466685567
4,1523.0213599235788
