reservoir,value
1,53466.233531635604
2,19617.2
3,8644.909526973848
4,3664.669437387266
