reservoir,value
1,15218.25542029542
2,3678.669963695341
3,3084.3187337507934
4,2480.775289751293
