reservoir,value
1,73859.73310875654
2,0.0
3,18252.59704417444
4,11774.99531174461
