from,to,value
1,1,0.0
1,2,5430.500000000051
1,3,151.97029761223777
1,4,0.0
1,5,0.0
2,1,0.0
2,2,0.0
2,3,0.0
2,4,0.0
2,5,0.0
3,1,0.0
3,2,0.0
3,3,0.0
3,4,0.0
3,5,0.0
4,1,0.0
4,2,0.0
4,3,0.0
4,4,0.0
4,5,239.6297023875342
5,1,0.0
5,2,0.0
5,3,239.6297023877626
5,4,0.0
5,5,0.0
