reservoir,value
1,31427.000856376322
2,15450.003165338554
3,4413.428910956877
4,2519.667892056381
