reservoir,value
1,38334.694111998666
2,2368.503165338503
3,27867.517349190755
4,748.9796921390486
