reservoir,value
1,50924.63328511259
2,6930.432356877826
3,16972.542896424202
4,16397.321704966707
