reservoir,value
1,102921.85924913542
2,0.0
3,27108.367457033062
4,6495.128292198133
