reservoir,value
1,20312.856446167425
2,18409.421533942055
3,5555.324484027412
4,11893.881482129918
