reservoir,value
1,61713.174248394775
2,8121.852150022207
3,23958.732700663542
4,12744.9
