reservoir,value
1,53848.354447450554
2,5983.5772740297225
3,15253.667021159079
4,6226.020773118378
