reservoir,value
1,13639.975220569831
2,5444.5772740297225
3,5352.767021159079
4,0.0
