reservoir,value
1,18314.371463497173
2,4720.494806913237
3,4417.037263009164
4,3795.1875857767873
