reservoir,value
1,61203.29139221522
2,0.0
3,36150.48213270298
4,9327.087585776786
