reservoir,value
1,62391.549712280495
2,6921.385695472285
3,12452.12882693981
4,13006.745999856068
