reservoir,value
1,46267.527229755484
2,4702.305883500443
3,5671.76616566308
4,6045.643186027001
