reservoir,value
1,26080.942818451935
2,3566.931215701177
3,3108.641492796724
4,2832.062717652481
