reservoir,value
1,145455.17012421152
2,0.0
3,16545.02691512801
4,7905.15906023274
