reservoir,value
1,29312.866465241044
2,8035.850548191858
3,8010.9861471727245
4,11069.201450770588
