reservoir,value
1,107002.48022522303
2,0.0
3,32201.830142989216
4,12744.9
