reservoir,value
1,83561.8143894212
2,5556.039303778204
3,16002.30380638429
4,15740.600050197243
