reservoir,value
1,112157.55369319938
2,0.0
3,18960.603806384293
4,12744.9
