reservoir,value
1,45465.230784586005
2,3812.9752042775963
3,25210.67455100157
4,16943.67866380424
