reservoir,value
1,101030.81949621768
2,0.0
3,46988.02438223534
4,12744.9
