reservoir,value
1,19598.80684961046
2,4894.348584230289
3,4212.771706023302
4,3285.9416592611237
