reservoir,value
1,97055.06548507651
2,0.0
3,22098.263320321876
4,8219.234592331446
