reservoir,value
1,19574.879002832997
2,27862.95660329653
3,3748.987241723656
4,1537.108483780144
