reservoir,value
1,72277.85283549303
2,19617.2
3,3276.184015397218
4,5274.22014959897
