reservoir,value
1,62088.00000831582
2,4619.056403254235
3,13144.518074477786
4,15474.169888185948
