reservoir,value
1,39591.39477341412
2,3685.056403254235
3,3243.6180744777866
4,12515.720287821916
