reservoir,value
1,23870.912323028282
2,2689.901603991272
3,6810.1952531088755
4,9313.207856229863
