reservoir,value
1,102207.76594101028
2,0.0
3,24761.665346409143
4,12744.9
