reservoir,value
1,28792.002392519807
2,5621.0981624942015
3,4914.001383109193
4,7121.708961610798
