reservoir,value
1,148201.7405066577
2,0.0
3,21049.09307644258
4,12744.9
