reservoir,value
1,34041.19603876775
2,6739.984994674163
3,6992.076848138499
4,2896.9060491764826
