reservoir,value
1,15978.008658311897
2,9234.560887461766
3,2281.1566047969495
4,1748.6032616305272
