reservoir,value
1,10360.332617175838
2,0.0
3,9686.657488154495
4,6634.497122243439
