reservoir,value
1,20971.178739186653
2,3335.839000755704
3,7722.874280865233
4,5014.362634028888
