reservoir,value
1,55532.748087303524
2,3069.946528950938
3,13778.750975316136
4,18375.430305840124
