reservoir,value
1,107643.55853499332
2,0.0
3,18646.56844990657
4,5491.349912751154
