reservoir,value
1,41930.980613392036
2,8806.442008622464
3,13906.090783212943
4,13380.338588509887
