reservoir,value
1,0.0
2,0.0
3,4005.1907832129436
4,5750.438588509887
