reservoir,value
1,79212.71297316827
2,6163.874109859989
3,21520.98123856273
4,19588.334130929514
