reservoir,value
1,160168.124726123
2,6830.987748991163
3,41679.38068471343
4,4980.77384319535
