reservoir,value
1,18668.731417518487
2,11692.62136055221
3,2725.39279892542
4,2375.044483672699
