reservoir,value
1,36376.48054271874
2,18228.32136055221
3,5874.188997994914
4,2657.407789134292
