reservoir,value
1,26836.332623689366
2,11215.987298165703
3,4411.578112994958
4,6942.346249473754
