reservoir,value
1,156389.99819853395
2,8754.201597930094
3,18451.510660125863
4,12744.9
