reservoir,value
1,19715.119191883918
2,18062.331108856895
3,2681.493309229585
4,1196.68711121865
