reservoir,value
1,25773.641003139724
2,4980.831108856895
3,8602.824865873623
4,1676.7967578227037
