reservoir,value
1,20119.467917850434
2,14057.149795486223
3,3480.359482883836
4,2814.8715178446114
