reservoir,value
1,71483.05489247295
2,975.6497954862225
3,9686.773413119292
4,12317.77151784461
