reservoir,value
1,67782.1648772252
2,8505.481510121437
3,17388.94970525572
4,8926.374287200597
