reservoir,value
1,112870.56403339033
2,6130.994559849482
3,40821.014490989124
4,1296.4742872005972
