reservoir,value
1,34108.4590422835
2,18889.97415495261
3,7238.823345679412
4,12822.411166747048
