reservoir,value
1,0.0
2,4413.1624292464985
3,0.0
4,5192.511166747048
