reservoir,value
1,103117.36655708909
2,19617.2
3,25048.32067550506
4,12744.9
