reservoir,value
1,37654.152937830135
2,12906.476959057585
3,14147.650313709019
4,14407.820928071902
