reservoir,value
1,84496.5500674845
2,8853.821404332295
3,36182.97942545466
4,994.6753906092711
