reservoir,value
1,24261.55448556735
2,6229.62965836618
3,3953.7790515917636
4,2814.2645198386545
