reservoir,value
1,80332.34141815039
2,0.0
3,3225.050808336116
4,4005.947010970316
