reservoir,value
1,41254.98917296678
2,1617.0784274370399
3,17623.199964253603
4,20633.26814948003
