reservoir,value
1,106013.89685357003
2,0.0
3,44757.16984699487
4,12744.9
