reservoir,value
1,71041.10891908302
2,7461.322186170812
3,18497.659148682018
4,15658.411526898784
