reservoir,value
1,138074.62811655801
2,15467.685646254664
3,20201.057065420468
4,12478.723980350991
