reservoir,value
1,64540.16648738444
2,4679.615258889504
3,25020.051763299387
4,12874.223316198775
