reservoir,value
1,52008.77344422076
2,16849.738272456518
3,39172.17533126088
4,5244.3233161987755
