reservoir,value
1,21075.544147086035
2,30643.878388357516
3,4319.842121761869
4,2023.680673369644
