reservoir,value
1,44091.64724519841
2,19617.2
3,32068.373295180078
4,4692.961049926286
