from,to,value
1,1,0.0
1,2,5445.5
1,3,0.0
1,4,0.0
1,5,0.0
2,1,0.0
2,2,0.0
2,3,0.0
2,4,0.0
2,5,0.0
3,1,1000.0
3,2,0.0
3,3,0.0
3,4,0.0
3,5,1670.1127036097464
4,1,0.0
4,2,0.0
4,3,0.0
4,4,0.0
4,5,0.0
5,1,1469.860098737859
5,2,0.0
5,3,0.0
5,4,200.25260487188746
5,5,0.0
