reservoir,value
1,20708.47507761767
2,22789.17371670224
3,2390.201544163078
4,1776.8202805598319
