reservoir,value
1,62654.760596949636
2,9707.67371670224
3,363.47659878972195
4,3271.198491773389
