reservoir,value
1,19043.040113964547
2,26867.03763539249
3,2973.136675412178
4,2825.874455223188
