reservoir,value
1,103278.76629100287
2,19617.2
3,10000.700925604544
4,11222.848264790013
