reservoir,value
1,22001.46330087095
2,8389.617612127442
3,5630.889104140532
4,3696.0594265569935
