reservoir,value
1,180359.73835715852
2,14925.317612127443
3,43842.46364613401
4,12744.9
