reservoir,value
1,42909.76708994606
2,3914.093930840684
3,9177.877773070672
4,15659.688480637686
