reservoir,value
1,165436.45690029196
2,0.0
3,31862.912136785555
4,12744.9
