reservoir,value
1,72282.0947134973
2,4012.5661837211574
3,12185.14964364382
4,13362.45750194636
