reservoir,value
1,117516.09248046797
2,6832.243468874786
3,31349.62495600296
4,12744.9
