reservoir,value
1,43709.90452049855
2,6006.059062921799
3,16323.486957405874
4,17242.763401487755
