reservoir,value
1,145755.41993609106
2,3416.7731239400837
3,35165.350067982115
4,12744.9
