reservoir,value
1,12641.720915557507
2,5296.395404558811
3,4395.006404898484
4,2497.7012823344285
