reservoir,value
1,59609.91548748134
2,0.0
3,38553.56763244214
4,7868.850836804466
