reservoir,value
1,48482.109124582516
2,4218.38157685427
3,16433.493174379295
4,24747.611661758227
