reservoir,value
1,99487.9488131403
2,3832.0369336463045
3,24140.826385333778
4,9601.052880079867
