reservoir,value
1,36852.474026621254
2,11194.094071225492
3,9783.749638480262
4,3562.6881008581495
