reservoir,value
1,12175.558335783124
2,5839.364371998874
3,3602.628604953432
4,1631.5757683425873
