reservoir,value
1,15779.781820884979
2,7992.923247484749
3,5044.921049292307
4,3401.110894616244
