reservoir,value
1,14983.4740578238
2,14240.503479962554
3,4366.83202976126
4,2041.503704227206
