reservoir,value
1,44057.251667937795
2,1242.397139126746
3,15459.994239524767
4,3181.6551028011463
