reservoir,value
1,51171.944884738026
2,7378.213738069873
3,12859.838528643626
4,14497.38884167473
