reservoir,value
1,109924.07356935399
2,0.0
3,22352.391297520215
4,7217.354039960773
