reservoir,value
1,42293.63550513074
2,11519.71268280469
3,5896.266264741831
4,10720.451924507846
