reservoir,value
1,193048.61831301724
2,0.0
3,12967.627967590775
4,12744.9
