reservoir,value
1,16697.954921759294
2,11156.827081345906
3,3023.7640682961305
4,2411.6190504301917
