reservoir,value
1,3230.9260100334864
2,15435.52623980527
3,18810.858002581623
4,3993.9492701473296
