from,to,value
1,1,0.0
1,2,3185.131151198151
1,3,587.104
1,4,0.0
1,5,2353.641237661365
2,1,929.2113625322031
2,2,0.0
2,3,0.0
2,4,0.0
2,5,0.0
3,1,0.0
3,2,0.0
3,3,0.0
3,4,0.0
3,5,0.0
4,1,0.0
4,2,0.0
4,3,0.0
4,4,0.0
4,5,0.0
5,1,0.0
5,2,0.0
5,3,1055.3412376613749
5,4,1298.2999999999977
5,5,0.0
