reservoir,value
1,62257.29567727862
2,7999.147057872234
3,14911.332486875499
4,14451.439431442297
