reservoir,value
1,92110.52037416573
2,3083.553364479745
3,17986.33748687549
4,5881.97056089706
