from,to,value
1,1,0.0
1,2,1535.9489770295247
1,3,488.3651967332413
1,4,0.0
1,5,1616.5897494980675
2,1,1892.4391218599774
2,2,0.0
2,3,0.0
2,4,0.0
2,5,0.0
3,1,142.70587563585997
3,2,0.0
3,3,0.0
3,4,0.0
3,5,475.799651872297
4,1,0.0
4,2,0.0
4,3,0.0
4,4,0.0
4,5,59.15872650305464
5,1,333.5193434914514
5,2,0.0
5,3,762.322346418006
5,4,1055.7064379638996
5,5,0.0
