reservoir,value
1,31577.781417638394
2,8118.594941796333
3,7736.849251487758
4,11380.694947104488
