reservoir,value
1,100.50358040400242
2,27.754518094832335
3,204.70601510291027
4,3081.491408774423
