reservoir,value
1,125314.7403041821
2,1519.4259328162693
3,25531.572353882726
4,12485.504387734018
