reservoir,value
1,58556.5183754374
2,4163.756939725835
3,8634.947255397106
4,17025.417837799225
