reservoir,value
1,105800.54553948861
2,0.0
3,8696.78394985013
4,5848.589430543785
