reservoir,value
1,12299.801158140934
2,7442.583083565618
3,3112.369137472321
4,1616.0476628843558
