reservoir,value
1,18987.762200796442
2,0.0
3,2533.118742858519
4,4840.017407787446
