reservoir,value
1,22074.138277478556
2,6927.546957957687
3,4190.894693515163
4,3576.029023987158
