reservoir,value
1,88167.41954082405
2,0.0
3,15422.261768629929
4,12744.9
