reservoir,value
1,112407.28112157143
2,7143.992634847105
3,22516.49137760487
4,15509.387831154461
