reservoir,value
1,126412.28112157143
2,9872.452634847114
3,25474.791377604874
4,12744.9
