reservoir,value
1,35499.84453214452
2,3174.7845979463173
3,9787.72499209808
4,4788.6059753440995
