reservoir,value
1,26660.409542212583
2,5117.5663077393465
3,9796.980766377026
4,6825.353761764678
