reservoir,value
1,9688.924806472496
2,0.0
3,3415.2370621409973
4,0.0
