reservoir,value
1,39824.64655921668
2,25523.796602757684
3,12530.089240365995
4,8153.819487207787
