reservoir,value
1,0.0
2,418.5457317621476
3,2629.189240365995
4,523.9194872077869
