reservoir,value
1,37967.187451099424
2,2589.1531123592126
3,11696.895764693025
4,21108.884169282755
