reservoir,value
1,90163.22867689039
2,0.0
3,19228.917465195715
4,12744.9
