reservoir,value
1,56964.30171115353
2,3981.630872517975
3,7871.552560147386
4,10252.299077357373
