reservoir,value
1,87967.13258367151
2,0.0
3,11065.352560147372
4,7893.8990773557425
