reservoir,value
1,48739.024216969105
2,12573.069373366325
3,6833.963456414381
4,10826.417176294723
