reservoir,value
1,108219.54975913922
2,13998.753776455966
3,10339.451136484626
4,3196.517176294723
