reservoir,value
1,50736.595056883816
2,4280.163883076337
3,11870.88222560749
4,15800.70141874097
