reservoir,value
1,77926.0662619085
2,16601.642627651545
3,6912.83869117542
4,11083.104366457279
