reservoir,value
1,17217.78703900113
2,27901.5255795758
3,2931.3145805237887
4,1874.7214571265358
