reservoir,value
1,145923.82714234057
2,19617.2
3,2414.5029479844075
4,7574.168394355236
