reservoir,value
1,25416.20452099257
2,10567.432331402777
3,17565.105287351642
4,10943.52368817907
