reservoir,value
1,113726.81856684365
2,8375.132710958771
3,40708.54018945743
4,12744.9
