reservoir,value
1,18657.459813556954
2,1626.4240868639095
3,3999.2433123223623
4,4763.6607400092425
