reservoir,value
1,125376.38462335343
2,0.0
3,17272.332578727575
4,12744.9
