reservoir,value
1,35510.60536350745
2,5586.816957424945
3,7904.494939921761
4,6912.043201434907
