reservoir,value
1,5182.065522367298
2,0.0
3,5763.907731757984
4,0.0
