reservoir,value
1,38737.50019448469
2,4305.3357337918915
3,12368.218599979467
4,9275.593423236245
