reservoir,value
1,96577.4654857043
2,1942.5006638863033
3,6110.280506247638
4,2985.4819130590786
