reservoir,value
1,82119.81267845083
2,8104.306247753196
3,17641.234249743804
4,16165.484086019485
