reservoir,value
1,128682.9584692684
2,18430.841926083292
3,28024.09707372602
4,12744.9
