reservoir,value
1,32778.376155111895
2,8792.331813221947
3,7257.348804497922
4,4250.389208721904
