reservoir,value
1,136728.92102267485
2,0.0
3,47685.40607139248
4,12744.9
