reservoir,value
1,19853.566521310036
2,16168.129827756282
3,5120.26612615032
4,6724.6464949979945
