reservoir,value
1,116168.12002584143
2,3086.629827756282
3,23742.48695703665
4,12744.9
