reservoir,value
1,43420.197314186844
2,11839.196377800481
3,11707.204905130555
4,8205.109954209125
