reservoir,value
1,54842.08766800616
2,19617.2
3,1806.3049051305552
4,2497.5982389995934
