reservoir,value
1,30356.559162574085
2,11417.992145465832
3,3946.1834446947996
4,2184.1780982376877
