reservoir,value
1,26825.45188611895
2,6126.282121300854
3,3605.3509396144964
4,3862.24797624447
