reservoir,value
1,19007.364242846874
2,13536.412469536812
3,3763.8737059414993
4,2640.7896568311608
