reservoir,value
1,76813.00385609345
2,14449.87180356657
3,18660.487045690923
4,11745.579086423153
