reservoir,value
1,26491.478276729817
2,4182.2060896778
3,7422.273643789712
4,11971.320330986293
