reservoir,value
1,82107.655224998
2,0.0
3,46292.9722214086
4,12744.9
