reservoir,value
1,28630.80075424502
2,3880.367318665096
3,4435.347861965278
4,9720.93725087142
