reservoir,value
1,144261.72583030316
2,0.0
3,23173.989266405213
4,12744.9
