reservoir,value
1,20601.83502846485
2,15408.506985430085
3,3116.016952751211
4,1806.6275021262031
