reservoir,value
1,16912.80656168735
2,2447.6524798603955
3,2336.0007470934243
4,5169.876217034869
