reservoir,value
1,35923.745232509275
2,5379.395263520549
3,12250.300602871703
4,13925.658306359497
