reservoir,value
1,146509.25331151695
2,0.0
3,31743.066247316834
4,12744.9
