reservoir,value
1,30327.79163316659
2,12741.015563717461
3,4943.884575627955
4,11965.665906496148
