reservoir,value
1,60423.71465825635
2,15114.359651661865
3,45573.413437806375
4,12744.9
