reservoir,value
1,15378.936175181261
2,30254.51396512912
3,5723.014915562423
4,1983.6931202188707
