reservoir,value
1,21807.61234730553
2,17173.01396512912
3,35446.727909771165
4,448.40451627832704
