reservoir,value
1,22128.90275725023
2,5823.925246662458
3,8518.997520501638
4,4458.549138280643
