reservoir,value
1,16074.303428079267
2,4556.83709728288
3,31796.471035479837
4,0.0
