reservoir,value
1,22014.63618796211
2,11683.952926507689
3,3647.029206232336
4,6828.114112144456
