reservoir,value
1,102610.8296381763
2,0.0
3,17327.953445434316
4,12744.9
