reservoir,value
1,32386.865880972928
2,12995.579326075062
3,8193.712943794357
4,5700.719412519005
