reservoir,value
1,36984.52069404994
2,19531.279326075062
3,0.0
4,0.0
