reservoir,value
1,39623.0440485517
2,6368.960847889287
3,7896.430723309426
4,3515.3869488796986
