reservoir,value
1,123585.67818017311
2,1817.8751562731195
3,0.0
4,0.0
