reservoir,value
1,49151.85006194966
2,6747.993061541937
3,8562.80729685478
4,18093.89465975872
