reservoir,value
1,3737.5500619496597
2,0.0
3,0.0
4,10463.99465975872
