reservoir,value
1,200717.6
2,4034.600707425783
3,34054.81027652363
4,12744.9
