reservoir,value
1,55679.55660720827
2,11350.199352856209
3,10514.90125197221
4,15791.982245535542
