reservoir,value
1,104912.32825806507
2,7842.856796847223
3,23000.313006125347
4,12744.9
