from,to,value
1,1,0.0
1,2,0.0
1,3,0.0
1,4,0.0
1,5,0.0
2,1,3761.9153665983035
2,2,0.0
2,3,0.0
2,4,0.0
2,5,0.0
3,1,1000.0
3,2,0.0
3,3,0.0
3,4,0.0
3,5,948.2543102180616
4,1,0.0
4,2,0.0
4,3,0.0
4,4,0.0
4,5,3051.7456897819384
5,1,4000.0
5,2,0.0
5,3,0.0
5,4,0.0
5,5,0.0
