reservoir,value
1,15669.495021821163
2,3776.0846334016965
3,2782.4319499243893
4,2427.6288801535825
