reservoir,value
1,51243.46481900615
2,0.0
3,6990.389339128168
4,6892.4181928353155
