reservoir,value
1,35585.437634639005
2,4396.868288746447
3,12958.096761985506
4,14087.387450383365
