reservoir,value
1,118804.447395672
2,0.0
3,23416.916066056627
4,12744.9
