reservoir,value
1,50649.08837456695
2,2293.862119157846
3,15028.597030705505
4,16678.069694967024
