reservoir,value
1,108885.91447470682
2,0.0
3,19472.66987649756
4,12744.9
