reservoir,value
1,20236.21537746511
2,20753.39358696299
3,8151.953730512459
4,6268.34745921449
