reservoir,value
1,86613.24963439451
2,19617.2
3,36346.73768670711
4,12744.9
