reservoir,value
1,36078.83430146425
2,15464.159296613443
3,8357.528186169933
4,12619.62497305268
