reservoir,value
1,124637.91645172649
2,2382.659296613443
3,15815.472956950203
4,12195.721329110474
