reservoir,value
1,17989.828146494376
2,21667.033758751084
3,2244.3546056204495
4,2796.115069643596
