reservoir,value
1,77967.70836027234
2,19617.2
3,592.5003724233684
4,2956.991261818289
