reservoir,value
1,19749.986390397553
2,4757.6562905828805
3,4148.613765798895
4,2270.84892649249
