reservoir,value
1,106056.58646401967
2,9800.967000892255
3,26185.17577254853
4,11441.74892649249
