reservoir,value
1,18541.3583654267
2,5805.886430281946
3,3338.9068226072095
4,6165.169218570246
