reservoir,value
1,130584.2569492457
2,0.0
3,6685.064638608058
4,12744.9
