reservoir,value
1,17668.081980089668
2,9974.804600923753
3,2980.78165414781
4,3096.416756941556
