reservoir,value
1,72583.38373793292
2,2371.9802751031184
3,23440.59298170545
4,12599.316756941429
