reservoir,value
1,22727.145863049052
2,12843.64585178336
3,3127.0271130490532
4,2331.8844266427786
