reservoir,value
1,135143.3199264314
2,563.381196648259
3,11091.817381974863
4,11276.163863181215
