reservoir,value
1,42533.59583894484
2,4051.86963622652
3,27073.3308961335
4,11302.877954727013
