reservoir,value
1,93929.80001203687
2,7715.813497195586
3,17172.430896133497
4,5471.434740542934
