reservoir,value
1,24030.558629888204
2,8633.435389123068
3,6229.828879384802
4,3263.3179488995806
