reservoir,value
1,28455.885923929553
2,17713.388475295425
3,0.0
4,0.0
