reservoir,value
1,34115.37763714558
2,10679.96909773742
3,4992.9908252593395
4,9848.636845297056
