reservoir,value
1,115989.88669038797
2,0.0
3,3033.973658611487
4,12744.9
