reservoir,value
1,42502.86900329693
2,16266.91097258752
3,11588.838923344707
4,13822.596430512993
