reservoir,value
1,127061.96147023348
2,15146.790943183973
3,18816.71029672674
4,9694.787621032185
