reservoir,value
1,11823.32037045808
2,9680.57339737536
3,2924.8112751189824
4,1538.713490900471
