reservoir,value
1,14888.79809806697
2,0.0
3,6161.987377122376
4,4247.307045160331
