reservoir,value
1,29904.817610566814
2,4423.239405125758
3,9261.13934343755
4,6648.905484162129
