reservoir,value
1,47806.98800868333
2,3884.2394051257465
3,15662.42694958316
4,0.0
