reservoir,value
1,37757.704348732674
2,4419.5357255662
3,11146.778951393946
4,18599.44588562554
