reservoir,value
1,100102.6986214182
2,0.0
3,28139.088030877123
4,12744.9
