reservoir,value
1,21346.79831881383
2,6698.54130968083
3,7046.618757077655
4,10147.408012201815
