reservoir,value
1,87091.33925946901
2,0.0
3,34841.63574151625
4,10402.389799793165
