reservoir,value
1,15723.611682028546
2,12355.88592643573
3,3330.511114053121
4,1974.757514459211
