reservoir,value
1,26739.104889439608
2,13553.346902561021
3,2439.3226991129986
4,2075.6745573551257
