reservoir,value
1,114029.68775703415
2,7015.0069025687935
3,2252.906048720471
4,4853.384044092485
