reservoir,value
1,29702.37030122048
2,7487.277625043678
3,6524.276764486174
4,4255.394735298778
