reservoir,value
1,0.0
2,1454.0142433375493
3,0.0
4,912.2453394249455
