reservoir,value
1,35423.78875143781
2,22920.544241134645
3,2665.5278824108764
4,1447.2419985748468
