reservoir,value
1,96852.09384981806
2,19617.2
3,7038.971014133211
4,2688.5133692097115
