reservoir,value
1,29992.006304701616
2,3588.4233969684105
3,3689.0338647936433
4,10806.344318142146
