reservoir,value
1,96002.28855317237
2,0.0
3,25664.152201818288
4,10834.779171835038
