reservoir,value
1,17103.881100688715
2,9504.03553843977
3,6371.353723409467
4,5631.99998583395
