reservoir,value
1,85362.73806874853
2,0.0
3,40679.866386763904
4,12744.9
