reservoir,value
1,29431.360917604477
2,12145.272603520507
3,3440.135525620346
4,3532.096342580216
