reservoir,value
1,157865.6489147367
2,5055.387175324222
3,23337.28542233174
4,12702.996342580258
