reservoir,value
1,77712.6069280721
2,2189.367842714959
3,25956.826384454333
4,19813.072551312616
