reservoir,value
1,92272.8340886301
2,0.0
3,33589.14081912243
4,12744.9
