reservoir,value
1,26702.635739231384
2,5380.573362958532
3,3750.950445604013
4,6478.5219946908455
