reservoir,value
1,91173.48124801306
2,0.0
3,5726.623338235093
4,12744.9
