reservoir,value
1,18487.960311690615
2,4889.049155445606
3,3951.7171434814936
4,1804.522287551868
