reservoir,value
1,16602.436437237084
2,3508.755129893716
3,9473.46157473516
4,3077.901175836219
