reservoir,value
1,22944.82697615749
2,10268.310847590928
3,3837.8546385446093
4,2940.512297417888
