reservoir,value
1,145943.3372132239
2,6982.179710293755
3,13788.03436349211
4,4456.283724291437
