reservoir,value
1,44100.841493142405
2,8667.744331042632
3,10268.698783235814
4,11431.511623343577
