reservoir,value
1,106482.10721254958
2,0.0
3,10904.114878304928
4,10872.63425914298
