reservoir,value
1,30200.04884922152
2,5057.245072473688
3,6863.429227739206
4,3186.1423890915103
