reservoir,value
1,96810.50417309203
2,7177.383860969058
3,0.0
4,1798.4567858159205
