reservoir,value
1,16502.30394149176
2,27888.26749613422
3,3379.897618634501
4,3124.9241588653836
