reservoir,value
1,100364.1902838657
2,19617.2
3,15349.36692050143
4,12150.824158865384
