reservoir,value
1,47370.61091420999
2,13961.725432252253
3,20661.790158256845
4,22481.75782727332
