reservoir,value
1,0.0
2,0.0
3,7642.594231968798
4,14327.437717523775
