reservoir,value
1,110878.36480092065
2,17833.426301824577
3,51806.1
4,524.4201097495433
