reservoir,value
1,59731.44471032114
2,12219.602721730682
3,6907.1220353674125
4,13424.36140662383
