reservoir,value
1,145978.63920933602
2,1688.9702930397252
3,4721.590285685594
4,12246.4020599264
