reservoir,value
1,21844.25895400539
2,3757.157858252836
3,4484.740845491037
4,4750.727014590739
