reservoir,value
1,28713.345711746544
2,10632.437619316195
3,7917.11179564298
4,10504.106548920256
