reservoir,value
1,71730.16013852422
2,0.0
3,0.0
4,4654.681955148861
