reservoir,value
1,49607.46496730769
2,11825.622269528887
3,13953.844183208279
4,14429.525880125286
