reservoir,value
1,53679.20789102238
2,19617.2
3,39709.19908776767
4,7321.632234333242
