reservoir,value
1,38507.063865345495
2,8236.351940404635
3,6953.681981905887
4,4277.373460555722
