reservoir,value
1,14597.105449078173
2,9798.897464012705
3,4246.473781876362
4,3341.8229240266355
