reservoir,value
1,45051.84654317241
2,1146.2074239769227
3,18642.69637324018
4,12744.9
