reservoir,value
1,53552.07452045285
2,11667.573300148963
3,11101.203232323624
4,14042.881286119005
