reservoir,value
1,107439.68589477174
2,7375.063010597189
3,21709.51301739855
4,6412.981286119248
