reservoir,value
1,18911.794661074207
2,5324.605562808457
3,3776.673964066359
4,3295.5609700282675
