reservoir,value
1,122137.32507117622
2,0.0
3,11839.084843770754
4,11617.183968624995
