reservoir,value
1,22936.543230328818
2,19014.56506588713
3,3266.44655025411
4,2114.0886055963047
