reservoir,value
1,126980.40921030464
2,5933.065065887131
3,4217.440576645835
4,9955.154185095234
