reservoir,value
1,65376.40539710447
2,4522.148360297524
3,17105.883828667433
4,22359.951419888086
