reservoir,value
1,63274.02644482283
2,12797.676422494496
3,7204.983828672723
4,12744.9
