reservoir,value
1,72669.04340254208
2,11839.031992215429
3,10938.711094285283
4,10639.117719506201
