reservoir,value
1,103350.5651032979
2,15020.115216726661
3,5959.4110942854795
4,5237.226645301713
