reservoir,value
1,39286.800035162785
2,11655.084178976187
3,11661.512602814071
4,13684.529304893395
