reservoir,value
1,73514.60003516279
2,4448.484178976187
3,14855.312602814061
4,11326.12930489441
