reservoir,value
1,50046.2597400472
2,3936.746339119073
3,11826.805995292967
4,20446.492542439024
