reservoir,value
1,98562.53704733182
2,0.0
3,23929.10673897949
4,12744.9
