reservoir,value
1,18055.750939356232
2,11607.877500876482
3,3563.120224706985
4,1448.5358567438695
