reservoir,value
1,16977.219533488358
2,0.0
3,1519.6801584792233
4,818.5517172933512
