reservoir,value
1,38289.774429576006
2,9434.655938889573
3,4230.543450569883
4,6311.126403454073
