reservoir,value
1,176873.77445962882
2,0.0
3,11739.357748341443
4,12744.9
