reservoir,value
1,47790.66973555356
2,5247.553262369429
3,11360.576583303347
4,15035.681496590136
