reservoir,value
1,182259.65460175544
2,10407.81129935226
3,32710.894115507992
4,9660.210965388385
