reservoir,value
1,15039.785430665504
2,32143.28899186654
3,2517.997848137483
4,1809.7438197915205
