reservoir,value
1,91091.56667431079
2,19061.78899186654
3,25229.78109020962
4,1864.2930644050582
