reservoir,value
1,23594.92518809926
2,28338.91040599221
3,2379.0809862480987
4,1610.470908291199
