reservoir,value
1,18001.552040660452
2,18147.67478377684
3,5734.764980996541
4,3379.9744144427877
