reservoir,value
1,16013.727717776754
2,5506.85334240094
3,3959.1141698339015
4,2254.7207536953697
