reservoir,value
1,52369.39550505069
2,0.0
3,28246.12035244097
4,9605.99590154148
