reservoir,value
1,22810.80766151673
2,14830.056571777193
3,2918.705735455325
4,1666.8216261373645
