reservoir,value
1,43072.789069835475
2,7030.30308979984
3,6158.627947518824
4,8206.929701114022
