reservoir,value
1,23032.52903228069
2,10284.14402809983
3,4713.751993344735
4,2221.4111082125246
