reservoir,value
1,102515.69981241117
2,0.0
3,38330.31237593587
4,2660.0362571469077
