reservoir,value
1,39883.10515723046
2,10496.38163968255
3,7278.675492751648
4,11975.562982496924
