reservoir,value
1,116756.8678713732
2,8761.129458456438
3,49183.87549275164
4,12744.9
