reservoir,value
1,38690.22369136332
2,10703.23668382108
3,9208.321594107025
4,2768.9779903167932
