reservoir,value
1,62213.127060716426
2,7427.050042184237
3,5787.769669260372
4,0.0
