reservoir,value
1,52752.464846615134
2,7550.124371863332
3,13386.905677754788
4,16469.953968394282
