reservoir,value
1,117004.64147228659
2,0.0
3,20359.71930407112
4,8969.542935920312
