reservoir,value
1,63230.526354992544
2,8457.365916923465
3,9770.57411353604
4,18122.850539304574
