reservoir,value
1,160057.5381370229
2,0.0
3,22400.67338697987
4,12744.9
