reservoir,value
1,27544.346358199335
2,9799.08492839598
3,6931.423537791171
4,8681.207661068314
