reservoir,value
1,102983.63798506129
2,3040.326690250913
3,48836.623537791165
4,12744.9
