from,to,value
1,1,0.0
1,2,5183.222987748257
1,3,0.0
1,4,0.0
1,5,303.3882200122355
2,1,0.0
2,2,0.0
2,3,0.0
2,4,0.0
2,5,0.0
3,1,0.0
3,2,0.0
3,3,0.0
3,4,0.0
3,5,511.5117799877751
4,1,0.0
4,2,0.0
4,3,0.0
4,4,0.0
4,5,0.0
5,1,0.0
5,2,0.0
5,3,0.0
5,4,814.9000000000019
5,5,0.0
