reservoir,value
1,20686.815180439255
2,14738.448394514362
3,2859.885774309294
4,2501.7487548570134
