reservoir,value
1,9199.396167846695
2,18340.99982766996
3,2430.7646648589216
4,4730.236886844119
