reservoir,value
1,34428.32259293574
2,6686.568585607987
3,6653.144755592631
4,15891.677617174748
