reservoir,value
1,81817.50903566726
2,0.0
3,9550.287463495772
4,0.0
