reservoir,value
1,93028.34372423896
2,4564.274703383853
3,13921.611385154732
4,9643.622992617691
