reservoir,value
1,94573.29123402055
2,3203.858235630526
3,4020.7113851547288
4,2013.7229926176915
