reservoir,value
1,103572.56259257309
2,6289.86076008168
3,38505.55136292528
4,24196.722305945652
