reservoir,value
1,0.0
2,0.0
3,3870.2201145954023
4,3821.922305945488
