from,to,value
1,1,0.0
1,2,0.0
1,3,0.0
1,4,0.0
1,5,0.0
2,1,3023.7080968430514
2,2,0.0
2,3,0.0
2,4,0.0
2,5,0.0
3,1,1000.0
3,2,0.0
3,3,0.0
3,4,0.0
3,5,40.85484113055023
4,1,0.0
4,2,0.0
4,3,0.0
4,4,0.0
4,5,821.5622636627395
5,1,862.4171047934985
5,2,0.0
5,3,0.0
5,4,0.0
5,5,0.0
