reservoir,value
1,28185.532157151596
2,6896.864982449965
3,5478.7734653364105
4,2307.594788499477
