reservoir,value
1,26514.356463075106
2,10116.67878230484
3,0.0
4,0.0
