from,to,value
1,1,0.0
1,2,3125.9017483627276
1,3,0.0
1,4,0.0
1,5,0.0
2,1,0.0
2,2,0.0
2,3,0.0
2,4,0.0
2,5,0.0
3,1,1000.0
3,2,0.0
3,3,0.0
3,4,0.0
3,5,149.32167206921483
4,1,0.0
4,2,0.0
4,3,0.0
4,4,0.0
4,5,672.2776547177161
5,1,821.5993267851629
5,2,0.0
5,3,0.0
5,4,0.0
5,5,0.0
