reservoir,value
1,15823.237178461333
2,9960.151748362423
3,2540.137560306501
4,1737.164684488126
