reservoir,value
1,5217.598688434573
2,0.0
3,2968.868219382787
4,3115.026617689805
