reservoir,value
1,62253.47363958288
2,22525.76408633765
3,13567.706011832464
4,20374.852341529146
