reservoir,value
1,0.0
2,9444.264086337651
3,0.0
4,12744.952341529146
