reservoir,value
1,140392.11682591576
2,19617.2
3,41253.457588043195
4,12744.9
