reservoir,value
1,31972.23748323029
2,9983.777990010953
3,4423.34225178581
4,9421.257451190404
