reservoir,value
1,96681.6140946566
2,0.0
3,29559.130282661998
4,12744.9
