reservoir,value
1,42730.56920668745
2,3355.0983632145135
3,17609.79283178706
4,16432.11270287535
