reservoir,value
1,104116.29239628083
2,11141.228424239116
3,7708.892831787061
4,8802.212702875351
