reservoir,value
1,21588.468129891386
2,6941.033271089464
3,3001.005311916054
4,2320.69909055335
