reservoir,value
1,15385.097355946382
2,4017.54849173675
3,25735.899128275338
4,1576.3637940760498
