reservoir,value
1,19715.911978617285
2,20914.44942767331
3,5143.175530091889
4,2564.50413879168
