reservoir,value
1,32967.02807560802
2,10872.432269960951
3,37306.898552827275
4,2694.4780460835736
