reservoir,value
1,21114.216976315925
2,16926.059959964237
3,4894.156302187603
4,5259.152759547957
