reservoir,value
1,54044.718170067776
2,3844.5599599642374
3,23291.222591363625
4,12744.9
