reservoir,value
1,18747.957116109385
2,6074.225403818502
3,3571.192126855969
4,2679.014756513721
