reservoir,value
1,86652.3366483521
2,4532.627721145447
3,4312.334044099319
4,4075.510969874093
