reservoir,value
1,48569.339279989916
2,4129.4504809613645
3,10160.833347580714
4,12076.964043536895
