reservoir,value
1,80536.98976095128
2,0.0
3,13732.63334758062
4,9718.564043536895
