reservoir,value
1,12294.798234961436
2,13849.375690233514
3,3696.6963226005373
4,3189.2741868532
