reservoir,value
1,57228.93729237631
2,19617.2
3,23291.564309757323
4,11943.988742504263
