reservoir,value
1,31945.556143178663
2,20033.678622280822
3,11081.617396117863
4,15734.120580523457
