reservoir,value
1,45568.185107143916
2,13946.92017856701
3,28576.30656616323
4,12214.716451287151
