reservoir,value
1,36994.564754751875
2,12307.069059873973
3,17913.653283063624
4,17382.93299520757
