reservoir,value
1,89488.22340877104
2,5490.296588925776
3,34575.444839805656
4,9753.032995207572
