reservoir,value
1,44366.41803454021
2,5541.197911297897
3,10422.627184150992
4,6628.666856239286
