reservoir,value
1,53533.96804039251
2,13234.717048536862
3,15489.31327183692
4,769.5088461779369
