reservoir,value
1,13633.169133212094
2,12808.9298924814
3,1758.2271168349864
4,1341.7016229605536
