reservoir,value
1,18882.68804450974
2,5906.1503414995095
3,15754.469240209028
4,8547.371483752682
