reservoir,value
1,28439.232816377953
2,6980.727291040202
3,5400.323650683942
4,3337.264408491188
