reservoir,value
1,83694.86341633095
2,7646.727406603007
3,0.0
4,0.0
