reservoir,value
1,25052.611922922748
2,9463.843018876873
3,4793.0584634458155
4,3776.939805717824
