reservoir,value
1,78632.96544839925
2,0.0
3,40511.38784782929
4,9183.476854104514
