reservoir,value
1,14758.948175515448
2,4175.215832679876
3,3281.43799411926
4,2506.911013654122
