reservoir,value
1,41421.759939628544
2,0.0
3,2886.3159098274555
4,7621.911013654083
