reservoir,value
1,19545.644155452046
2,3590.02665842263
3,3515.2609657258417
4,2137.536135785328
