reservoir,value
1,4924.528877518415
2,0.0
3,11712.158760470778
4,2645.1574549068464
