reservoir,value
1,13781.686943960784
2,5221.634005552757
3,3654.417418789928
4,2144.8353966390573
