reservoir,value
1,42357.21071666134
2,0.0
3,14582.612432922517
4,5900.263558025657
