reservoir,value
1,65596.07019815042
2,12662.497194813572
3,17641.3243604241
4,14484.378462881075
