reservoir,value
1,95842.37019815043
2,5455.897194813571
3,20599.624360424103
4,12125.978462876197
