reservoir,value
1,16950.15609571202
2,4359.041505640043
3,5146.1523355067
4,3643.1495544700374
