reservoir,value
1,84430.19916736557
2,0.0
3,44059.46122754365
4,8758.149554470037
