reservoir,value
1,16647.90036827455
2,15345.33113480352
3,2835.2710889508853
4,1844.480154188833
