reservoir,value
1,10795.660513810613
2,16456.177933114377
3,10802.88296722566
4,10178.889939700934
