reservoir,value
1,36948.06835853806
2,13479.163444896294
3,10693.01545602364
4,12418.800952220263
