reservoir,value
1,0.0
2,397.6634448962941
3,0.0
4,90.43014557897817
