reservoir,value
1,159798.22509800503
2,19617.2
3,23465.37032680808
4,12744.9
