reservoir,value
1,27051.41901058191
2,11948.889514366765
3,6207.604464594746
4,2036.954973811143
