reservoir,value
1,52878.00504599244
2,18484.589514366766
3,210.0999937754669
4,673.0394104561728
