reservoir,value
1,19818.448015535632
2,7459.529207366636
3,6959.069346839948
4,2383.4461471663067
