reservoir,value
1,840.6059145483384
2,7211.5138142116475
3,23653.40600055485
4,1209.703391751426
