reservoir,value
1,14492.622585724974
2,7631.347525977255
3,3370.775940005482
4,1928.251726865308
