reservoir,value
1,91185.54598611106
2,6383.825210777315
3,0.0
4,685.090538567656
