reservoir,value
1,10276.753022610552
2,2158.592960084912
3,2914.4031851332347
4,1702.0160180504222
