reservoir,value
1,37730.74767561514
2,0.0
3,20542.013569077422
4,8196.006340169186
