reservoir,value
1,18274.652885951597
2,3275.09423597466
3,3313.3743433917134
4,3792.1215830989454
