reservoir,value
1,136033.7971568766
2,4211.5897790074205
3,20313.555713864673
4,12547.503762124428
