reservoir,value
1,31058.254644820692
2,13597.87306412398
3,4148.731264183326
4,2545.152994704833
