reservoir,value
1,162479.82953896595
2,19617.2
3,22588.5836429046
4,9616.261835441877
