reservoir,value
1,14791.227597043868
2,10213.240953277298
3,2483.248134427708
4,1668.829658022355
