reservoir,value
1,38795.65277136536
2,0.0
3,5512.943759777825
4,1392.326917382784
