reservoir,value
1,19469.33163042159
2,9299.117271739655
3,4277.347304958711
4,2815.208072808439
