reservoir,value
1,52496.34687893856
2,10766.272405148993
3,0.0
4,839.5327654822944
