reservoir,value
1,30589.670871763083
2,3495.4291336618517
3,8570.545942706169
4,15864.979761852053
