reservoir,value
1,146106.54023835235
2,0.0
3,28447.08485861454
4,12744.9
