reservoir,value
1,28679.7275759701
2,11470.862760932538
3,5706.117217706946
4,3489.583277093949
