reservoir,value
1,92348.82201770024
2,0.0
3,31386.647150834637
4,12660.483277093948
