reservoir,value
1,55982.89547905942
2,9513.425909304678
3,6989.22776296926
4,9429.422635767705
