reservoir,value
1,90210.69547905987
2,2306.825909304678
3,10183.027762969257
4,7071.022635799284
