reservoir,value
1,91850.34936519175
2,7615.321039676797
3,12900.816245260228
4,17739.835384859438
