reservoir,value
1,149786.61446848966
2,15447.36625640338
3,8959.327339545707
4,12744.9
