reservoir,value
1,31818.62661616017
2,3844.9154598837513
3,2348.222734335381
4,7751.393230717791
