reservoir,value
1,101722.44671369868
2,0.0
3,24569.421878372294
4,12744.9
