reservoir,value
1,23361.746369676424
2,14320.992077216397
3,3825.375378049203
4,2270.150125000042
