reservoir,value
1,53741.50655032907
2,1239.4920772163969
3,4307.804059612982
4,1703.6895825529314
