reservoir,value
1,41042.42086055626
2,5482.414343188114
3,6975.886416666708
4,12376.157891067984
