reservoir,value
1,160421.21463870117
2,0.0
3,23394.38466299704
4,12744.9
