reservoir,value
1,17266.17498032898
2,5211.722258931974
3,4460.874963246204
4,3230.671844060992
