reservoir,value
1,65877.23970695294
2,0.0
3,39039.18974914724
4,5097.530925286561
