reservoir,value
1,22220.241143980296
2,15138.207338094735
3,4320.4872210836365
4,1991.9957613731096
