reservoir,value
1,14941.914592452345
2,2096.784377000373
3,2265.5722649346408
4,1940.228776604901
