reservoir,value
1,39747.80223767424
2,15159.192106357166
3,9473.211910418415
4,13652.553985993178
