reservoir,value
1,108268.49241358005
2,8022.595479253164
3,19874.795136323264
4,12744.9
