reservoir,value
1,59267.37923903793
2,10363.42453085633
3,26957.595841401057
4,14807.842775627862
