reservoir,value
1,75922.05799625405
2,13851.47984049869
3,33095.8298796254
4,12744.9
