reservoir,value
1,29924.569235453746
2,9970.736961675972
3,5283.240677421008
4,8014.374770449275
