reservoir,value
1,95351.0745504585
2,0.0
3,18614.530615354604
4,12744.9
