reservoir,value
1,68823.34938081316
2,8151.788603421161
3,8930.384916882003
4,17002.138833406723
