reservoir,value
1,185802.0101250818
2,0.0
3,16972.261702848944
4,12744.9
