reservoir,value
1,48022.16309915416
2,2941.2512113904013
3,9368.28333660838
4,18035.586039680402
