reservoir,value
1,161849.25829004895
2,0.0
3,14989.383958580027
4,12744.9
