reservoir,value
1,22127.471753325568
2,4803.5900917009
3,9254.28024127482
4,4752.8349231843185
