reservoir,value
1,68761.92344246342
2,10789.415302478215
3,0.0
4,0.0
