reservoir,value
1,25467.91946698887
2,7198.612209375498
3,8939.72836934272
4,5013.701094243476
