reservoir,value
1,6131.628912122727
2,0.0
3,9848.662955108446
4,0.0
