reservoir,value
1,15181.480504179352
2,9578.078867052238
3,2907.2383524760903
4,2038.7563941719318
