reservoir,value
1,36541.87095954732
2,0.0
3,16209.472457119873
4,11159.14865721764
