reservoir,value
1,24741.80553873389
2,3862.2043859105606
3,5818.274846234602
4,2200.7874512362705
