reservoir,value
1,16221.251793485131
2,30334.640752778818
3,3099.7181900438723
4,2217.5182481467505
