reservoir,value
1,40447.19807461437
2,19617.2
3,2361.224534506844
4,1194.8426671245713
