reservoir,value
1,41071.44297552861
2,8938.161490206567
3,4157.1704040034665
4,2544.149089190943
