reservoir,value
1,40716.5840830756
2,1330.720681101904
3,25262.11911837604
4,2703.8806331339515
