reservoir,value
1,54164.847779181466
2,3914.526903893223
3,10110.691051117934
4,8198.575785940277
