reservoir,value
1,85100.5746830747
2,0.0
3,13304.491051117311
4,5840.175785940277
