reservoir,value
1,20516.18491833281
2,22799.381351446384
3,2609.148775311596
4,1779.0596641745876
