reservoir,value
1,12024.974895042089
2,12450.412780969637
3,5437.203177512179
4,4241.816270770451
