reservoir,value
1,52827.90962378377
2,4056.855039636916
3,11558.060724261031
4,19063.819870329742
