reservoir,value
1,151222.27254669517
2,0.0
3,28808.076025451188
4,12744.9
