reservoir,value
1,29361.31927185679
2,2758.526882002246
3,20126.09788140296
4,12236.243363270001
