reservoir,value
1,0.0
2,0.0
3,10225.197881402972
4,4606.343363270026
