region,depth,value
1,1,354.4629879071072
1,2,63.70556337891717
1,3,53.375
1,4,47.900999999999996
2,1,113.99054299501513
2,2,16.375500000000002
2,3,21.35
2,4,17.1075
3,1,109.77871707834602
3,2,7.275194271562666
3,3,10.675
3,4,7.755266550176282
4,1,12.789082008673049
4,2,0.0
4,3,0.0
4,4,0.0
