from,to,value
1,1,0.0
1,2,2750.5127558969425
1,3,171.40874547496347
1,4,0.0
1,5,470.93002774358484
2,1,587.8970239208361
2,2,0.0
2,3,0.0
2,4,0.0
2,5,0.0
3,1,285.2705031032277
3,2,0.0
3,3,0.0
3,4,0.0
3,5,410.59667824240705
4,1,0.0
4,2,0.0
4,3,0.0
4,4,0.0
4,5,1664.485360213115
5,1,1648.556825448341
5,2,0.0
5,3,664.9549360168755
5,4,232.5003047319661
5,5,0.0
