reservoir,value
1,16270.846131003747
2,13980.251726254895
3,3337.97754189232
4,1910.487342861532
