reservoir,value
1,41518.96782657809
2,7066.962490390717
3,14898.808713332357
4,6104.830807016531
