reservoir,value
1,40612.93592760637
2,5738.802595251375
3,4805.668368494896
4,4481.677617144708
