reservoir,value
1,27989.52339164075
2,10934.441054725125
3,5067.036806011625
4,5729.345203370322
