reservoir,value
1,92780.34235161784
2,0.0
3,45619.22938438348
4,10844.345203368901
