reservoir,value
1,19512.90804209771
2,21779.796895631243
3,3546.0221179800183
4,2179.0271955246185
