reservoir,value
1,92356.42020486675
2,19617.2
3,34111.82163210651
4,10761.771807399025
