reservoir,value
1,44059.63352243818
2,6204.138575218001
3,9410.027181663561
4,6030.15132369793
