reservoir,value
1,53865.949314587604
2,3589.061356480611
3,13375.075250889498
4,14380.610402394235
