reservoir,value
1,74800.62160045994
2,4140.921697847079
3,13470.26660415211
4,9484.252693935663
