reservoir,value
1,46751.08252696923
2,14031.07702371703
3,4909.940910791689
4,11048.118242391109
