reservoir,value
1,173323.38066399214
2,949.5770237170309
3,17409.71429777156
4,12744.9
