reservoir,value
1,23933.16031184667
2,14825.726639421726
3,6176.846931272948
4,3691.8500047698885
