reservoir,value
1,93225.49366434356
2,10721.430518976222
3,45149.391716878796
4,7048.174247165545
