reservoir,value
1,33947.57798531642
2,23030.518404556395
3,3503.3440196070633
4,1746.2108357559446
