reservoir,value
1,70437.24181500958
2,9949.018404556395
3,1894.2158026192465
4,1440.1992862279901
