reservoir,value
1,17340.889431502972
2,7791.115130743277
3,2902.488335342772
4,1953.6587984097073
