reservoir,value
1,36490.77401927288
2,0.0
3,5584.135495424656
4,1001.6245871437569
