reservoir,value
1,27641.096044769663
2,6205.522153867872
3,3795.391837707892
4,4330.5357353585205
