reservoir,value
1,84202.69274909605
2,0.0
3,19151.379328016486
4,12360.67886040453
