reservoir,value
1,15185.699160526961
2,5752.489204671748
3,3997.470300377284
4,4393.751023289806
