reservoir,value
1,84884.7053294988
2,0.0
3,19892.135646786428
4,12744.9
