reservoir,value
1,42318.09926505403
2,12238.613094502505
3,10961.387064129618
4,10350.623502697255
