reservoir,value
1,97528.05133697047
2,18774.313094502504
3,31874.29922437831
4,2720.7235026972558
