region,depth,value
1,1,144.14718105319778
1,2,34.03300000000001
1,3,30.386999999999997
1,4,25.773596526235497
2,1,68.049
2,2,16.719
2,3,20.258000000000003
2,4,12.83185723266359
3,1,0.0
3,2,0.0
3,3,0.0
3,4,0.0
4,1,0.0
4,2,0.0
4,3,0.0
4,4,0.0
