from,to,value
1,1,0.0
1,2,2189.1366047761876
1,3,274.1265166878349
1,4,0.0
1,5,516.7693166350682
2,1,1201.1158882817733
2,2,0.0
2,3,0.0
2,4,0.0
2,5,0.0
3,1,306.86193165965227
3,2,0.0
3,3,0.0
3,4,0.0
3,5,715.027705966469
4,1,0.0
4,2,0.0
4,3,0.0
4,4,0.0
4,5,1006.9373920142766
5,1,1273.4910647701538
5,2,0.0
5,3,726.9867374513052
5,4,238.25661239431238
5,5,0.0
