reservoir,value
1,25298.69959443679
2,12003.820975579943
3,5325.02251892527
4,5799.197045297074
