reservoir,value
1,83.17591462186276
2,1468.930931993753
3,143.33442164442707
4,185.51281000005315
