reservoir,value
1,98375.44909134299
2,5661.2463141823655
3,28753.412510838687
4,12278.267802119071
