reservoir,value
1,24333.019347401292
2,25667.851323111565
3,3214.7262970757397
4,1960.2183299159096
