reservoir,value
1,21410.86977964753
2,16684.05143315526
3,8568.667110561852
4,9858.388131987012
