reservoir,value
1,41137.079248295835
2,24634.1528108526
3,4812.260474881723
4,8794.849012715722
