reservoir,value
1,186307.19936859596
2,11552.652810852574
3,2370.5724596849395
4,10428.435622968906
