reservoir,value
1,85335.949635708
2,9365.025916377808
3,55464.977976569964
4,25004.166845547297
