reservoir,value
1,0.0
2,0.0
3,39037.014356713444
4,17374.266845547296
