reservoir,value
1,130516.66779881231
2,7684.49971576114
3,51806.1
4,12744.9
