reservoir,value
1,33171.37815628256
2,4856.497041043904
3,7810.301015506606
4,4597.823020240712
