reservoir,value
1,24735.741941671426
2,13360.240793893028
3,4759.191322569589
4,3438.4239509356626
