reservoir,value
1,113040.93137310827
2,1038.9189495678493
3,24096.201445500083
4,12609.323950935663
