reservoir,value
1,30205.434004268012
2,17130.58596983814
3,8014.686478265372
4,4398.215970026359
