reservoir,value
1,92961.82207191645
2,19617.2
3,30813.812160248694
4,0.0
