reservoir,value
1,20862.05994936134
2,8942.532806445995
3,2961.938098065168
4,2110.0091495429892
