reservoir,value
1,27164.050047084194
2,0.0
3,7871.209057998919
4,7557.299807920445
