from,to,value
1,1,0.0
1,2,4213.17137555303
1,3,600.0
1,4,0.0
1,5,1254.6946566529857
2,1,0.0
2,2,0.0
2,3,0.0
2,4,0.0
2,5,0.0
3,1,0.0
3,2,0.0
3,3,0.0
3,4,0.0
3,5,0.0
4,1,0.0
4,2,0.0
4,3,0.0
4,4,0.0
4,5,863.9053433470983
5,1,0.0
5,2,0.0
5,3,2118.60000000004
5,4,0.0
5,5,0.0
