reservoir,value
1,13528.084776801748
2,11598.171375553036
3,3280.8413640010886
4,1575.259484979907
