reservoir,value
1,14604.906658750351
2,0.0
3,2647.9934614563153
4,2131.1934496124377
