reservoir,value
1,37365.073923184435
2,6066.4349985374465
3,5537.143476691232
4,10559.348870331734
