reservoir,value
1,144930.80759367326
2,0.0
3,20569.952025122424
4,12744.9
