reservoir,value
1,23376.60671532736
2,4422.320370426318
3,3653.139055800934
4,2739.07956374833
