reservoir,value
1,13412.77502686208
2,0.0
3,123.66235088906905
4,0.0
