reservoir,value
1,15252.196003315279
2,4941.636102703272
3,2289.95121574253
4,1806.8208651296536
