reservoir,value
1,37710.156443757776
2,6033.22044901811
3,19506.904590914346
4,10663.669860792112
