reservoir,value
1,26131.733199917864
2,22387.40730630193
3,4099.835117691801
4,1253.1776169174134
