reservoir,value
1,60678.086035410524
2,19617.2
3,668.4821993094829
4,3097.3977665162674
