reservoir,value
1,66119.29132606008
2,11016.228670427568
3,14428.76914241073
4,14608.290863225113
