reservoir,value
1,87364.37165085682
2,9574.157443991015
3,16836.711754153137
4,8657.764831459595
