reservoir,value
1,19070.710343259314
2,17178.527952564422
3,3438.1437548610998
4,1829.0792836953515
