reservoir,value
1,118705.59675619745
2,15648.878371719014
3,26178.36188443639
4,4051.2996370429755
