reservoir,value
1,36991.716123389095
2,29506.580595287815
3,7404.851090841219
4,3749.112634944552
