reservoir,value
1,55796.702826071014
2,5581.63047009305
3,11762.474838578615
4,17552.878783222077
