reservoir,value
1,64739.2300558265
2,9269.93635359285
3,7632.841004241718
4,12744.9
