reservoir,value
1,13597.955759169638
2,9958.684649172632
3,2530.9932070805244
4,2007.4644888624666
