reservoir,value
1,36191.00184436792
2,0.0
3,11150.149539065731
4,5855.548572617932
