reservoir,value
1,18513.92684534795
2,12752.64410463392
3,3082.9115981225764
4,1823.0804484818777
