reservoir,value
1,38789.9968525612
2,2890.2643777846297
3,11461.983994748458
4,5531.503506151588
