reservoir,value
1,42963.32141735159
2,13860.054103462227
3,6843.932878683943
4,10012.691451079416
