reservoir,value
1,47291.71630307521
2,778.5541034622274
3,3530.0403726436016
4,4946.526395955021
