reservoir,value
1,11677.10938673841
2,9339.841587594568
3,3095.9707386761697
4,2155.8172382633547
