reservoir,value
1,46963.68821829604
2,0.0
3,12456.597586555632
4,7542.717238263815
