reservoir,value
1,35410.76544868001
2,5684.214507527367
3,4965.875592592109
4,10769.715550706176
