reservoir,value
1,115352.70049056725
2,0.0
3,17963.111945923516
4,8478.247825788265
