reservoir,value
1,62426.013485764204
2,4199.052575161973
3,23125.901694240423
4,19431.999298637187
