reservoir,value
1,41254.61934996667
2,0.0
3,20606.31739583452
4,12744.9
