reservoir,value
1,14702.181864455706
2,12207.391746526864
3,3759.484456929806
4,1908.4730153840906
