reservoir,value
1,24396.945298447565
2,0.0
3,23916.329813659057
4,7324.551126614178
