reservoir,value
1,28564.40693673926
2,3832.8505934011246
3,7885.199120389172
4,4608.733906783704
