reservoir,value
1,41503.40868227953
2,4003.0356424008423
3,5734.652630110515
4,8436.670643912003
