reservoir,value
1,164863.16122497251
2,0.0
3,27696.66476689206
4,12744.9
