reservoir,value
1,29398.591742240533
2,15875.095333632458
3,11703.639787515527
4,14406.635826224698
