reservoir,value
1,114056.41170380186
2,11321.912425254897
3,23370.09106787942
4,12744.9
