reservoir,value
1,41399.82859824838
2,19728.38404140963
3,13405.542012839278
4,12485.48464489816
