reservoir,value
1,160956.01362100965
2,6646.88404140963
3,41718.98585633065
4,12744.9
