reservoir,value
1,49143.504614121586
2,30007.19465199044
3,10794.802387543412
4,11156.0347613249
