reservoir,value
1,149759.59074253606
2,19617.2
3,35590.435555751945
4,11208.001292154815
