reservoir,value
1,73922.55820007293
2,2889.185918669817
3,27684.999294892135
4,23934.257381330244
