reservoir,value
1,0.0
2,0.0
3,17784.099294892163
4,8104.63106729082
