reservoir,value
1,127211.76950430467
2,1527.3475605106855
3,51806.1
4,8199.726314039424
