reservoir,value
1,34253.35142916902
2,23693.2810056915
3,12244.121632548242
4,13598.802223351227
