reservoir,value
1,0.0
2,10611.7810056915
3,0.0
4,4849.1618404534565
