reservoir,value
1,88836.17257204556
2,19617.2
3,37244.84350533239
4,12744.9
