reservoir,value
1,36757.04086242664
2,2451.8380369077413
3,12545.180368158675
4,14624.837482479857
