reservoir,value
1,110394.50847052113
2,0.0
3,32989.53758400054
4,12744.9
