reservoir,value
1,23613.58356390873
2,16610.087645339787
3,2556.4943496046594
4,2314.0851373951323
