reservoir,value
1,0.0
2,3528.587645339787
3,0.0
4,1391.4733894838596
