reservoir,value
1,26264.98516189427
2,16103.577748072054
3,4822.917979765664
4,2949.0178641830553
