reservoir,value
1,112882.0189579815
2,19617.2
3,37784.61091807181
4,5853.697590198979
