reservoir,value
1,22936.89901745394
2,13243.576133500363
3,3971.8601088774794
4,4750.332316622832
