reservoir,value
1,94583.34864489557
2,162.07613350036263
3,17503.45358456768
4,12744.9
