from,to,value
1,1,0.0
1,2,1155.4871353484557
1,3,0.0
1,4,0.0
1,5,0.0
2,1,0.0
2,2,0.0
2,3,0.0
2,4,0.0
2,5,0.0
3,1,1000.0
3,2,0.0
3,3,0.0
3,4,0.0
3,5,124.94591007226724
4,1,0.0
4,2,0.0
4,3,0.0
4,4,0.0
4,5,2149.4812252761753
5,1,2274.4271353484687
5,2,0.0
5,3,0.0
5,4,0.0
5,5,0.0
