reservoir,value
1,22627.392850243843
2,8911.6457281176
3,3953.0622526543398
4,2438.885282631237
