reservoir,value
1,34520.96543396635
2,11417.785597014828
3,3076.2100518417083
4,2442.511083176613
