reservoir,value
1,24547.058803947344
2,3966.333067383004
3,5489.493546918397
4,3363.583206499768
