reservoir,value
1,14401.057306932948
2,2355.593067382968
3,2305.279287898161
4,2761.3216032922987
