reservoir,value
1,76655.13523444493
2,8264.472265514723
3,13639.542242955264
4,11047.294915710365
