reservoir,value
1,200717.6
2,8179.081341001379
3,28694.37118566227
4,5184.6052559554055
