reservoir,value
1,24705.58689122971
2,14723.484494868975
3,2954.081842122276
4,1988.3370151969061
