reservoir,value
1,112024.75532387051
2,7575.049560756106
3,0.0
4,6242.214396724441
