reservoir,value
1,13849.69771211686
2,5146.740684691967
3,2634.1224398348177
4,1431.2904372349983
