from,to,value
1,1,0.0
1,2,3546.0317654910177
1,3,0.0
1,4,0.0
1,5,0.0
2,1,0.0
2,2,0.0
2,3,0.0
2,4,0.0
2,5,0.0
3,1,0.0
3,2,0.0
3,3,0.0
3,4,0.0
3,5,0.0
4,1,0.0
4,2,0.0
4,3,0.0
4,4,0.0
4,5,2826.664041516064
5,1,1658.0640415160346
5,2,0.0
5,3,1168.6000000000317
5,4,0.0
5,5,0.0
