reservoir,value
1,22673.18630302205
2,11237.031765491018
3,4197.452974079063
4,3800.3359584839336
