reservoir,value
1,128251.29957702127
2,0.0
3,42237.7596718429
4,12744.9
