reservoir,value
1,43091.51900810917
2,17470.15339045634
3,5780.097281491118
4,3967.3623005622785
