reservoir,value
1,59622.75355726553
2,19617.2
3,9303.004571293977
4,0.0
