reservoir,value
1,12877.002623893435
2,4124.301156488621
3,2024.271910908663
4,1613.0491363150122
