reservoir,value
1,27640.98888642776
2,0.0
3,11497.79361858584
4,6787.444681388595
