reservoir,value
1,35857.47174305917
2,7174.448519532764
3,11948.201599291035
4,10153.802698215513
