reservoir,value
1,91793.430293731
2,0.0
3,6828.6756284430785
4,2756.642262125468
