reservoir,value
1,24381.478636448133
2,9156.484135080562
3,12799.751678274713
4,5682.976832543246
