reservoir,value
1,160296.85346393843
2,4666.874820222617
3,40185.274995584776
4,10797.976832543087
