reservoir,value
1,15904.825290739842
2,5904.046957935054
3,3763.2754439664677
4,2690.5181609681563
