reservoir,value
1,63507.291789498944
2,0.0
3,13476.237212597463
4,12048.418160968156
