reservoir,value
1,35488.69903135662
2,36876.38189552937
3,6778.81278078071
4,21176.965232633192
