reservoir,value
1,0.0
2,23794.88189552937
3,0.0
4,13547.065232633193
