reservoir,value
1,124614.92202160238
2,19617.2
3,19955.023820406797
4,12744.9
