reservoir,value
1,24813.619114200443
2,4735.239117145136
3,5487.344290814473
4,5836.680132006382
