reservoir,value
1,59568.557021849
2,0.0
3,23554.924714479057
4,12744.9
