reservoir,value
1,28012.80995846761
2,6250.747923390811
3,9881.101452307186
4,10290.19190697587
