reservoir,value
1,86444.18711741037
2,0.0
3,9398.584051246413
4,2660.29190697587
