reservoir,value
1,30020.11699536653
2,9992.74241387147
3,3025.1300751809845
4,2313.667291743154
