reservoir,value
1,93421.26619274559
2,4164.945674651624
3,0.0
4,0.0
