reservoir,value
1,34526.10152001163
2,19068.519877039827
3,8473.700742899999
4,17114.58897894848
