reservoir,value
1,0.0
2,1516.6108202237992
3,0.0
4,6434.5765999806645
