reservoir,value
1,129006.06299024579
2,19617.2
3,17389.511039626086
4,12744.9
