reservoir,value
1,58281.19544059927
2,6237.714891238452
3,12913.224539166775
4,15013.492167532677
