reservoir,value
1,90891.61033183773
2,0.0
3,15871.524539166776
4,12655.092167534369
