reservoir,value
1,55816.62885802549
2,6174.384247171537
3,19464.622625608743
4,10198.784747052734
