reservoir,value
1,75680.0983012846
2,11509.145565233768
3,40882.86174645819
4,3285.049452416776
