reservoir,value
1,47563.16619938107
2,32262.535434074423
3,7144.228076072655
4,2701.102722679675
