reservoir,value
1,52045.70762732139
2,19617.2
3,14095.944408675208
4,0.0
