reservoir,value
1,21815.711107328178
2,3981.590508875325
3,5769.093086019679
4,2661.7486151492367
