reservoir,value
1,27087.543609529792
2,4849.3915359403745
3,4674.975649145771
4,4131.283967263304
