reservoir,value
1,144793.58519885706
2,0.0
3,43013.52508024355
4,12744.9
