reservoir,value
1,30481.5225514209
2,12516.734777492458
3,5491.986713292838
4,9309.18235948984
