reservoir,value
1,124764.98310474884
2,0.0
3,14942.400105148758
4,12744.9
