reservoir,value
1,52760.755891181674
2,9307.361949387003
3,15622.740385453539
4,22794.518186897283
