reservoir,value
1,144682.15737612642
2,0.0
3,22775.56299390755
4,12744.9
