reservoir,value
1,35382.26438941212
2,12465.888127590413
3,3738.92884410914
4,2174.6907705671206
