reservoir,value
1,103436.89474405299
2,4883.434226579719
3,24396.456636178424
4,5654.753440740264
