reservoir,value
1,19386.64016100023
2,10894.747960591769
3,4013.190099877206
4,2425.7576098323957
