reservoir,value
1,82135.87123432888
2,0.0
3,18926.99643313323
4,4415.3001357494595
