reservoir,value
1,15812.663533002022
2,9110.200218164551
3,4772.14019068699
4,1781.1863456778337
