reservoir,value
1,10510.715758131635
2,0.0
3,18787.570004346362
4,3918.430763774106
