reservoir,value
1,25023.760188898796
2,5420.790302465789
3,6112.871677055132
4,6388.0344623439905
