reservoir,value
1,90384.20065494184
2,11956.49030246579
3,25836.812905950348
4,12744.9
