reservoir,value
1,23185.07085238869
2,6120.499769670951
3,6514.661806667424
4,3307.053059868644
