reservoir,value
1,89714.48750370313
2,0.0
3,47065.57432988395
4,8422.053059868644
