reservoir,value
1,76228.69897347363
2,3781.5727164136038
3,19851.694256599523
4,19797.333481934027
