reservoir,value
1,133398.75061880366
2,0.0
3,23705.348156568627
4,12167.433481934027
