reservoir,value
1,25544.602126839745
2,7071.304065429376
3,4076.424463116204
4,3002.613519181944
