reservoir,value
1,72036.37685033045
2,0.0
3,36394.68852010005
4,7933.280181908921
