reservoir,value
1,18534.075113582363
2,10233.24102183203
3,3337.344315481656
4,1972.4573242698566
