reservoir,value
1,31374.61812996536
2,120.64549443053637
3,8350.004033671541
4,8332.245633823159
