reservoir,value
1,16813.986269388817
2,3928.3165229577144
3,7026.868739323698
4,2889.4069850224814
