reservoir,value
1,75984.96986077589
2,0.0
3,48932.068739323695
4,10346.605360836918
