reservoir,value
1,68388.95046752422
2,5663.660947423612
3,32732.79122614175
4,19294.8619480939
