reservoir,value
1,0.0
2,0.0
3,5910.556645377377
4,20942.10444097848
