reservoir,value
1,98703.51130423174
2,5511.43164184087
3,51806.1
4,0.0
