reservoir,value
1,34612.21933587611
2,18000.66101461588
3,3542.904440992851
4,2366.5436642989657
