reservoir,value
1,7229.391376536565
2,19617.2
3,1084.5494101314205
4,1637.1380905997169
