reservoir,value
1,22780.869063302554
2,21817.150038450003
3,9320.721925281672
4,10498.358373753108
