reservoir,value
1,33413.960160128394
2,19617.2
3,42313.889911858445
4,6071.805036678562
