reservoir,value
1,49670.56254023616
2,9490.125401157617
3,8025.94360029152
4,14772.502410732555
