reservoir,value
1,83902.99242767051
2,0.0
3,17929.493681415897
4,12744.9
