reservoir,value
1,30772.472734521012
2,6559.007722827293
3,6661.879932860317
4,7356.174835867431
