reservoir,value
1,40765.121047726716
2,9224.528062193474
3,0.0
4,0.0
