reservoir,value
1,71513.93623521151
2,4892.456314504186
3,28919.956032472215
4,22605.67376412126
