reservoir,value
1,148720.8539717241
2,6440.541549682239
3,25323.54656775838
4,12744.9
