reservoir,value
1,55623.743603207506
2,6452.406274396051
3,13248.509923843048
4,16819.55075899968
