reservoir,value
1,87755.1713764198
2,0.0
3,29338.67397875315
4,3205.1910321905893
