reservoir,value
1,37717.79507459539
2,5316.754907764478
3,6334.249431097782
4,6898.167495042059
