reservoir,value
1,162217.00608612422
2,0.0
3,48239.449431097775
4,12744.9
