reservoir,value
1,45335.69387430069
2,6748.4481733708935
3,9285.142652089055
4,12835.203599047183
