reservoir,value
1,115134.49127638614
2,2121.9588006899894
3,20994.554849978485
4,12251.380813374095
