reservoir,value
1,65828.22858072011
2,14504.89297149064
3,12345.031376822339
4,12080.112453452206
