reservoir,value
1,112447.81919747501
2,19617.2
3,7365.731376822123
4,4450.212453452206
