reservoir,value
1,39802.318093807524
2,22444.805431737273
3,11922.69697901566
4,11869.494850285977
