reservoir,value
1,91532.42114287653
2,19617.2
3,29214.021872784153
4,11625.159617102228
