reservoir,value
1,17684.5397182596
2,6423.233132434838
3,3136.93924918189
4,1584.0872586241007
