reservoir,value
1,10031.639976079921
2,0.0
3,2529.879432559698
4,2636.5147817544594
