reservoir,value
1,33240.16014618172
2,14573.439836529833
3,5152.511814977323
4,5109.94498266934
