reservoir,value
1,54356.85035381932
2,19617.2
3,0.0
4,993.4882847904676
