reservoir,value
1,52191.47503026397
2,5650.844793510787
3,8475.626460848162
4,5631.142836822441
