reservoir,value
1,107479.53169117072
2,0.0
3,3536.4692976710567
4,0.0
