from,to,value
1,1,0.0
1,2,3092.74
1,3,0.0
1,4,0.0
1,5,227.77123125743668
2,1,0.0
2,2,0.0
2,3,0.0
2,4,0.0
2,5,0.0
3,1,0.0
3,2,0.0
3,3,0.0
3,4,0.0
3,5,460.5999999999768
4,1,0.0
4,2,0.0
4,3,0.0
4,4,0.0
4,5,0.0
5,1,0.0
5,2,0.0
5,3,0.0
5,4,688.3712312571245
5,5,0.0
