reservoir,value
1,29583.065042577397
2,24783.053650478807
3,4816.314763911509
4,3324.130506864775
