reservoir,value
1,103109.48523181606
2,19617.2
3,32700.02568198332
4,1674.456865806072
