reservoir,value
1,30276.88362773158
2,6988.95477286682
3,13798.833046918488
4,13739.217766497623
