reservoir,value
1,65104.038400598394
2,0.0
3,17370.633046918483
4,11380.817766490964
