reservoir,value
1,36151.18889393438
2,8411.957422691576
3,8093.971008354266
4,5529.606470627476
