reservoir,value
1,65117.91649542498
2,3982.6598500502596
3,10796.15495239617
4,10917.612318644606
