reservoir,value
1,95473.27634548591
2,0.0
3,13754.45495239617
4,8559.212318651076
