reservoir,value
1,29530.4428709522
2,14053.250248356733
3,6134.031587459839
4,6014.338055974163
