reservoir,value
1,88676.72049061228
2,971.7502483567332
3,28895.389125573
4,12744.9
