reservoir,value
1,85534.35561892478
2,3775.599578474048
3,11346.774630516145
4,8790.17125590082
