reservoir,value
1,105521.83258944095
2,3993.1041663345623
3,1445.8746305165082
4,1160.2712559008196
