from,to,value
1,1,0.0
1,2,0.0
1,3,0.0
1,4,0.0
1,5,0.0
2,1,2541.7028912299975
2,2,0.0
2,3,0.0
2,4,0.0
2,5,0.0
3,1,159.98882508306338
3,2,0.0
3,3,0.0
3,4,0.0
3,5,1626.3500000000047
4,1,0.0
4,2,0.0
4,3,0.0
4,4,0.0
4,5,0.0
5,1,0.0
5,2,0.0
5,3,0.0
5,4,1626.3499999999985
5,5,0.0
