reservoir,value
1,11479.383609461356
2,4416.997108770012
3,3495.7786588172353
4,4275.407605162364
