reservoir,value
1,60146.75326218728
2,0.0
3,0.0
4,9390.407605162363
