reservoir,value
1,14299.381481819708
2,3556.5588674343744
3,2923.157784119719
4,2012.1192396830825
