reservoir,value
1,74512.26370742764
2,0.0
3,8265.52291076664
4,4599.4871548650535
