reservoir,value
1,62142.64759052011
2,4625.973929993746
3,18117.699777949514
4,9309.273968234482
