reservoir,value
1,53246.080324796734
2,11639.428773563526
3,12308.842611742406
4,1679.3739682344822
