reservoir,value
1,25817.370762596252
2,6875.459862711477
3,8423.949027203114
4,3326.8040302572335
