reservoir,value
1,2557.307612654018
2,822.6159081405671
3,4170.028481774913
4,196.57343816593175
