reservoir,value
1,30292.461956166913
2,13643.490323318158
3,3872.687037850803
4,5044.141279034337
