reservoir,value
1,84719.87128941213
2,561.9903233181576
3,11901.706573530204
4,11501.041279034336
