reservoir,value
1,50870.001711829726
2,9055.773524487959
3,11416.741154939204
4,11698.287062733289
