reservoir,value
1,85081.17123908954
2,1849.1735244879583
3,14610.541154939521
4,9339.887062732865
