reservoir,value
1,26693.95646533535
2,4882.738244572394
3,15357.562738973047
4,7860.05739382969
