reservoir,value
1,27421.867732861152
2,19617.2
3,5456.662738973047
4,230.1573938296906
