reservoir,value
1,18964.25245075327
2,5548.294680068297
3,2718.865222665322
4,1596.6274523334446
