reservoir,value
1,28154.254134683644
2,2054.5309645369034
3,10085.575874315722
4,8351.800865835798
