reservoir,value
1,14688.833032723805
2,6007.471081439095
3,2973.0829011827395
4,2006.5691559651143
