reservoir,value
1,0.0
2,9076.847321244319
3,13438.440903764369
4,336.8491767044293
