reservoir,value
1,66604.49375538886
2,2821.666321408151
3,11271.623108732249
4,9702.877938552303
