reservoir,value
1,53276.47673515573
2,1887.6663214101093
3,4831.159024384138
4,2072.9779385523034
