reservoir,value
1,67377.24526932363
2,4172.180853268959
3,12203.151903990813
4,20808.9271041702
