reservoir,value
1,91532.48054728471
2,7827.77571082528
3,14648.736645904108
4,12744.9
