reservoir,value
1,36554.46568999036
2,7054.61685153575
3,6404.917919213975
4,15899.043806051433
