reservoir,value
1,130375.29088872207
2,0.0
3,18162.501813605453
4,12744.9
