reservoir,value
1,58972.33961819357
2,6955.519762162913
3,12909.681733715433
4,15405.00857617092
