reservoir,value
1,118657.7970444484
2,0.0
3,19431.401895215087
4,10538.575236516594
