reservoir,value
1,35374.91659051464
2,19635.77257653223
3,13737.90551244637
4,9836.275246288416
