reservoir,value
1,111909.92612180141
2,19617.2
3,22624.717049174884
4,3030.09947166406
