reservoir,value
1,28740.155985482837
2,2743.725320110052
3,7326.6976931847275
4,7238.323387608787
